UML_ID,Mill_Name,Group_Name,Group,Parent_Com,Parent Company,Comments,RSPO_Statu,RSPO_Type,Date,Latitude,Longitude,ISO,Country,Province,District,Confidence,Alternativ,Type,Alt Names
MH610,Buluan Palm Oil Mill,UNKNOWN,Agumil Philippines,"Agumil Philippines, Inc.",Agumil Philippines,,,,2021/09/29 00:00:00+00,6.855576,124.842604,PHL,Phillipines,,,,,,
MH830,Dabou,UNKNOWN,,Societe Palmindustrie,,,,,2021/09/29 00:00:00+00,5.371019,-4.465764,CIV,Côte d'Ivoire,,,,,,PALMAFFIQUE DABOU
MH1099,FELCRA PROCESSING,Felcra,Felcra,KESEDAR,FELCRA Processing & Engineering,,,,2021/09/29 00:00:00+00,4.102494,101.320600,MYS,Malaysia,,,,,,
MH3762,SAWIT PRIMA NUSANTARA,UNKNOWN,Teladan,TELADAN PRIMA GROUP,,,,,2021/09/29 00:00:00+00,1.102000,117.808000,IDN,Indonesia,,,,,,
MH4373,SUNGAI LEKO,TEGUHKARSA WANALESTARI,Teguhkarsa Wanalestari,TEGUHKARSA WANALESTARI,,,,,2021/09/29 00:00:00+00,0.849895,101.393800,IDN,Indonesia,,,,,,
MH15319,UNKNOWN,UNKNOWN,,UNKNOWN,,,,,,0.836976,99.022568,IDN,Indonesia,,,,,,
MH16004,Mitra Andalan Sumatera,,PTPN III,Era Sawita,,,,,,3.68868000,98.5963100,,Indonesia,,,,,Crusher,
MH16009,Plot 8545 mill,,,,,,,,,6.67511390,-73.9296475,,Colombia,,,,,,
MH16010,PT Citra Permata Serundung,,,,,,,,,-0.826291980,111.450175,,Indonesia,,,,,,
MH16019,PLANT de Ngombe-Mombangi,,,,,,,,,2.39464114,20.5099736,,Democratic Republic of the Congo,,,,,,
MH16030,Serdang Jaya Perdana,Mr. Sian,,PT Serdang Jaya Perdana,,,,,,3.69175200,98.5092640,,,,,,,,
MH16032,Graha Sawit Makmur,Mr. Mikhael,,Graha Sawit Makmur,,,,,,3.55205800,99.0178670,,,,,,,,
MH16042,SINAR TAYAN INTI MULYA,Unknown,SINAR JAYA AGRO INVESTAMA (SJAI),Unknown,,,,,,-0.0346852000,110.101045,,Indonesia,,,,,,
MH16049,Palm Sassandra,Unknown,,Unknown,,,,,,4.98870800,-6.12629100,,,,,,,,
MH17004,PT Borneo Citra Persada Mandiri (BCPM),,Borneo Agri / Sulaidy,PT Borneo Citra Persada Mandiri (BCPM),,,,,,-0.6840574020274369,115.78836923862883,IDN,Indonesia,Kalimantan Timur,Kutai Barat,,,,
MH17005,Palmafrique Yassap,,Palmafrique,,,,,,,5.395430227608448,-4.444210064393291,CIV,Côte d'Ivoire,Yassap,HUILERIE DABOU,,,,
MH17010,"SATUN PALM OIL INDUSTRY CO.,LTD.",,Satun Palm Oil Industry,,Satun Palm Oil Industry,,,,,6.852127,99.876123,THA,Thailand,Satun,La-ngu,,,,
MH17011,"PALMTONGKUM CO., LTD.","PALMTONGKUM CO., LTD.",,"PALMTONGKUM CO., LTD.",,,,,,8.536188,99.229920,THA,Thailand,SURAT THANI,PHRASAENG,,,,
MH17012,Pangkoh Palm Oil Mill,,CITRA BORNEO INDAH (CBI),PT Borneo Sawit Gemilang,,,,,,-3.024112464902024,114.13183848722576,IDN,Indonesia,Kalimantan Tengah,Kotawaringin Barat,,,,
MH17013,SELUMA SAWIT LESTARI,SINAR JAYA AGRO INVESTAMA,SINAR JAYA AGRO INVESTAMA (SJAI),SINAR JAYA AGRO INVESTAMA,,,Not RSPO Certified,,,-3.9508847426147287,102.44128636886053,IDN,Indonesia,Bengkulu,Seluma,,,,
PO1000000017,AGROPALMA/CPA,AGROPALMA,AGROPALMA,AGROPALMA,AGROPALMA,,Not RSPO Certified,,2019-10-31,-2.25353900000,-48.58567000000,BRA,Brazil,Pará,Acará,1-Fully Verified,,,"CPA,,,CPA / PALMARES,AGROPALMA GROUP,AGROPALMA GROUP - CPA MILL"
PO1000000019,SEDENAK,KULIM (MALAYSIA) BERHAD,Kulim (Malaysia),EPA MANAGEMENT SDN BHD,,,RSPO Certified,"RSPO Certified, MB",2019-10-31,1.73086000000,103.53832000000,MYS,Malaysia,Johor,Kulaijaya,1-Fully Verified,,,"JOHOR CORPORATION,SEDENAK KELAPA SAWIT SEDENAK,SEDENAK PALM OIL MILL,,,,,,,,,,,,,,,,,,,,EPA MANAGEMENT SDN BHD (SEDENAK) / KILANG KELAPA
SAWIT SEDENAK,,,EPA MANAGEMENT SDN BHD (SEDENAK PALM OIL MILL),KILANG KELAPA SAWIT SEDENAK,KILANG KELAPA SAWIT SEDENAK,KULIM (MALAYSIA) BERHAD - SEDENAK PALM OIL MILL,KULIM (MALAYSIA) BERHAD - SEDENAK PALM OIL MILL,MAHAMURNI (SEDENAK POM),MAHAMURNI PLANTATIONS
(SEDENAK),KWALAINTAN SAWITSELATAN MILL,SEDENAK POM,MAHAMURNI PLANTATION SDN BHD (SEDENAK PALM OIL MILL),MAHAMURNI PLANTATION SDN BHD (SEDENAK PALM OIL MILL),,,KULIM (MALAYSIA)
BERHAD - SEDENAK PALM
OIL MILL"
PO1000000020,MOSA,NBPOL,NBPOL,NEW BRITAIN PALM OIL,NBPOL,,RSPO Certified,"RSPO Certified, IP",2019-10-31,-5.62250000000,150.23735000000,PNG,Papua New Guinea,West New Britain,Talasea,1-Fully Verified,,,",,,,,,,MOSA MILL,MOSA*,NEW BRITAIN PALM OIL LIMITED,NEW BRITAIN PALM OIL LIMITED,NEW BRITAIN PALM OIL LIMITED,MASS,MOSA "
PO1000000021,BUATAN I,ROYAL GOLDEN EAGLE,Royal Golden Eagle (RGE),INTI INDOSAWIT SUBUR,,,RSPO Certified,"RSPO Certified, MB",2019-10-31,0.43444000000,101.82500000000,IDN,Indonesia,Riau,Siak,2-High Confidence,,,"PKS BUATAN I,,PT INTI INDOSAWIT SUBUR BUATAN I,INTI INDOSAWIT SUBUR (PKS BUATAN I),INTI INDOSAWIT SUBUR,,,,,BUATAN 1,ASIAN AGRI,BUATAN I MILL,INTI INDOSAWIT SUBUR (BUATAN I),PULAI POM,BUATAN I (PBS)"
PO1000000052,PAMOL SABAH,IOI CORPORATION,IOI,PAMOL ESTATES (SABAH) SDN BHD,,,RSPO Certified,"RSPO Certified, IP",2019-10-31,6.00243000000,117.39839000000,MYS,Malaysia,Sabah,Beluran,1-Fully Verified,,,"PAMOL SABAH POM,,PAMOL,PAMOL OIL MILL,,,,,,,,,,,,,,PAMOL ESTATES (SABAH) SDN. BHD.,PAMOL ESTATES (SABAH) SDN. BHD.,IOI CORPORATION BHD,IOI CORPORATION BHD,IOI CORPORATION BHD,PAMOL ESTATES (SABAH) SDN BHD - PAMOL SABAH PALM OIL MILL,PAMOL ESTATES (SABAH) SDN BHD - PAMOL SABAH PALM OIL MILL,PAMOL SABAH PALM OIL MILL,PAMOL SABAH PALM OIL MILL,,,PAMOL 0IL MILL,PAMOL ESTATE - PAMOL SABAH POM,PAMOL (SABAH)"
PO1000000053,HARGY MILL,SIPEF,SIPEF,HARGY OIL PALM LIMITED,Hargy Oil Palms,,RSPO Certified,"RSPO Certified, IP",2019-10-31,-5.31111000000,151.01097000000,PNG,Papua New Guinea,West New Britain,Talasea,1-Fully Verified,,,"HARGY,,,,,,,,,HARGY MILL*,SIPEF,HARGY PALM OIL MILL - SIPEF,HARGY PALM OIL MILL"
PO1000000054,BATANG KULIM,MUSIM MAS,Musim Mas,MUSIM MAS,Musim Mas,,RSPO Certified,"RSPO Certified, IP",2019-10-31,0.07704000000,102.03084000000,IDN,Indonesia,Riau,Pelalawan,1-Fully Verified,,,"MUSIM MAS-BATANG KULIM,PT MUSIM MAS PABRIK KELAPA SAWIT BATANG KULIM,,,,,,,,,,,,,,PT INDOMAKMUR SAWIT BERJAYA (PASIR PANG,MUSIM MAS,MUSIM MAS,BATANG KULIM PALM OIL MILL"
PO1000000058,SUNGAI LILIN,CARGILL,Cargill,HINDOLI,Hindoli,,RSPO Certified,"RSPO Certified, IP",2019-10-31,-2.60810000000,104.12525000000,IDN,Indonesia,Sumatera Selatan,Musi Banyuasin,2-High Confidence,,,"HINDOLI (SUNGAI LILIN),,S.LILIN,HINDOLI SUNGAI LILIN,SUNGAI LILIN (HINDOLI),,,,,,,,HINDOLI (PKS SEI LILIN),,,,S. LILIN,S. LILIN,CARGILL INCORPORATED,CARGILL INCORPORATED,HINDOLI (SUNGAI LILIN MILL),CARGILL,CARGILL-HINDOLI - SUNGAI LILIN,"
PO1000000063,BINUANG (SOU 28),SIME DARBY,Sime Darby Guthrie (SDGI),SIME DARBY PLANTATION BHD,Sime Darby Guthrie (SDGI),,RSPO Certified,"RSPO Certified, IP",2019-10-31,4.70446000000,118.06019000000,MYS,Malaysia,Sabah,Kunak,1-Fully Verified,,,"BINUANG,BINUANG OIL MILL,,BINUANG(SOU 28),BINUANG
PALM OIL MILL,,,,,,,,,,,,,,BINUANG POM,KILANG KELAPA SAWIT BINUANG,KILANG KELAPA SAWIT BINUANG,SIME DARBY PLANTATION (SABAH) SDN BHD,PAHANG,,,BINUANG OIL (SOU 28)"
PO1000000064,MEROTAI (SOU 30),SIME DARBY,Sime Darby Guthrie (SDGI),SIME DARBY PLANTATION BHD,Sime Darby Guthrie (SDGI),,RSPO Certified,"RSPO Certified, MB",2019-10-31,4.36935000000,117.83291000000,MYS,Malaysia,Sabah,Tawau,1-Fully Verified,,,"MEROTAI,,MEROTAI
PALM OIL MILL,,,,,,,,,,,,,KKS MEROTAI,,MEROTAI OIL MILL,,,,,,,SINAR SAWIT LESTARI MILL,,,MEROTAI (SOU 30) PALM OIL MILL,,"
PO1000000065,SANDAKAN BAY (SOU 26),SIME DARBY,Sime Darby Guthrie (SDGI),SIME DARBY PLANTATION BHD,Sime Darby Guthrie (SDGI),,RSPO Certified,"RSPO Certified, MB",2019-10-31,5.64136000000,118.16687000000,MYS,Malaysia,Sabah,Sandakan,1-Fully Verified,,,"SANDAKAN BAY,,SANDAKAN BAY(SOU26),SANDAKAN
BAY PALM OIL
MILL,SANDAKAN BAY POM,,,,,,,,,,,,,KKS SANDAKAN BAY,,,,,,,,SANDAKAN BAY PALM OIL MILL,,SANDAKAN BAY (SOU 26) PALM
OIL MILL,,"
PO1000000066,SABAHMAS,WILMAR,Wilmar,SABAHMAS PLANTATION SDN BHD,,,RSPO Certified,"RSPO Certified, MB",2019-10-31,5.17916000000,118.40525000000,MYS,Malaysia,Sabah,Lahad Datu,1-Fully Verified,,,"SABAHMAS PLANTATIONS,SABAHMAS PLANTATIONS SDN BHD,,SABAHMAS PLANTATION,SABAHMAS POM,,,,,,,,,,,,,,,,,KILANG KELAPA SAWIT SABAHMAS,KILANG KELAPA SAWIT SABAHMAS,SABAHMAS PLANTATIONS SDN BHD - PPB OIL PALMS BERHAD,SABAHAMAS PLANTATIONS,,"
PO1000000091,SAREMAS 1,WILMAR,Wilmar,SAREMAS SDN BHD,,,RSPO Certified,"RSPO Certified, MB",2019-10-31,3.52492000000,113.74441000000,MYS,Malaysia,Sarawak,Miri,1-Fully Verified,,,"SAREMAS MILL SDN BHD (MILL 1),,PPB OIL PALMS BERHAD - SAREMAS MILL 1,,,,,,,,SAREMAS MILL 1,SAREMAS SDN. BHD.,SAREMAS SDN. BHD.,SAREMAS POM I-PBB OIL PALMS BHD,PPB OIL PALMS BERHAD - SAREMAS MILL
1,,,,,,"
PO1000000092,AGROWIRATAMA,MUSIM MAS,Musim Mas,AGRO WIRATAMA,,,RSPO Certified,"RSPO Certified, IP",2019-10-31,0.19896000000,99.62659000000,IDN,Indonesia,Sumatera Barat,Pasaman Barat,1-Fully Verified,,,"AGROWIRATAMA (PASAMAN),,BUMI SAWINDO PERMAI,,PT AGROWIRATAMA,PT. AGROWIRATAMA,MUSIM MAS,MUSIM MAS,AGROWIRATAMA POM"
PO1000000093,SAREMAS 2,WILMAR,Wilmar,SAREMAS SDN BHD,,,RSPO Certified,"RSPO Certified, IP",2019-10-31,3.45045000000,113.76556000000,MYS,Malaysia,Sarawak,Miri,1-Fully Verified,,,"SAREMAS MILL SDN BHD (MILL 2),,PPB OIL PALMS BERHAD - SAREMAS MILL 2,,,,,SAREMAS MILL 2,KILANG KELAPA SAWIT SAREMAS II,KILANG KELAPA SAWIT SAREMAS II,PPB OIL PALMS BHD,SAREMAS POM II-PBB OIL PALMS BHD,PPB OIL PALMS BERHAD - SAREMAS MILL
2,,,,,,"
PO1000000094,GOMALI,IOI CORPORATION,IOI,IOI CORPORATION BERHAD,IOI,,RSPO Certified,"RSPO Certified, IP",2019-10-31,2.61183000000,102.67866000000,MYS,Malaysia,Johor,Segamat,1-Fully Verified,,,"GOMALI PALM OIL MILL,,,,,,,,,,,,,,,GOMALI POM,GOMALI PALM OIL MILL SDN BHD,KKS GOMALI,IOI GOMALI PALM OIL MILL,,,KILANG KELAPA SAWIT GOMALI,KILANG KELAPA SAWIT GOMALI,IOI CORPORATION BHD,IOI CORPORATION BHD,IOI CORPORATION BHD,DYNAMIC PLANTATIONS BHD - GOMALI PALM OIL MILL,DYNAMIC PLANTATIONS BHD - GOMALI PALM OIL MILL,BABULU MILL,,,,IOI GOMALI,,DYNAMIC PLANTATIONS BHD -
GOMALI PALM OIL MILL"
PO1000000095,BUKIT MARADJA,SIPEF,SIPEF,EASTERN SUMATERA INDONESIA,,,RSPO Certified,"RSPO Certified, IP",2019-10-31,3.01229000000,99.23557000000,IDN,Indonesia,Sumatera Utara,Simalungun,1-Fully Verified,,,"EASTERN SUMATRA INDONESIA (BUKIT MARADJA),,EASTERN SUMATRA INDONESIA,BUKIT MARADJA POM,,,,,,,,,,,,,,,,,MARADJA),SIPEF,BUKIT MARADJA PALM OIL MILL,EASTERN SUMATRA INDONESIA (BUKIT
MARADJA)"
PO1000000097,EAST (SOU 8),SIME DARBY,Sime Darby Guthrie (SDGI),SIME DARBY PLANTATION BHD,Sime Darby Guthrie (SDGI),,RSPO Certified,"RSPO Certified, IP",2019-10-31,2.88333000000,101.43614000000,MYS,Malaysia,Selangor,Kuala Langat,1-Fully Verified,,,"EAST,EAST OIL MILL,,EAST OIL MILL  SOU 8,SOU 8 EAST,EAST OIL MILL (SOU8),EAST PALM OIL MILL,,,,,TUNJUK LAUT POM,KKS EAST,,,,,,,SIME DARBY PLANTATION SDN BHD,SIME DARBY PLANTATION SDN BHD,EAST OIL MILL - SIME DARBY,EAST OIL MILL - SIME DARBY,EAST OIL MILL SIME DARBY,,,EAST 0IL MILL (S0U8),,,EAST (SOU 08)"
PO1000000098,TANAH MERAH (SOU 14),SIME DARBY,Sime Darby Guthrie (SDGI),SIME DARBY PLANTATION BHD,Sime Darby Guthrie (SDGI),,RSPO Certified,"RSPO Certified, IP",2019-10-31,2.65528000000,101.79278000000,MYS,Malaysia,Negeri Sembilan,Port Dickson,1-Fully Verified,,,"TANAH MERAH,KKS TANAH MERAH,,TANAH MERAH OIL MILL,TANAH MERAH(SOU14),KILANG KELAPA SAWIT TANAH MERAH,,,,,KILANG KELAPA SAWIT TANAH
MERAH,,,,,,,SIME DARBY PLANTATION SDN BHD,SIME DARBY PLANTATION SDN BHD,TANAH MERAH OIL MILL - SIME DARBY,TANAH MERAH OIL MILL - SIME DARBY,TANAH MERAH OIL MILL -SIME DARBY,,,TANAH MERAH(50U14)"
PO1000000099,PERLABIAN,SIPEF,SIPEF,TOLAN TIGA INDONESIA,,,RSPO Certified,"RSPO Certified, IP",2019-10-31,2.06138000000,100.08122000000,IDN,Indonesia,Sumatera Utara,Labuhanbatu Selatan,1-Fully Verified,,,"TOLAN TIGA INDONESIA,,PT TOLAN TIGA INDONESIA,TOLAN TIGA INDONESIA (PERLABIAN),,,,,,,,,,,,,,PT CITRA INDAH PERTIWI,PERLABIAN POM,SIPEF,PERLABIAN PALM OIL MILL,TOLAN TIGA INDONESIA / PERLABIAN,"
PO1000000101,SEGALIUD (SOU 25),SIME DARBY,Sime Darby Guthrie (SDGI),SIME DARBY PLANTATION BHD,Sime Darby Guthrie (SDGI),,Not RSPO Certified,,2019-10-31,5.72600000000,117.75457000000,MYS,Malaysia,Sabah,Sandakan,1-Fully Verified,,,SEGALIUD
PO1000000102,GUSAP,NBPOL,NBPOL,RAMU AGRI INDUSTRIES,,,RSPO Certified,"RSPO Certified, IP",2019-10-31,-6.07319000000,145.98458000000,PNG,Papua New Guinea,Morobe,Markham,1-Fully Verified,,,"GUSAP MILL,,,,,,,,,GUSAP MILL*,RAMU AGRI INDUSTRIES  PART OF NEW BRITAIN PALM OIL,RAMU AGRI INDUSTRIES  PART OF NEW BRITAIN PALM OIL,RAMU AGRI INDUSTRIES  PART OF NEW BRITAIN PALM OIL,RAMU AGRI-INDUSTRIES - GUSAP,RAMU AGRI INDUSTRIES (GUSAP MILL),RAMU AGRI - INDUSTRIES - GUSAP"
PO1000000103,WEST (SOU 9),SIME DARBY,Sime Darby Guthrie (SDGI),SIME DARBY PLANTATION BHD,Sime Darby Guthrie (SDGI),,RSPO Certified,"RSPO Certified, IP",2019-10-31,2.90500000000,101.36131000000,MYS,Malaysia,Selangor,Kuala Langat,2-High Confidence,,,"WEST,WEST OIL MILL,,WEST OIL MILL (SOU9),WEST PALM OIL MILL,,,,,KKS WEST,,,,,,,SIME DARBY PLANTATION SDN BHD,SIME DARBY PLANTATION SDN BHD,WEST OIL MILL - SIME DARBY,WEST OIL MILL - SIME DARBY,WEST OIL MILL - SIMEDARBY,LANGAT REFINERY,,,WEST OIL MILL (50U9),WEST (SOU 09),SIME DARBY
JOMALINA (NURI)"
PO1000000104,SUNGAI DINGIN (SOU 1),SIME DARBY,Sime Darby Guthrie (SDGI),SIME DARBY PLANTATION BHD,Sime Darby Guthrie (SDGI),,RSPO Certified,"RSPO Certified, MB",2019-10-31,5.39432000000,100.71117000000,MYS,Malaysia,Kedah,Kulim,1-Fully Verified,,,"SUNGAI DINGIN,SIME DARBY - SG DINGIN,KILANG KELAPA SAWIT SUNGAI DINGIN,,,,SUNGAI DINGIN PALM OIL MILL,KKG SUNGAI DINGIN,,,,,,KKS SUNGAI DINGIN,KKS SUNGAI DINGIN,,SUNGAI BURUNG POM,,,SUNGAI DINGIN 0IL MILL (S0U1),SUNGAI DINGIN OIL MILL -SIME DARBY,SUNGAI DINGIN (SOU 01)"
PO1000000105,NAVO MILL,SIPEF,SIPEF,HARGY OIL PALM LIMITED,Hargy Oil Palms,,RSPO Certified,"RSPO Certified, IP",2019-10-31,-5.09411000000,151.22449000000,PNG,Papua New Guinea,West New Britain,Talasea,1-Fully Verified,,,"NAVO,,,,,,,NAVO MILL*,NAVO PALM OIL MILL - SIPEF"
PO1000000106,SUKAJADI SAWIT MEKAR 1,MUSIM MAS,Musim Mas,SUKAJADI SAWIT MEKAR,,,RSPO Certified,"RSPO Certified, IP",2019-10-31,-2.38111000000,112.53972000000,IDN,Indonesia,Kalimantan Tengah,Kotawaringin Timur,1-Fully Verified,,,"AGROWIRATAMA SUKAJADI SAWIT MEKAR 1,,AGROWIRATAMA - PKS SUKAJADI SAWIT MEKAR 1,,,,,PT. SUKAJADI SAWIT MEKAR 1,MUSIM MAS,MUSIM MAS,AGROWIRATAMA
SUKAJADI SAWIT MEKAR
1,AGROWIRATAMA SUKAJADI
SAWIT MEKAR 1,AGROWIRATAMA SUKAJADI
SAWIT MEKAR 1,AGROWIRATAMA SUKAJADI
SAWIT MEKAR 1,AGROWIRATAMA SUKAJADI
SAWIT MEKAR 1,SUKAJADI SAWIT MEKAR
1,,,SSM 1"
PO1000000107,BUKIT AJONG,SIME DARBY,Sime Darby Guthrie (SDGI),SIME INDO AGRO,,,Not RSPO Certified,,2019-10-31,0.26894000000,110.48280000000,IDN,Indonesia,Kalimantan Barat,Sanggau,1-Fully Verified,,,"SIME INDO AGRO,SIME INDO AGRO (BUKIT AJONG),,SIME DARBY PLANTATION INDO AGRO,PRODUK SAWITINDO JAMBI-
PELABUHAN DAGANG,,PMKS BUKIT AJONG,BUKIT AJONG POM PT SIA"
PO1000000109,PAMOL KLUANG,IOI CORPORATION,IOI,IOI CORPORATION BERHAD,IOI,,RSPO Certified,"RSPO Certified, IP",2019-10-31,2.11045000000,103.39231000000,MYS,Malaysia,Johor,Keluang,1-Fully Verified,,,"PAMOL KLUANG POM,,PAMOL KLUANG PALM OIL MILL,PAMOL PLANTATION SDN BHD,,,,,,,,,,,,,,IOI PAMOL KLUANG OIL MILL,,,KILANG KELAPA SAWIT PAMOL,KILANG KELAPA SAWIT PAMOL,IOI CORPORATION BHD,IOI CORPORATION BHD,IOI CORPORATION BHD,PAMOL PLANTATIONS SDN BHD - PAMOL KLUANG PALM OIL MILL,PAMOL PLANTATIONS SDN BHD - PAMOL KLUANG PALM OIL MILL,IOI COMMODITY TRADING SDN BHD,PAMOL KLUANG PALM OIL MILL,GOMALI,PAMOL KLUNG POM,,,IOI PAMOL,,PAMOL KLUANG P0M,PAMOL PLANTATIONS SDN
BHD - PAMOL KLUANG PALM
OIL MILL,PAMOL KLUANG PALM OILMILL"
PO1000000110,SAKILAN,IOI CORPORATION,IOI,IOI CORPORATION BERHAD,IOI,,RSPO Certified,"RSPO Certified, IP",2019-10-31,5.83928000000,117.84370000000,MYS,Malaysia,Sabah,Sandakan,1-Fully Verified,,,"SAKILAN MILL,,KILANG KELAPA SAWIT SAKILAN,,,,,,,,,,,,,,SAKILAN PALM OIL MILL,IOI CORPORATION BHD,IOI CORPORATION BHD,HALUSAH LADANG SDN BHD - SAKILAN PALM OIL MILL,HALUSAH LADANG SDN BHD - SAKILAN PALM OIL MILL,,,HALUSAH LADANG - SAKILAN POM"
PO1000000114,YONG PENG (SOU 19A),SIME DARBY,Sime Darby Guthrie (SDGI),SIME DARBY PLANTATION BHD,Sime Darby Guthrie (SDGI),,Not RSPO Certified,,2019-10-31,2.05881000000,103.14839000000,MYS,Malaysia,Johor,Batu Pahat,2-High Confidence,,,"YONG PENG,YONG PENG OIL MILL (SOU19A),KILANG SAWIT YONG PENG,SIME DARBY PLANTATION SDN BHD,YONG PENG OIL MILL,REX POM"
PO1000000118,BATURONG,IOI CORPORATION,IOI,IOI CORPORATION BERHAD,IOI,,RSPO Certified,"RSPO Certified, IP",2019-10-31,4.75530000000,118.08860000000,MYS,Malaysia,Sabah,Kunak,2-High Confidence,,,"BATURONG PALM OIL MILL,,,,,,,,,,,,,,,KKS BATURONG,KKS BATURONG,IOI CORPORATION BHD,IOI CORPORATION BHD,MORISEM SDN BHD - BATURONG PALM OIL MILL,MORISEM SDN BHD - BATURONG PALM OIL MILL,BATURONG POM,,,BATURONG PALM 0IL MILL,MORISEM - BATURONG POM"
PO1000000120,BUKIT LEELAU,IOI CORPORATION,IOI,IOI CORPORATION BERHAD,IOI,,RSPO Certified,"RSPO Certified, IP",2019-10-31,3.30273000000,103.13789000000,MYS,Malaysia,Pahang,Pekan,1-Fully Verified,,,"BUKIT LEE LAU,BUKIT LEELAU MILL,,BUKIT LEELAU PALM OIL MILL,,,,,,,,,,,,,,BUKIT LEELAU POM,IOI CORPORATION BHD,IOI CORPORATION BHD,IOI CORPORATION BHD,PERUSAHAAN MEKASSAR (M) SDN BHD - BUKIT LEELAU PALM OIL MILL,PERUSAHAAN MEKASSAR (M) SDN BHD - BUKIT LEELAU PALM OIL MILL,,,LEE LAU,,,,PERUSAHAAN MEKASSAR
(M) SDN BHD - BUKIT
LEELAU PALM OIL MILL"
PO1000000122,MAYVIN,IOI CORPORATION,IOI,IOI CORPORATION BERHAD,IOI,,RSPO Certified,"RSPO Certified, IP",2019-10-31,5.55530000000,117.22644000000,MYS,Malaysia,Sabah,Beluran,1-Fully Verified,,,"MAYVIN GROUPING,,,,,,,,,,,,,,,MAYVIN P.O.M,MAYVIN P.O.M,IOI CORPORATION BHD,IOI CORPORATION BHD,MAYVIN PALM OIL MILL,BUMIHUTANI LESTARI POM,MAYVIN POM,,"
PO1000000123,EXTRACTORA TEQUENDAMA,DAABON GROUP,DAABON GROUP,C.I. TEQUENDAMA S.A.S.,,,RSPO Certified,"RSPO Certified, IP",2019-10-31,10.54855000000,-74.18129000000,COL,Colombia,Magdalena,Aracataca,1-Fully Verified,,,"C.I. TEQUENDAMA,,,,C.I. TEQUENDAMA S.A.S.,C.I. TEQUENDAMA S.A.S. (EXTRACTORA TEQUENDAMA),C.I. TEQUENDAMA S.A.S. (EXTRACTORA
TEQUENDAMA),C.I. TEQUENDAMA S.A.S - DAABON - EXTRACTORA TEQUE,C.I. TEQUENDAMA S.A.S - DAABON - EXTRACTORA TEQUENDAMA,EXTRACTORA TEQUENDAMA S.A.S.,EXTRACTORA
TEQUENDAMA,EXTRACTORA
TEQUENDAMA,EXTRACTORA
TEQUENDAMA,EXTRACTORA
TEQUENDAMA,EXTRACTORA
TEQUENDAMA,EXTRACTORA
TEQUENDAMA,EXTRACTORA
TEQUENDAMA,EXTRACTORA
TEQUENDAMA,EXTRACTORA
TEQUENDAMA,C.I. TEQUENDAMA S.A.S,ABDI BUDI MULIA 280"
PO1000000128,CAROTINO,JC CHANG (PTE) LTD,JC CHANG,CAROTINO SDN BHD,,,RSPO Certified,"RSPO Certified, IP",2019-10-31,3.81663000000,102.81821000000,MYS,Malaysia,Pahang,Kuantan,1-Fully Verified,,,"CAROTINO PALM OIL MILL,CAROTINO SDN BHD,,CAROTINO/ JC CHANG GROUP,CAROTINO SDN BHD (OIL FROM CAROTINO OIL MILL),CAROTINO SDN.BHD.,CAROTINO POM,,,,,,,,,,KKS CAROTINO SDN. BHD.,KKS CAROTINO SDN. BHD.,JC CHANG GROUP,JC CHANG GROUP,JC CHANG GROUP,CAROTINO OIL MILL SDN BHD,KAMPARINDO AGRO INDUSTRI MILL,,,,,CAROTINO SDNBHD,,"
PO1000000130,TERUSAN,WILMAR,Wilmar,SAPI PLANTATION SDN BHD,,,RSPO Certified,"RSPO Certified, MB",2019-10-31,5.83151000000,117.34046000000,MYS,Malaysia,Sabah,Beluran,1-Fully Verified,,,"SAPI PLANTATION (TERUSAN),SAPI PLANTATION SDN BHD (TERUSAN,PPB OIL PALMS BERHAD - SAPI PLANTATION TERUSAN MILL,SAPI PLANTATION SDN BHD (TERUSAN MILL),,,,,,,TERUSAN MILL,KILANG KELAPA SAWIT TERUSAN,KILANG KELAPA SAWIT TERUSAN,TERUSAN PALM OIL MILL,TERUSAN PALM OIL MILL,,,SAPI PLANTATION SDN BHD (TERUSAN
MILL),,,,SAPI PLANTATION SDN BHD (TERUSANMILL),TENGGAROH POM,,,,,,,,,,,"
PO1000000131,TERERE,NBPOL,NBPOL,GUADALCANAL PLAINS PALM OIL LTD,,,RSPO Certified,"RSPO Certified, IP",2019-10-31,-9.44270000000,160.21870000000,SLB,Solomon Islands,Guadalcanal,East Ghaobata,1-Fully Verified,,,"TETERE,,,TETERE*,GUADALCANAL PLAINS PALM OIL LTD, PART OF NBPOL GROUP,GUADALCANAL PLAINS PALM OIL LTD, PART OF NBPOL GROUP,GUADALCANAL PLAINS PALM OIL LTD, PART OF NBPOL GROUP,TETERE MILL,GUADALCANAL PLAINS PALM OIL LTD, PART OF NBPOL GROUP,GUADALCANAL PLAINS PALM OIL LTD, PART OF NBPOL GROUP,GUADALCANAL PLAINS PALM OIL LTD PART OF NBPOL GROUP,GUADALCANAL PLAINS OIL LTD - TETERE,ABDI BUDI MULIA 1214"
PO1000000134,SUKAJADI SAWIT MEKAR 2,MUSIM MAS,Musim Mas,SUKAJADI SAWIT MEKAR,,,RSPO Certified,"RSPO Certified, IP",2019-10-31,-2.37025000000,112.60261000000,IDN,Indonesia,Kalimantan Tengah,Kotawaringin Timur,1-Fully Verified,,,"AGROWIRATAMA SUKAJADI SAWIT MEKAR 2,,AGROWIRATAMA - PKS SUKAJADI SAWIT MEKAR 2,,,,,PT. SUKAJADI SAWIT MEKAR 2,MUSIM MAS,MUSIM MAS,SUKAJADI SAWIT MEKAR 2 PALM OIL MILL,SAWIT MULIA,AGROWIRATAMA
SUKAJADI SAWIT MEKAR
2,AGROWIRATAMA SUKAJADI
SAWIT MEKAR 2,AGROWIRATAMA SUKAJADI
SAWIT MEKAR 2,AGROWIRATAMA SUKAJADI
SAWIT MEKAR 2,AGROWIRATAMA SUKAJADI
SAWIT MEKAR 2,AGROWIRATAMA SUKAJADI
SAWIT MEKAR 2,SUKAJADI SAWIT MEKAR
2,SUKAJADI SAWIT MEKAR 2 POM,,,SSM 2"
PO1000000137,SAPI,WILMAR,Wilmar,SAPI PLANTATION SDN BHD,,,RSPO Certified,"RSPO Certified, MB",2019-10-31,5.73352000000,117.38740000000,MYS,Malaysia,Sabah,Beluran,1-Fully Verified,,,"SAPI PLANTATION,SAPI PLANTATION SDN BHD,PPB OIL PALMS BERHAD - SAPI PLANTATION,,,,,,,SAPI POM,SAPI PALM OIL MILL,SAPI PALM OIL MILL,,,,,,,,,,,,,,,,,"
PO1000000139,REKA HALUS,WILMAR,Wilmar,REKA HALUS SDN BHD,,,RSPO Certified,"RSPO Certified, MB",2019-10-31,5.76671000000,117.46374000000,MYS,Malaysia,Sabah,Beluran,1-Fully Verified,Reka Halus,,"REKAHALUS,REKAHALUS SDN BHD,PPB OIL PALMS BERHAD - REKA HALUS,,,,,REKA HALUS SDN BHD,,,K.K.S. REKA HALUS,K.K.S. REKA HALUS,REKA HALUS PALM OIL MILL,,,,,,,,,,,,,,,,,"
PO1000000143,PERDANA,REA HOLDINGS,R.E.A. Holdings,REA KALTIM,,,RSPO Certified,"RSPO Certified, MB",2019-10-31,0.25854000000,116.14992000000,IDN,Indonesia,Kalimantan Timur,Kutai Kartanegara,1-Fully Verified,,,"REA KALTIM PLANTATIONS I,PERDANA OIL MILL,,PERDANA PALM OIL MILL,REA KALTIM PLANTATION PERDANA,,PERDANA OIL MILL  (POM),PERDANA OIL MILL (POM),,,,REA KALTIM - PERDANA"
PO1000000144,MUSTIKA SEMBULUH 1,WILMAR,Wilmar,MUSTIKA SEMBULUH,,,RSPO Certified,"RSPO Certified, MB",2019-10-31,-2.59050000000,112.51128000000,IDN,Indonesia,Kalimantan Tengah,Kotawaringin Timur,1-Fully Verified,,,",,,,,,KERRY SAWIT INDONESIA 1,MUSTIKA SEMBULUH,,,,,,,ABDI BUDI MULIA 683"
PO1000000146,KERRY SAWIT INDONESIA 1,WILMAR,Wilmar,KERRY SAWIT INDONESIA,,,RSPO Certified,"RSPO Certified, MB",2019-10-31,-2.78463000000,112.50953000000,IDN,Indonesia,Kalimantan Tengah,Seruyan,1-Fully Verified,,,",,PT. KERRY SAWIT INDONESIA,PT. KERRY SAWIT INDONESIA,PT. KERRY SAWIT INDONESIA,,,,,KERRY SAWIT INDONESIA,,,,,,,ABDI BUDI MULIA 483"
PO1000000148,UKUI I,ROYAL GOLDEN EAGLE,Royal Golden Eagle (RGE),INTI INDOSAWIT SUBUR,,,RSPO Certified,"RSPO Certified, MB",2019-10-31,-0.22320000000,102.09500000000,IDN,Indonesia,Riau,Pelalawan,1-Fully Verified,,,"PKS UKUI I,,PT INTI INDOSAWIT SUBUR UKUI I,INTI INDOSAWIT SUBUR (PKS UKUI I),INTI INDOSAWIT SUBUR,,,,,,,,ASIAN AGRI,UKUI I MILL,INTI INDOSAWIT SUBUR (UKUI I),UKUI,UKUI I (PUS)"
PO1000000155,BUKIT KERAYONG (SOU 7),SIME DARBY,Sime Darby Guthrie (SDGI),SIME DARBY PLANTATION BHD,Sime Darby Guthrie (SDGI),,RSPO Certified,"RSPO Certified, MB",2019-10-31,3.18686000000,101.37489000000,MYS,Malaysia,Selangor,Kuala Selangor,2-High Confidence,,,"BUKIT KERAYONG,BUKIT KERAYONG PALM OIL MILL,,BUKIT KERAYONG OIL MILL (SOU7),KILANG KELAPA SAWIT BUKIT KERAYONG,,,,,BUKIT KERAYONG OIL MILL,KILANG KELAPA SAWIT BUKIT
KERAYONG,KKS BUKIT KERAYONG,,,,,,,SIME DARBY PLANTATION SDN BHD,BUKIT KERAYONG (SOU
7),,,BUKIT KERAYONG (SOU 07)"
PO1000000156,JABOR (SOU 12),SIME DARBY,Sime Darby Guthrie (SDGI),SIME DARBY PLANTATION BHD,Sime Darby Guthrie (SDGI),,RSPO Certified,"RSPO Certified, MB",2019-10-31,3.96083000000,103.30889000000,MYS,Malaysia,Trengganu,Kemaman,1-Fully Verified,,,"JABOR,JABOR OIL MILL,KILANG KELAPA SAWIT JABOR (SOU 12),SIME DARBY - JABOR,KILANG KELAPA SAWIT JABOR,JABOR PALM OIL MILL,,,,,,,KKS JABOR,TETANGGA AKRAB POM 1,,,JABOR 0IL MILL(S0U12),,"
PO1000000157,TENNAMARAM (SOU 6),SIME DARBY,Sime Darby Guthrie (SDGI),SIME DARBY PLANTATION BHD,Sime Darby Guthrie (SDGI),,RSPO Certified,"RSPO Certified, IP",2019-10-31,3.39564000000,101.41761000000,MYS,Malaysia,Selangor,Kuala Selangor,1-Fully Verified,,,"TENNAMARAM,KKS TENNAMARAM,,TENNAMARAM(SOU6),TENNAMARAM PALM OIL MILL,,,,,,,,,,,SIME DARBY PLANTATION SDN BHD,SIME DARBY PLANTATION SDN BHD,TENNAMARAM OIL MILL,TENNAMARAM OIL MILL,SIMA AGUNG PRIMA SAWIT,,,TENNAMARAM(SOU,TENNAMARAM (SOU 06)"
PO1000000169,RIBUBONUS,WILMAR,Wilmar,SABAHMAS PLANTATION SDN BHD,,,RSPO Certified,"RSPO Certified, MB",2019-10-31,5.68686000000,117.09226000000,MYS,Malaysia,Sabah,Beluran,1-Fully Verified,,,"SABAHMAS PLANTATION (RIBUBONUS),SABAHMAS PLANTATION SDN BHD,SABAHMAS PLANTATION - RIBUBONUS,SABAHMAS PLANTATION SDN BHD (RIBUBONUS),,,,,,,SABAHMAS PLANTATION SDN BHD
(RIBUBONUS),RIBUBONUS PALM OIL MILL,RIBUBONUS PALM OIL MILL,,,,,,SABAHMAS PLANTATION SDN BHD(RIBUBONUS),JERAGAN BISTARI POM,,,,,,,,,,,,"
PO1000000170,MAJU ANEKA SAWIT,MUSIM MAS,Musim Mas,MAJU ANEKA SAWIT,,,RSPO Certified,"RSPO Certified, IP",2019-10-31,-2.47817000000,112.64761000000,IDN,Indonesia,Kalimantan Tengah,Kotawaringin Timur,1-Fully Verified,,,"AGROWIRATAMA - PKS MAJU ANEKA SAWIT & GAP,PT MAJU ANEKA SAWIT,,,,,PT. MAJU ANEKA SAWIT,ICOF,ICOF,MAJU ANEKA SAWIT PALM OIL MILL,,"
PO1000000180,BERKAT SAWIT SEJATI,MUSIM MAS,Musim Mas,BERKAT SAWIT SEJATI,,,RSPO Certified,"RSPO Certified, IP",2019-10-31,-2.31928000000,103.71164000000,IDN,Indonesia,Sumatera Selatan,Musi Banyuasin,1-Fully Verified,,Crusher,"PT. BERKAT SAWIT SEJATI,MUSIM MAS,,,"
PO1000000182,GIRAM (SOU 29),SIME DARBY,Sime Darby Guthrie (SDGI),SIME DARBY PLANTATION BHD,Sime Darby Guthrie (SDGI),,RSPO Certified,"RSPO Certified, MB",2019-10-31,4.58679000000,118.19391000000,MYS,Malaysia,Sabah,Tawau,1-Fully Verified,,,"GIRAM,GIRAM OIL MILL,,GIRAM PALM
OIL MILL,,,KKS GIRAM,,,GIRAM POM,KILANG KELAPA SAWIT GIRAM,KILANG KELAPA SAWIT GIRAM,SIME DARBY PLANTATION (SABAH) SDN BHD,SAWITA PASAMAN JAYA MILL,,,"
PO1000000183,GUNUNG MAS (SOU 21),SIME DARBY,Sime Darby Guthrie (SDGI),SIME DARBY PLANTATION BHD,Sime Darby Guthrie (SDGI),,RSPO Certified,"RSPO Certified, IP",2019-10-31,2.24354000000,103.13794000000,MYS,Malaysia,Johor,Segamat,1-Fully Verified,,,"GUNUNG MAS,GUNUNG MAS POM,,GUNUNG MAS OIL MILL  SOU 21,GUNUNG MAS (SOU21),,,,,GUNUNG MAS OIL MILL,GUNUNG MAS PALM OIL MILL,GUNUNG MAS PALM OIL,,,,,,,SIME DARBY PLANTATION SDN BHD,SIME DARBY PLANTATION SDN BHD,GUNUNG MAS OIL MILL - SIME DARBY,GUNUNG MAS OIL MILL - SIME DARBY,SIME DARBY-GUNUNG MAS PALM OIL
MILL,,,,GUNUNG MAS (S0U21),GUNUNG MAS OIL MILL -SIME DARBY,SIME DARBY-GUNUNG MAS PALM OIL MILL"
PO1000000184,UNIT KISARAN,BAKRIE,Bakrie,BAKRIE SUMATERA PLANTATIONS,,,RSPO Certified,"RSPO Certified, MB",2019-10-31,3.04075000000,99.58144000000,IDN,Indonesia,Sumatera Utara,Asahan,1-Fully Verified,,,"UNIT SUMUT KISARAN,BAKRIE SUMATERA PLANTATION (UNIT,,KISARAN,BAKRIE SUMATERA PLANTATION (UNIT SUMUT 1 KISARAN POM),,,TANAH PUTIH,,,,,,PT BAKRIE SUMATERA PLANTATION BUNUT PO,BAKRIE SUMATERA PLANTATION (UNIT
SUMUT 1 KISARAN POM),UNIT SUMUT I  - KISARAN POM,,,,KISARAN PALM OIL MILL,BAKRIE SUMATERA PLANTATION (UNIT SUMUT 1
KISARAN POM),BAKRIE SUMATERA PLANTATION (UNIT SUMUT 1KISARAN POM)"
PO1000000185,BUKIT MAS,HAP SENG PLANTATIONS HOLDINGS BERHAD,Hap Seng Plantations Holdings,HAP SENG PLANTATIONS (RIVER ESTATES) SDN BHD,,,RSPO Certified,"RSPO Certified, IP",2019-10-31,5.33730000000,118.47364000000,MYS,Malaysia,Sabah,Kinabatangan,1-Fully Verified,,,"RIVER ESTATES,RIVER,,BUKIT,BDUNK BITH MD AS,BUKIT MAS PALM OIL MILL,BUKIT MAS
PALM OIL MILL,,,,,,,,,,,,,,,,,HAP SENG PLANTATIONS (RIVER
ESTATES) SDN BHD,SG. SEGAMA GROUP OF ESTATES,BUKIT MASS PALM OIL MILL,HAP SENG PLANTATIONS (RIVER ESTATES),HAP SENG PLANTATIONS (RIVER ESTATES),HAP SENG PLANTATIONS HOLDINGS SDN BHD,HAP SENG PLANTATIONS HOLDINGS SDN BHD,HAP SENG PLANTATIONS HOLDINGS SDN BHD,HAP SENG PLANTATIONS (RIVER ESTATES) SDN. BHD. - SG. SEGAMA GROUP OF ESTATES,HAP SENG PLANTATIONS,BUKIT MAS PALM
OIL MILL,BUKIT MAS POM,EKAJAYA MULTI PERKASA MILL,HAP SENG PLANTATIONS (RIVER ESTATES) SDN. BHD. - SG.,HAP SENG PLANTATIONS (RIVER ESTATES)
SDN BHD,HAP SENG PLANTATIONS (RIVER ESTATES) SDN BHD (BUKIT MAS
POM),,,HAP SENG PLANTATIONS (RIVER,HAP SENG PLANTATIONS (RIVER ESTATES) SDN BHD
(BUKIT MAS
POM),BUKIT MAS PALM 0IL MILL,,"
PO1000000187,DIAMOND JUBILEE (SOU 18),SIME DARBY,Sime Darby Guthrie (SDGI),SIME DARBY PLANTATION BHD,Sime Darby Guthrie (SDGI),,RSPO Certified,"RSPO Certified, IP",2019-10-31,2.32425000000,102.48284000000,MYS,Malaysia,Melaka,Jasin,1-Fully Verified,,,"DIAMOND JUBILEE,KKS DIAMOND JUBILEE,,DIAMOND JUBILEE OIL MILL,DIAMOND JUBILEE(SOU18),DIAMOND JUBILEE POM,,,,,DIOMAND JUBLEE,KILANG KELAPA SAWIT DIAMOND JUBILEE,,,,,SIME DARBY PLANTATION SDN BHD,SIME DARBY PLANTATION SDN BHD,SDARBY - GUNUNG MAS,LADANG MAMAHAT,DIAMOND JUBILEE (SOU
18),,,,DIAMOND JUBILEE(S0U18)"
PO1000000189,NORDANAL (SOU 19),SIME DARBY,Sime Darby Guthrie (SDGI),SIME DARBY PLANTATION BHD,Sime Darby Guthrie (SDGI),,Not RSPO Certified,,2019-10-31,2.18333000000,102.73333000000,MYS,Malaysia,Johor,Muar,1-Fully Verified,,,NORDANAL
PO1000000190,CHAAH (SOU 20),SIME DARBY,Sime Darby Guthrie (SDGI),SIME DARBY PLANTATION BHD,Sime Darby Guthrie (SDGI),,RSPO Certified,"RSPO Certified, IP",2019-10-31,2.14873000000,102.97399000000,MYS,Malaysia,Johor,Batu Pahat,1-Fully Verified,,,"CHA'AH,CHAAH,CHAAH POM,,CHAAH OIL MILL,CHAAH POM (SOU20),,,,,KILANG KELAPA SAWIT CHAAH,,,,,,,SIME DARBY PLANTATION SDN BHD,SIME DARBY PLANTATION SDN BHD,LADANG RAJA UDANG/ SARIBAS,,,SIME DARBY - CHAAH POM,,CHAAH P0M (S0U20),CHAAH PALM OIL MILL(SOU 20)"
PO1000000191,ELPHIL (SOU 3),SIME DARBY,Sime Darby Guthrie (SDGI),SIME DARBY PLANTATION BHD,Sime Darby Guthrie (SDGI),,RSPO Certified,"RSPO Certified, MB",2019-10-31,4.89058000000,101.09310000000,MYS,Malaysia,Perak,Kuala Kangsar,1-Fully Verified,,,"ELPHIL POM,ELPHIL,CHAAH OIL MILL,SIME DARBY - ELPHIL,KILANG ELPHIL,ELPHILL,,,,ELPHIL OIL MILL,KKS ELPHIL,KKS ELPHILL,ELPHIL OIL MILL (SOU3),,,,,,ELPHIL PALM OIL MILL,,SDARBY - CHAAH,FELIZA ESTATE & POM,,,ELPHIL 0IL MILL (S0U3),ELPHIL (SOU 03)"
PO1000000192,BUKIT PUTERI (SOU 10),SIME DARBY,Sime Darby Guthrie (SDGI),SIME DARBY PLANTATION BHD,Sime Darby Guthrie (SDGI),,RSPO Certified,"RSPO Certified, MB",2019-10-31,4.20269000000,101.86264000000,MYS,Malaysia,Pahang,Lipis,1-Fully Verified,,,"BUKIT PUTERI,SIME DARBY PLANTATION BERHAD,SIME DARBY PLANTATION / BUKIT PUTERI,BUKIT PUTERI OIL MILL,BUKIT PUTERI PALM OIL MILL,SIME DARBY PLANTATION SDN BHD / BUKIT PUT,,,KILANG KELAPA SAWIT BUKIT PUTERI,KKS BUKIT PUTERI,DELIMA MAKMUR,,,BUKIT PUTERI POM (SOU10),SIME DARBY KKS
BUKIT PUTERI"
PO1000000193,SERI INTAN (SOU 5),SIME DARBY,Sime Darby Guthrie (SDGI),SIME DARBY PLANTATION BHD,Sime Darby Guthrie (SDGI),,RSPO Certified,"RSPO Certified, IP",2019-10-31,3.96923000000,100.98556000000,MYS,Malaysia,Perak,Hilir Perak,1-Fully Verified,,,"SERI INTAN POM,SERI INTAN,SERI INTAN OIL MILL,,SERI INTAN POM (SOU5),,,,,SERI INTAN PALM OIL MILL,KKS SERI INTAN,,,,,,,SIME DARBY PLANTATION SDN BHD,,,SERI INTAN P0M (SOU5),SERI TNTAN P0M (S0U5),,,SERI INTAN (SOU 05)"
PO1000000194,BUKIT BENUT (SOU 22),SIME DARBY,Sime Darby Guthrie (SDGI),SIME DARBY PLANTATION BHD,Sime Darby Guthrie (SDGI),,RSPO Certified,"RSPO Certified, IP",2019-10-31,1.93114000000,103.34737000000,MYS,Malaysia,Johor,Keluang,1-Fully Verified,,,"BUKIT BENUT,BUKIT BENUT POM,,BUKIT BENUT OIL MILL,BUKIT BENUT(SOU22),,,,,BUKIT BENUT PALM OIL MILL,BUKIT BENUT PALM,,,,,,,SIME DARBY PLANTATION SDN BHD,SIME DARBY PLANTATION SDN BHD,SIME DARBY-BUKIT BENUT PALM OIL
MILL,MEDCO PAPUA HIJAU SELARAS,,,,BUKIT BENUT(S0U22),,,SIME DARBY-BUKIT BENUT PALM OIL MILL"
PO1000000195,SELABA (SOU 5),SIME DARBY,Sime Darby Guthrie (SDGI),SIME DARBY PLANTATION BHD,Sime Darby Guthrie (SDGI),,RSPO Certified,"RSPO Certified, MB",2019-10-31,3.98897000000,101.08128000000,MYS,Malaysia,Perak,Hilir Perak,1-Fully Verified,Selaba,,"SELABA OIL MILL,SELABA,SELABA PALM OIL MILL,SELABA POM,KKS SELABA,,,,,SIME DARBY PLANTATION SDN BHD,,,SELABA (SOU 05),SIME DARBY KKS
SELABA"
PO1000000198,SRI KAMUSAN,WILMAR,Wilmar,SRI KAMUSAN SDN BHD,,,RSPO Certified,"RSPO Certified, MB",2019-10-31,6.20380000000,117.29119000000,MYS,Malaysia,Sabah,Beluran,1-Fully Verified,,,"SRI KAMUSAN SDN BHD,,,,,,,SRI KAMUSAN POM,KKS SRI KAMUSAN,KKS SRI KAMUSAN,SRI KAMUSAN PALM OIL MILL,,,,,,UMAS POM,,,,,,,,,,,,"
PO1000000199,PUKIN,IOI CORPORATION,IOI,SYARIKAT PUKIN LADANG KELAPA SAWIT SDN BHD,,,RSPO Certified,"RSPO Certified, IP",2019-10-31,2.72235000000,102.91100000000,MYS,Malaysia,Pahang,Rompin,1-Fully Verified,,,"PUKIN MILL,,IOI CORPORATION BERHAD,PUKIN PALM OIL MILL,PNU BKIHND,,,,,,,,,,,,,,PUKIN POM,PUKIN PALM OIL MILL SDN BHD,IOI PUKIN POM,DPNU KBINHD,DPNU KBINHD,DPNU KBINHD,DPNU KBINHD,DPNU KBINHD,,,SYARIKAT PUKIN LADANG KELAPA SAWIT,SYARIKAT PUKIN LADANG KELAPA SAWIT,IOI CORPORATION BHD,IOI CORPORATION BHD,IOI CORPORATION BHD,SYARIKAT PUKIN LADANG KELAPA SAWIT SDN BHD - PUKIN PALM OIL MILL,SYARIKAT PUKIN LADANG KELAPA SAWIT SDN BHD - PUKIN PALM OIL MILL,SYARIKAT PUKIN LADANG KELAPA SAWIT SDN. BHD.,SYARIKAT PUKIN LADANG KELAPA SAWIT SDN. BHD.,,,,IOI PUKIN,,,,SYARIKAT PUKIN LADANG
KELAPA SAWIT SDN BHD -
PUKIN PALM OIL MILL"
PO1000000201,KEKAYAAN,KUALA LUMPUR KEPONG (KLK),KUALA LUMPUR KEPONG (KLK),KUALA LUMPUR KEPONG BERHAD,,,RSPO Certified,"RSPO Certified, IP",2019-10-31,2.20455000000,103.27039000000,MYS,Malaysia,Johor,Keluang,1-Fully Verified,,,"KEKAYAAN POM,,KEKAYAAN PALM OIL MILL,KS KEKAYAAN,KILANG KEKAYAAN,,KILANG KELAPA SAWIT KEKAYAAN,,,,K.K.S. KEKAYAAN,K.K.S. KEKAYAAN,KL KEPONG SABAH SDN BHD,KL KEPONG SABAH SDN BHD,KL KEPONG SABAH SDN BHD,KUALA LUMPUR KEPONG BERHAD KEKAYAAN PALM OIL MILL,KUALA LUMPUR KEPONG BERHAD KEKAYAAN PALM OIL MILL,KEKAYAAN PALM OIL MILL,KLK KEKAYAAN
PALM OIL MILL,KOTA TENGAH,KEKAYAAN PALM OIL
MILL,KEYAYAAN POM,,,,KUALA LUMPUR KEPONG BERHAD KEKAYAAN PALM OIL
MILL,,KEKAYAAN PALM OIL MILL - KLK"
PO1000000202,POLIAMBA,NBPOL,NBPOL,NEW BRITAIN PALM OIL,NBPOL,,RSPO Certified,"RSPO Certified, IP",2019-10-31,-2.87414000000,151.27593000000,PNG,Papua New Guinea,New Ireland,Kavieng,1-Fully Verified,,,"POLIAMBA OIL MILL,,,,,,NEW BRITAIN PALM OIL LIMITED,NEW BRITAIN PALM OIL LIMITED,NEW BRITAIN PALM OIL LIMITED,POLIAMBA LTD"
PO1000000223,ANLONG KROPEU PALM OIL MILL,MRICOP,MRICOP,"MONG RETHTHY INVESTMENT CAMBODIA OIL PALM CO., LTD",,,RSPO Certified,"RSPO Certified, IP",2019-10-31,10.95969000000,103.90783000000,KHM,Cambodia,Kaôh Kong,Kampong Seila,1-Fully Verified,,,"ANLONG KROPEU,OAINL LPOANLMG  KCROO.,P LETUD PALM OIL MILL,OAINL LPOANLMG  KCROO.,P LETUD PALM OIL MILL,ABNOLDOIAN GO IKLR POAPLEMU C POA.,L LMT ODIL MILL,ABNOLDOIAN GO IKLR POAPLEMU C POA.,L LMT ODIL MILL,ABNOLDOIAN GO IKLR POAPLEMU C POA.,L LMT ODIL MILL,ABNOLDOIAN GO IKLR POAPLEMU C POA.,L LMT ODIL MILL,ABNOLDOIAN GO IKLR POAPLEMU C POA.,L LMT ODIL MILL,ABNOLDOIAN GO IKLR POAPLEMU C POA.,L LMT ODIL MILL,ABNOLDOIAN GO IKLR POAPLEMU C POA.,L LMT ODIL MILL,ABNOLDOIAN GO IKLR POAPLEMU C POA.,L LMT ODIL MILL,ABNOLDOIAN GO IKLR POAPLEMU C POA.,L LMT ODIL MILL,ABNOLDOIAN GO IKLR POAPLEMU C POA.,L LMT ODIL MILL,ABNOLDOIAN GO IKLR POAPLEMU C POA.,L LMT ODIL MILL,ABNOLDOIAN GO IKLR POAPLEMU C POA.,L LMT ODIL MILL,MRICOP ANLONG KROPEU,MRICOP ANLONG KROPEU,ALTNDL.ONG KROPEU PALM OIL MILL,MONG RETHTHY INVESTMENT CAMBODIA OIL PALM,MONG RETHTHY INVESTMENT CAMBODIA OIL PALM,MONG RETHTHY INVESTMENT CAMBODIA OIL PALM CO., LTD.,MONG RETHTHY INVESTMENT CAMBODIA OIL PALM CO., LTD.,MONG RETHTHY INVESTMENT CAMBODIA OIL PALM CO., LTD.,MONG RETHTHY INVESTMENT CAMBODIA OIL PALM CO., LTD.,MONG RETHTHY INVESTMENT CAMBODIA OIL PALM CO., LTD.,MONG RETHTHY INVESTMENT CAMBODIA OIL PALM CO., LTD.,ABNOLDOIAN GO IKLR POAPLEMU C POA.,L LMT ODIL MILL,ABNOLDOIAN GO IKLR POAPLEMU C POA.,L LMT ODIL MILL,ABNOLDOIAN GO IKLR POAPLEMU C POA.,L LMT ODIL MILL,MONG RETHTHY INVESTMENT CAMBODIA OIL PALM CO., LTD.,MONG RETHTHY INVESTMENT CAMBODIA OIL PALM CO., LTD.,MONG RETHTHY INVESTMENT CAMBODIA OIL PALM CO., LTD.,MONG RETHTHY INVESTMENT CAMBODIA OIL PALM CO., LTD.,ANLMLO CNOG. ,K LRTODP.EU PALM OIL MILL,ANLMLO CNOG. ,K LRTODP.EU PALM OIL MILL,ANLMLO CNOG. ,K LRTODP.EU PALM OIL MILL,ANLMLO CNOG. ,K LRTODP.EU PALM OIL MILL,ANLMLO CNOG. ,K LRTODP.EU PALM OIL MILL,ANLMLO CNOG. ,K LRTODP.EU PALM OIL MILL,ANLMLO CNOG. K LRTODP.EU PALM OIL MILL,ANLMLO CNOG. K LRTODP.EU PALM OIL MILL,ANLMLO CNOG. K LRTODP.EU PALM OIL MILL,ANLMLO CNOG. K LRTODP.EU PALM OIL MILL,ANLMLO CNOG. K LRTODP.EU PALM OIL MILL,ANLMLO CNOG. K LRTODP.EU PALM OIL MILL,MONG RETHTHY INVESTMENT CAMBODIA OIL PALM CO. LTD.,MONG RETHTHY INVESTMENT CAMBODIA OIL PALM CO. LTD.,ANLONG KROPEU PALM
OIL MILL,ABNOLDOIAN GO IKLR POAPLEMU C POA.L LMT ODIL MILL,ABNOLDOIAN GO IKLR POAPLEMU C POA.L LMT ODIL MILL,ABNOLDOIAN GO IKLR POAPLEMU C POA.L LMT ODIL MILL,ANLONG KROPEU POM"
PO1000000227,SEMENCHU,FGV HOLDINGS BERHAD,FGV,FGV PALM INDUSTRIES SDN BHD,,,Not RSPO Certified,,2019-10-31,1.57828000000,104.10493000000,MYS,Malaysia,Johor,Kota Tinggi,1-Fully Verified,,,"KILANG SAWIT SEMENCHU,KS SEMENCHU,SEMENCHU
PALM OIL MILL,,,,,,,,KILANG KELAPA SAWIT SEMENCHU,,,,SEMENCU,SEMENCHU POM,K.K.S. SEMENCU,K.K.S. SEMENCU,SAWIT JUJUHAN ABADI MILL,"
PO1000000234,WA HA,FGV HOLDINGS BERHAD,FGV,FGV PALM INDUSTRIES SDN BHD,,,RSPO Certified,"RSPO Certified, MB",2019-10-31,1.79274000000,104.07622000000,MYS,Malaysia,Johor,Kota Tinggi,1-Fully Verified,,,"KILANG SAWIT WA HA,KS WAHA,KS WA HA,,,,,,,,,,KILANG KELAPA SAWIT WA HA,,,,,KILANG SAWIT WAHA,K.K.S. SIMPANG WA HA,K.K.S. SIMPANG WA HA,WAHA,"
PO1000000235,LOK HENG,FGV HOLDINGS BERHAD,FGV,FGV PALM INDUSTRIES SDN BHD,,,Not RSPO Certified,,2019-10-31,1.72054000000,104.12000000000,MYS,Malaysia,Johor,Kota Tinggi,1-Fully Verified,,,"KILANG SAWIT LOK HENG,KS LOK HENG,,,,,,,KILANG KELAPA SAWIT LOK HENG,,,,,,K.K.S. LOK HENG,K.K.S. LOK HENG,"
PO1000000236,ADELA,FGV HOLDINGS BERHAD,FGV,FGV PALM INDUSTRIES SDN BHD,,,RSPO Certified,"RSPO Certified, MB",2019-10-31,1.55277000000,104.18730000000,MYS,Malaysia,Johor,Kota Tinggi,1-Fully Verified,,,"KILANG KELAPA SAWIT ADELA,KS ADELA – FELDA,,ADELA POM,KS ADELA,KILANG SAWIT ADELA,,,,,K.K.S ADELA,,,,,,,,,,K.K.S. ADELA,K.K.S. ADELA,"
PO1000000238,JENDARATA,UNITED PLANTATIONS,UNITED PLANTATIONS,UNITED PLANTATIONS BERHAD,,,RSPO Certified,"RSPO Certified, IP",2019-10-31,3.85389000000,100.96833000000,MYS,Malaysia,Perak,Hilir Perak,1-Fully Verified,,,"JENDARATA MILL,,JENDERATA,KILANG KELAPA SAWIT JENDARATA,,JENDERATA MILL,UNITED PLANTATIONS BHD,UNITED PLANTATIONS BHD,UNITED PLANTATIONS BERHAD JENDARATA PALM OIL MILL,UNITED PLANTATIONS BERHAD JENDARATA PALM OIL MILL,JENDARATA PALM OIL MILL,TANJUNG RANGAS POM,JENDARATA POM,,"
PO1000000240,ULU BASIR,UNITED PLANTATIONS,UNITED PLANTATIONS,UNITED PLANTATIONS BERHAD,,,RSPO Certified,"RSPO Certified, IP",2019-10-31,3.72444000000,101.25583000000,MYS,Malaysia,Perak,Batang Padang,1-Fully Verified,,,"ULU BASIR MILL,,UNITED PLANTATIONS (ULU BASIR),KILANG KELAPA SAWIT ULU BASIR,,ULU BASIR POM,ULU BERNAM,,UNITED PLANTATIONS BHD,UNITED PLANTATIONS BHD,UNITED PLANTATIONS BHD,ULU BASIR POM - UP,ULU BASIR POM - UP,,SINAR PERDANA CARAKA POM,,"
PO1000000242,ULU BERNAM,UNITED PLANTATIONS,UNITED PLANTATIONS,UNITED PLANTATIONS BHD,,,RSPO Certified,"RSPO Certified, IP",2019-10-31,3.74528000000,101.14611000000,MYS,Malaysia,Perak,Hilir Perak,1-Fully Verified,,,"ULU BERNAM MILL,,UNITED PLANTATIONS BHD- ULU BERNAM,UNITED PLANTATIONS (ULU BERNAM),ULU BERNAM OPTIMILL,K.K.S. ULU BERNAM,UNITED PLANTATIONS BHD (ULU BERNAM),,,,,,,,UNITED PLANTATIONS BHD (ULU
BERNAM),,K.K.S. ULU BERNAM OPTIMILL,K.K.S. ULU BERNAM OPTIMILL,UNITED PLANTATIONS BHD,UNITED PLANTATIONS BHD,UNITED PLANTATIONS BHD,ULU BERNAM OPTIMILL_UNITED PLANTATIONS BHD,ULU BERNAM OPTIMILL_UNITED PLANTATIONS BHD,,ULU BERNAM OPTIMILL,JENDARATA,SINARSIAK DIANPERMAI POM,,,"
PO1000000243,UIE,UNITED PLANTATIONS,UNITED PLANTATIONS,UNITED INTERNATIONAL ENTERPRISES (M) SDN BHD,,,RSPO Certified,"RSPO Certified, IP",2019-10-31,4.44389000000,100.72278000000,MYS,Malaysia,Perak,Manjung,1-Fully Verified,,,"UNITED INTERNATIONAL ENTERPRISES (M),UNITED INTERNATIONAL ENTERPRISES POM,,UNITED INTERNATIONAL ENTERPRISES,UNITED PLANTATIONS BHD - UIEM,UNITED PLANTATIONS (UIEM),SUDIEN  BHD,UNITED PLANTATIONS BHD - UIE,UNITED INTERNATIONAL ENTERPRISES
PALM OIL MILL (UIEM),UNITED PLANTATIONS BHD (UIEM),,UNITED INTERNATIONAL,UNITED INTERNATIONAL ENTERPRISES PALM
OIL MILL (UIEM),,,,UNITED INTERNATIONAL ENTERPRISE,,KKS UNITED INT. ENTERPRISES (M) BHD.,KKS UNITED INT. ENTERPRISES (M) BHD.,UNITED PLANTATIONS BHD,UNITED PLANTATIONS BHD,UNITED PLANTATIONS BHD,UNITED INTERNATIONAL ENTERPRISES POM - UP,UNITED INTERNATIONAL ENTERPRISES POM - UP,,UNITED INTERNATIONAL ENTERPRISES POM,UNITED INTERNATIONAL ENTERPRISES PALM OIL MILL (UIEM),SIAK PRIMA SAKTI POM,UNITED INTERNATIONAL ENTERPRISES PALM OIL,UNITED INTERNATIONAL
ENTERPRISE (UIE),UNITED INTERNATIONAL
ENTERPRISE (UIE),,,,,UNITED INTERNATIONALENTERPRISE (UIE) PALM OIL MILL"
PO1000000254,KOTA GELANGGI,FGV HOLDINGS BERHAD,FGV,FGV PALM INDUSTRIES SDN BHD,,,RSPO Certified,"RSPO Certified, MB",2019-10-31,3.92173000000,102.48953000000,MYS,Malaysia,Pahang,Jerantut,1-Fully Verified,,,"KILANG SAWIT KOTA GELANGGI,K.K.S KOTA GELANGGI,K.K.S KOTA GELANGGI,,K.K.S. KOTA GELANGGI,K.K.S. KOTA GELANGGI,FGV PALM INDUSTIES SDN BHD,FGVPISB KILANG SAWIT KOTA GELANGGI,FGVPISB KILANG SAWIT KOTA GELANGGI,,SUMBERTAMA NUSAPERTIWI MILL,FGVT-KOTA GELANGGI,FGV HOLDINGS BHD,,,,,,KILANG SAWIT KOTA GELANGI,KS KOTA GELANGGI-
PAHANG"
PO1000000255,LEPAR UTARA 6,FGV HOLDINGS BERHAD,FGV,FGV PALM INDUSTRIES SDN BHD,,,RSPO Certified,"RSPO Certified, MB",2019-10-31,3.97082000000,102.69167000000,MYS,Malaysia,Pahang,Jerantut,1-Fully Verified,,,"KILANG KELAPA SAWIT LEPAR UTARA 6,KS LEPAR UTARA 6,K.K.S. LEPAR UTARA 6,KILANG SAWIT LEPAR UTARA 6,,,,BINTANG PALM OIL MILL,FGV HOLDINGS BHD,,,,,,KS LEPAR UTARA 6-
PAHANG"
PO1000000261,BORNION,KUALA LUMPUR KEPONG (KLK),KUALA LUMPUR KEPONG (KLK),KL-KEPONG (SABAH) SDN BERHAD,,,RSPO Certified,"RSPO Certified, MB",2019-10-31,5.60900000000,117.78990000000,MYS,Malaysia,Sabah,Kinabatangan,1-Fully Verified,,,"KLK (S)
BORNION
PALM OIL MILL,,,,KUALA LUMPUR KEPONG BHD  (BORNION POM),,BORNION POM,KILANG KELAPA SAWIT BORNION,KUALA LUMPUR KEPONG BHD  (BORNION
POM),KKS BORNION,KKS BORNION,KUALA LUMPUR BERHAD,KLKS-BORNION POM,KLK (S) BORNION
PALM OIL MILL,INTI GUNA NABATI MILL,KLK (S) BORNION PALM OIL MILL,KL-KEPONG (SABAH) SDN BHD (BORNION POM),,,,KLKS- BORNION POM,,BORNION PALM OIL MILL,KL-KEPONG (SABAH) SDN BHD,KLK (S) BORNION"
PO1000000262,RIMMER,KUALA LUMPUR KEPONG (KLK),KUALA LUMPUR KEPONG (KLK),KL-KEPONG (SABAH) SDN BERHAD,,,Not RSPO Certified,,2019-10-31,5.01930000000,118.57150000000,MYS,Malaysia,Sabah,Lahad Datu,1-Fully Verified,,,"KLKS-RIMMER POM,,KL-KEPONG (SABAH) RIMMER,,,,,K.K.S. RIMMER,K.K.S. RIMMER,KL KEPONG SABAH SDN BHD,RIMMER PALM OIL MILL,KLK (S) RIMMER/ RIMMER"
PO1000000263,LUNGMANIS,KUALA LUMPUR KEPONG (KLK),KUALA LUMPUR KEPONG (KLK),KL-KEPONG (SABAH) SDN BERHAD,,,RSPO Certified,"RSPO Certified, IP",2019-10-31,5.08395000000,118.58825000000,MYS,Malaysia,Sabah,Lahad Datu,1-Fully Verified,,,"KLKS-LUNGMANIS POM,,KL-KEPONG (SABAH) LUNGMANIS,KLK (S)
LUNGMANIS
PALM OIL MILL,,,,,LUNGMANIS PALM OIL MILL,KLK (S) LUNGMANIS PALM OIL MILL,KILANG KELAPA SAWIT LUNGMANIS,KILANG KELAPA SAWIT LUNGMANIS,KL KEPONG SABAH SDN BHD,LUNGMANIS PALM OIL,LUNGMANIS PALM OIL MILL,LUNGMANIS MILL,KLK (S)
LUNGMANIS PALM OIL MILL,LUNGMANIS POM,KL-KEPONG (SABAH) SDN BHD (LUNGMANIS POM),,,KLKS- LUNGMANIS POM,KLKS-LUNGMANIS P0M,KL-KEPONG (SABAH) SDN BHD"
PO1000000272,LEPAR UTARA 4,FGV HOLDINGS BERHAD,FGV,FGV PALM INDUSTRIES SDN BHD,,,Not RSPO Certified,,2019-10-31,3.87897000000,102.81547000000,MYS,Malaysia,Pahang,Kuantan,1-Fully Verified,,,"KILANG SAWIT LEPAR UTARA 4,,,,LEPAR UTARA 4 POM,K.K.S. LEPAR UTARA 4,FELDA GLOBAL VENTURE BHD,BELL PALM INDUSTRIES"
PO1000000279,MUARA BULIAN,ROYAL GOLDEN EAGLE,Royal Golden Eagle (RGE),INTI INDOSAWIT SUBUR,,,RSPO Certified,"RSPO Certified, MB",2019-10-31,-1.58510000000,103.20122000000,IDN,Indonesia,Jambi,Batang Hari,1-Fully Verified,,,"PT INTI INDOSAWIT SUBUR MUARA BULIAN MILL,INTI INDOSAWIT SUBUR (PKS MUARA BULIAN),INTI INDOSAWIT SUBUR,,,,PT INTI INDOSAWIT SUBUR MUARA BULIAN MIL,ASIAN AGRI,INTI INDOSAWIT SUBUR (MUARA BULIAN),TEMBUSU POM,MUARA BULIAN (PMB),MUARA BULIAN  (PMB)"
PO1000000280,JERAM PADANG,KUALA LUMPUR KEPONG (KLK),KUALA LUMPUR KEPONG (KLK),KUALA LUMPUR KEPONG BERHAD,,,RSPO Certified,"RSPO Certified, IP",2019-10-31,2.73511000000,102.40850000000,MYS,Malaysia,Negeri Sembilan,Jempol,1-Fully Verified,,,"JERAM PADANG PALM OIL MILL,,JERAM PADANG
PALM OIL MILL,,,,,,,,KILANG KELAPA SAWIT JERAM PADANG,KL KEPONG SABAH SDN BHD,KL KEPONG SABAH SDN BHD,KL KEPONG SABAH SDN BHD,KUALA LUMPUR KEPONG BERHAD JERAM PADANG PALM OIL MILL,KUALA LUMPUR KEPONG BERHAD JERAM PADANG PALM OIL MILL,JERAM PADANG PALM OIL MILL,KLK - KEKAYAAN.P.O.M,JERAM PADANG POM,,,,JERAM PADANG PALM 0IL MILL,,,JERAM PADANG - KLK"
PO1000000283,PANGKATAN,MP EVANS,MP EVANS,PANGKATAN INDONESIA,,,RSPO Certified,"RSPO Certified, MB",2019-10-31,2.10305000000,99.94766000000,IDN,Indonesia,Sumatera Utara,Labuhanbatu,1-Fully Verified,,,"PANGKATAN INDONESIA,,,,,,,,,PT PANGKATAN INDONESIA,PALMA GEMILANG KENCANA,,,,,,"
PO1000000284,BELIDA,SAMPOERNA AGRO,Sampoerna Agro,AEK TARUM,,,RSPO Certified,"RSPO Certified, MB",2019-10-31,-3.83663000000,104.96952000000,IDN,Indonesia,Sumatera Selatan,Ogan Komering Ilir,1-Fully Verified,,,"AEK TARUM (BELIDA),BELIDA MILL,AEK TARUM,,,AEK TARUM-BELIDA,,,AEK TARUM (BELIDA MILL),,,,,AEK TARUM - BELIDA MILL,,,"
PO1000000286,UNGGUL LESTARI,MUSIM MAS,Musim Mas,UNGGUL LESTARI,,,RSPO Certified,"RSPO Certified, IP",2019-10-31,-1.59584000000,112.59883000000,IDN,Indonesia,Kalimantan Tengah,Kotawaringin Timur,1-Fully Verified,,,"AGROWIRATAMA - MULTIPERSADA GATRAMEGAH,PT UNGULL LESTARI MILL,,,,,PT. UNGGUL LESTARI,PT UNGGUL LESTARI MILL,MUSIM MAS,UNGGUL LESTARI PALM OIL MILL,ABDI BUDI MULIA 1269"
PO1000000294,FLEMINGTON (SOU 4),SIME DARBY,Sime Darby Guthrie (SDGI),SIME DARBY PLANTATION BHD,Sime Darby Guthrie (SDGI),,RSPO Certified,"RSPO Certified, IP",2019-10-31,3.92806000000,100.85722000000,MYS,Malaysia,Perak,Hilir Perak,1-Fully Verified,,,"FLEMINGTON POM,FLEMINGTON,KKS FLEMINGTON,,KKS FLEMMINGTON (SOU4),KILANG KELAPA SAWIT FLEMINGTON,,,,,FLEMINGTON OIL MILL,,,,,FLEMINGTON PALM OIL MILL,SIME DARBY PLANTATION SDN BHD,MULTI JAYANTARA ABADI,,,FLEMINGTON (SOU4),FLEMINGTON (SOU 04)"
PO1000000295,KERDAU (SOU 11),SIME DARBY,Sime Darby Guthrie (SDGI),SIME DARBY PLANTATION BHD,Sime Darby Guthrie (SDGI),,RSPO Certified,"RSPO Certified, MB",2019-10-31,3.56944000000,102.27833000000,MYS,Malaysia,Pahang,Temerloh,1-Fully Verified,,,"KERDAU,KERDAU OIL MILL,KILANG KELAPA SAWIT KERDAU,SIME DARBY PLANTATION/ KERDAU,KERDAU POM (SOU11),KERDAU PALM OIL MILL,SIME DARBY PLANTATION SDN BHD/ KILANG KE,,,,,SIME DARBY PLANTATION SDN BHD,KKS KERDAU,SUBULUSSALAM MILL,,,,KERDAU P0M (S0U11),,"
PO1000000296,KOK FOH (SOU 16),SIME DARBY,Sime Darby Guthrie (SDGI),SIME DARBY PLANTATION BHD,Sime Darby Guthrie (SDGI),,RSPO Certified,"RSPO Certified, MB",2019-10-31,2.78467000000,102.50417000000,MYS,Malaysia,Negeri Sembilan,Jempol,1-Fully Verified,,,"KOK FOH,KOK FOH OIL MILL,KILANG KELAPA SAWIT KOK FOH,KOK FOH POM (SOU16),,,,KOK FOH PALM OIL MILL,,,,,,SIME DARBY PLANTATION SDN BHD,,KKS KOK FOH,,,KOK FOH P0M (S0U16),SIME DARBY KKS
KOK FOH"
PO1000000297,LABU (SOU 13),SIME DARBY,Sime Darby Guthrie (SDGI),SIME DARBY PLANTATION BHD,Sime Darby Guthrie (SDGI),,RSPO Certified,"RSPO Certified, IP",2019-10-31,2.74889000000,101.80450000000,MYS,Malaysia,Negeri Sembilan,Seremban,1-Fully Verified,,,"LABU,LABU OIL MILL,,LABU(SOU13),LABU PALM OIL MILL,,KKS LABU,,,,,,,PUSAT TEKNOLOGI KILANG SAWIT (POMTEC),PUSAT TEKNOLOGI KILANG SAWIT (POMTEC),SIME DARBY PLANTATION SDN BHD,SIME DARBY PLANTATION SDN BHD,PUSAT TEKNOLOGI KILANG SAWIT
(POMTEC),,,,LABU(S0U13),PUSAT TEKNOLOGI KILANG SAWIT
(POMTEC)"
PO1000000298,SUA BETONG (SOU 15),SIME DARBY,Sime Darby Guthrie (SDGI),SIME DARBY PLANTATION BHD,Sime Darby Guthrie (SDGI),,RSPO Certified,"RSPO Certified, IP",2019-10-31,2.52833000000,101.89528000000,MYS,Malaysia,Negeri Sembilan,Port Dickson,1-Fully Verified,,,"SUA BETONG,KKS SUA BETONG,,KILANG KELAPA SAWIT SUA BETONG,SUA BETONG (SOU15),,,,,SUA BETONG OIL MILL,,,,,,,SIME DARBY PLANTATION SDN BHD,SIME DARBY PLANTATION SDN BHD,BUKIT LAWIANG,,,SUA BETONG (SOULS)"
PO1000000300,MELALAP (SOU 27),SIME DARBY,Sime Darby Guthrie (SDGI),SIME DARBY PLANTATION BHD,Sime Darby Guthrie (SDGI),,RSPO Certified,"RSPO Certified, MB",2019-10-31,5.23079000000,115.98626000000,MYS,Malaysia,Sabah,Tenom,1-Fully Verified,,,"MELALAP,MELALAP OIL MILL,MELALAP
PALM OIL MILL,MELALAP PALM OIL MILL,,,,,,,KILANG KELAPA SAWIT MELALAP,KILANG KELAPA SAWIT MELALAP,TELUK MEGA MILL,,,,,MELALAP (SOU 27) PALM OIL MILL,,"
PO1000000301,HADAPAN (SOU 24),SIME DARBY,Sime Darby Guthrie (SDGI),SIME DARBY PLANTATION BHD,Sime Darby Guthrie (SDGI),,RSPO Certified,"RSPO Certified, MB",2019-10-31,1.76216000000,103.44867000000,MYS,Malaysia,Johor,Kulaijaya,1-Fully Verified,,,"HADAPAN,HADAPAN POM,,HADAPAN(SOU24),,,,,,,,HADAPAN OIL MILL,HADAPAN PALM OIL MILL,HADAPAN PALM OIL,,,,,SIME DARBY PLANTATION SDN BHD,SIME DARBY-HADAPAN PALM OIL MILL,SIME DARBY - HADAPAN,KKS HADAPAN,,,HADAPAN (Q4 2020),,HADAPAN (SOU 24) POM"
PO1000000302,CHERSONESE (SOU 2),SIME DARBY,Sime Darby Guthrie (SDGI),SIME DARBY PLANTATION BHD,Sime Darby Guthrie (SDGI),,RSPO Certified,"RSPO Certified, MB",2019-10-31,4.97846000000,100.46190000000,MYS,Malaysia,Perak,Kerian,1-Fully Verified,,,"CHERSONESE,CHERSONESE POM,,CHERSONESE(SOU 2),,,,,CHERSONESE OIL MILL,ENG THYE PLANTATION GULA ESTATE,GULA ESTATE,,,,,,,SIME DARBY PLANTATION SDN BHD,SIME DARBY PLANTATION SDN BHD,SDARBY - HADAPAN,,,CHERSONESE(S0U 2),,,CHERSONESE (SOU 02)"
PO1000000303,PEKAKA (SOU 34),SIME DARBY,Sime Darby Guthrie (SDGI),SIME DARBY PLANTATION BHD,Sime Darby Guthrie (SDGI),,Not RSPO Certified,,2019-10-31,3.46138000000,113.65418000000,MYS,Malaysia,Sarawak,Miri,1-Fully Verified,,,"KILANG KELAPA SAWIT PEKAKA,PEKAKA OIL MILL,PEKAKA OIL MILL,PEKAKA,KKS CHERSONESE"
PO1000000304,LAVANG (SOU 31),SIME DARBY,Sime Darby Guthrie (SDGI),SIME DARBY PLANTATION BHD,Sime Darby Guthrie (SDGI),,RSPO Certified,"RSPO Certified, IP",2019-10-31,3.42833000000,113.60028000000,MYS,Malaysia,Sarawak,Bintulu,1-Fully Verified,,,"LAVANG,,,,,,KILANG KELAPA SAWIT LAVANG,KILANG KELAPA SAWIT LAVANG,LAVANG OIL MILL,LAVANG OIL MILL,,,,"
PO1000000305,RAJAWALI (SOU 32),SIME DARBY,Sime Darby Guthrie (SDGI),SIME DARBY PLANTATION BHD,Sime Darby Guthrie (SDGI),,RSPO Certified,"RSPO Certified, IP",2019-10-31,3.37251000000,113.40060000000,MYS,Malaysia,Sarawak,Bintulu,2-High Confidence,,,"RAJAWALI,,,,,,KILANG KELAPA SAWIT RAJAWALI,KILANG KELAPA SAWIT RAJAWALI,RAJAWALI OIL MILL,RAJAWALI OIL MILL,RAJAWALI PALM OIL MILL,,"
PO1000000306,DERAWAN (SOU 33),SIME DARBY,Sime Darby Guthrie (SDGI),SIME DARBY PLANTATION BHD,Sime Darby Guthrie (SDGI),,RSPO Certified,"RSPO Certified, MB",2019-10-31,3.39020000000,113.34542000000,MYS,Malaysia,Sarawak,Bintulu,1-Fully Verified,,,"DERAWAN,,,,,,DERAWAN PALM OIL MILL,DERAWAN PALM OIL MILL,DERAWAN OIL MILL,DERAWAN OIL MILL,,,,,"
PO1000000307,ULU REMIS (SOU 23),SIME DARBY,Sime Darby Guthrie (SDGI),SIME DARBY PLANTATION BHD,Sime Darby Guthrie (SDGI),,RSPO Certified,"RSPO Certified, IP",2019-10-31,1.83444000000,103.46250000000,MYS,Malaysia,Johor,Keluang,1-Fully Verified,,,"ULU REMIS,ULU REMIS POM,,ULU REMIS OIL MILL,ULU REMIS (SOU23),KILANG KELAPA SAWIT ULU REMIS,KILANG KELAPA SAWIT ULU REMIS,,,,,KKS ULU REMIS,,,,,,,SIME DARBY PLANTATION SDN BHD,SIME DARBY PLANTATION SDN BHD,SIME DARBY-ULU REMIS PALM OIL MILL,SULTRA PRIMA LESTARI,ULU REMIS PALM OIL,,,,ULU REMIS (50U23)"
PO1000000312,AGRIVAR BONOUA,AGRIVAR,AGRIVAR,AGRIVAR,,,RSPO Certified,"RSPO Certified, IP",2019-10-31,5.28173000000,-3.52820000000,CIV,Côte d'Ivoire,Comoé,Sud Comoé,1-Fully Verified,,,"USINE SAMO,BONOUA,AGRIVAR SARL"
PO1000000314,PEMANTANG,SIME DARBY,Sime Darby Guthrie (SDGI),TEGUH SEMPURNA,,,RSPO Certified,"RSPO Certified, IP",2019-10-31,-2.14833000000,112.29278000000,IDN,Indonesia,Kalimantan Tengah,Seruyan,1-Fully Verified,,,"TEGUH SEMPURNA,TEGUH SEMPURNA (PEMANTANG),PEMANTANG POM,,PT TEGUH SEMPURNA - PEMANTANG,TEGUH SEMPURNA(PEMANTANG),INDOTRUBA TENGAH-SEKUNYIR,,SIME DARBY PLANTATION SDN BHD,SIME DARBY PLANTATION (SABAH) SDN BHD,SIME DARBY PLANTATION - PEMANTANG POM, PT TSA,SIME DARBY PLANTATION - PEMANTANG POM, PT TSA,SIME DARBY PLANTATION - PEMANTANG POM, PT TSA,SIME DARBY PLANTATION - PEMANTANG POM, PT TSA,SIME DARBY PLANTATION - PEMANTANG POM, PT TSA,SIME DARBY PLANTATION - PEMANTANG POM, PT TSA,SIME DARBY PLANTATION - PEMANTANG POM, PT TSA,SIME DARBY PLANTATION - PEMANTANG POM, PT TSA,SIME DARBY PLANTATION - PEMANTANG POM, PT TSA,SIME DARBY PLANTATION - PEMANTANG POM, PT TSA,FELCRA PROCESSING & ENGINEERING,SIME DARBY PLANTATION - PEMANTANG POM PT TSA,SIME DARBY PLANTATION - PEMANTANG POM PT TSA,,,,TEGUH SEMPURNA(PEMA1'TANG),,"
PO1000000315,LADANG PANJANG,SIME DARBY,Sime Darby Guthrie (SDGI),BAHARI GEMBIRA RIA,,,RSPO Certified,"RSPO Certified, MB",2019-10-31,-1.79167000000,103.79139000000,IDN,Indonesia,Jambi,Muaro Jambi,1-Fully Verified,,,"BAHARI GEMBIRA RIA (LADANG PANJANG),,BAHARI GEMBIRA RIA,,,PERSADA HARAPAN KAHURIPAN-
RENGAS,,,,,,BAHARI GEMBIRA RIA(LADANG PANJANG),BAHARI GEMBIRA RIA-PKS LADANG PANJANG,PANCA SURYA AGRINDO MILL,,,LADANG PANJANG FACTORY,HARI GEMBIRA RIA-PKS LADANG PANJA"
PO1000000316,SUNGAI PINANG,SIME DARBY,Sime Darby Guthrie (SDGI),BINA SAINS CEMERLANG,,,RSPO Certified,"RSPO Certified, IP",2019-10-31,-2.98572000000,103.40603000000,IDN,Indonesia,Sumatera Selatan,Musi Rawas,1-Fully Verified,,,"BINA SAINS CEMERLANG,M. SUNGAI PINANG MILL,,BINA SAINS CEMERLANG-SUNGAI PINANG,,,,,SIME DARBY PLANTATION SDN BHD,SIME DARBY PLANTATION SDN BHD,BINA SAINS CEMERLANG (SUNGAI PINANG
MILL),BINA SAINS CEMERLANG (SUNGAI PINANG MILL),,SUNGAI PINANG POM,SUNGAI PINANG FACTORY"
PO1000000317,TELUK SIAK,SIME DARBY,Sime Darby Guthrie (SDGI),ANEKA INTI PERSADA,,,RSPO Certified,"RSPO Certified, MB",2019-10-31,0.59139000000,101.65889000000,IDN,Indonesia,Riau,Siak,1-Fully Verified,,,"ANEKA INTIPERSADA (TELUK SIAK),,PT ANEKA INTIPERSADA (TELUK SIAK),,,,ANEKA INTIPERSADA,,,,,ANEKA INTI PERSADA,,,,TELUK SIAK POM,ANEKA INTI PERSADA (TELUK SIAK),SIME DARBY PLANTATION - TELUK SIAK POM PT AIP,SIME DARBY PLANTATION - TELUK SIAK POM,,,TELUK SIAK FACTORY,,"
PO1000000318,TELUK BAKAU,SIME DARBY,Sime Darby Guthrie (SDGI),BHUMIREKSA NUSA SEJATI,,,RSPO Certified,"RSPO Certified, IP",2019-10-31,0.25650000000,103.58883000000,IDN,Indonesia,Riau,Indragiri Hilir,1-Fully Verified,,,"BHUMIREKSA NUSASEJATI (TELUK BAKAU),,BHUMIREKSA NUSASEJATI TELUK BAKAU,TELUK BAKAU POM,,,,,,,,SIME DARBY PLANTATION SDN BHD,SIME DARBY PLANTATION - TELUK BAKAU POM, PT BNS,SIME DARBY PLANTATION - TELUK BAKAU POM, PT BNS,SIME DARBY PLANTATION - TELUK BAKAU POM, PT BNS,SIME DARBY PLANTATION - TELUK BAKAU POM, PT BNS,SIME DARBY PLANTATION - TELUK BAKAU POM, PT BNS,SIME DARBY PLANTATION - TELUK BAKAU POM, PT BNS,SIME DARBY PLANTATION - TELUK BAKAU POM, PT BNS,SIME DARBY PLANTATION - TELUK BAKAU POM, PT BNS,SIME DARBY PLANTATION - TELUK BAKAU POM, PT BNS,SIME DARBY PLANTATION - TELUK BAKAU POM, PT BNS,BHUMIREKSA NUSA SEJATI (TELUK BAKAU),GOLDEN HILL POM,SIME DARBY PLANTATION - TELUK BAKAU POM PT BNS,SIME DARBY PLANTATION - TELUK BAKAU POM PT BNS,,,BHUMIREKSA NUSASEJATI - TELUK BAKAU,,,TELUK BAKAU PALM OIL MILL"
PO1000000319,GUNUNG ARU,SIME DARBY,Sime Darby Guthrie (SDGI),BERSAMA SEJAHTERA SAKTI,,,RSPO Certified,"RSPO Certified, MB",2019-10-31,-3.49472000000,116.16667000000,IDN,Indonesia,Kalimantan Selatan,Kota Baru,1-Fully Verified,,,"GUNUNG ARU FACTORY,GUNUNG ARU POM,,BERSAMA SEJAHTERA SAKTI (GUNUNG ARU),,SIME DARBY PLANTATION SDN BHD,SIME DARBY PLANTATION - GUNUNG ARU POM, PT BSS,SIME DARBY PLANTATION - GUNUNG ARU POM, PT BSS,SIME DARBY PLANTATION - GUNUNG ARU POM, PT BSS,SIME DARBY PLANTATION - GUNUNG ARU POM, PT BSS,SIME DARBY PLANTATION - GUNUNG ARU POM, PT BSS,SIME DARBY PLANTATION - GUNUNG ARU POM, PT BSS,SIME DARBY PLANTATION - GUNUNG ARU POM, PT BSS,SIME DARBY PLANTATION - GUNUNG ARU POM, PT BSS,SIME DARBY PLANTATION - GUNUNG ARU POM, PT BSS,SIME DARBY PLANTATION - GUNUNG ARU POM, PT BSS,SIME DARBY PLANTATION - GUNUNG ARU POM PT BSS,SIME DARBY PLANTATION - GUNUNG ARU POM PT BSS,,,BERSAMA SEJAHTETA SAKTI (GUNUNG ARU),,,GUNUNG ARU PALM OIL MILL"
PO1000000320,RANTAU PANJANG,SIME DARBY,Sime Darby Guthrie (SDGI),GUTHRIE PECCONINA INDONESIA,,,RSPO Certified,"RSPO Certified, MB",2019-10-31,-2.91618000000,103.75083000000,IDN,Indonesia,Sumatera Selatan,Musi Banyuasin,1-Fully Verified,,,"GUTHRIE PECCONINA INDONESIA,RANTAU PANJANG POM, PT GPI,RANTAU PANJANG (GPI),,RANTAU PANJANG POM, PT GPI,,RANTAU PANJANG POM, PT GPI,,RANTAU PANJANG POM, PT GPI,GUTHRIE PECCONINA INDONESIA (RANTAU PANJANG),GUTHRIE PECCONINA INDONESIA-RANTAU PANJANG,RANTAU PANJANG POM PT GPI,,RANTAU PANJANG POM; PT GPI,GUTHRIE PECCONINA INDONESIA (RANTAU
PANJANG),ABDI BUDI MULIA 853"
PO1000000321,SEKUNYIR,SIME DARBY,Sime Darby Guthrie (SDGI),INDOTRUBA TENGAH,,,RSPO Certified,"RSPO Certified, MB",2019-10-31,-2.44472000000,112.00667000000,IDN,Indonesia,Kalimantan Tengah,Kotawaringin Barat,1-Fully Verified,,,"INDOTRUBA TENGAH (SEKUNYR),,PT INDOTRUBA TENGAH - SEKUNYIR,INDOTRUBA TENGAH,,BAHARI GEMBIRA RIA-PKS LADANG
PANJANG,,,,SIME DARBY PLANTATION (SABAH) SDN BHD,SIME DARBY PLANTATION (SABAH) SDN BHD,SIME DARBY PLANTATION - SEKUNYIR POM, PT ITH,SIME DARBY PLANTATION - SEKUNYIR POM, PT ITH,SIME DARBY PLANTATION - SEKUNYIR POM, PT ITH,SIME DARBY PLANTATION - SEKUNYIR POM, PT ITH,SIME DARBY PLANTATION - SEKUNYIR POM, PT ITH,SIME DARBY PLANTATION - SEKUNYIR POM, PT ITH,SEKUNYIR POM,SIME DARBY PLANTATION - SEKUNYIR POM, PT ITH,SIME DARBY PLANTATION - SEKUNYIR POM, PT ITH,SIME DARBY PLANTATION - SEKUNYIR POM, PT ITH,SIME DARBY PLANTATION - SEKUNYIR POM, PT ITH,SIME DARBY PLANTATION - SEKUNYIR POM PT ITH,SIME DARBY PLANTATION - SEKUNYIR POM PT ITH,INDOTRUBA TENGAH ITH,,,"
PO1000000322,SUKAMANDANG,SIME DARBY,Sime Darby Guthrie (SDGI),KRIDATAMA LANCAR,,,RSPO Certified,"RSPO Certified, IP",2019-10-31,-2.06215000000,112.31537000000,IDN,Indonesia,Kalimantan Tengah,Kotawaringin Timur,1-Fully Verified,,,"KRIDATAMA LANCAR SUKAMANDANG,M. SUKAMANDANG MILL,,PT KRIDATAMA LANCAR,KRIDATAMA LANCAR, SUKAMANDANG POM,BUKIT AJONG,KRIDATAMA LANCAR, SUKAMANDANG POM,,MITRAKARYA AGROINDO SAKO,KRIDATAMA LANCAR, SUKAMANDANG POM,KRIDATAMA LANCAR, SUKAMANDANG POM,SIME DARBY PLANTATION SDN BHD,SIME DARBY PLANTATION SDN BHD,SIME DARBY PLANTATION - SUKAMANDANG POM, PT KLR,SIME DARBY PLANTATION - SUKAMANDANG POM, PT KLR,SIME DARBY PLANTATION - SUKAMANDANG POM, PT KLR,SIME DARBY PLANTATION - SUKAMANDANG POM, PT KLR,KRIDATAMA LANCAR, SUKAMANDANG POM,KRIDATAMA LANCAR, SUKAMANDANG POM,KRIDATAMA LANCAR, SUKAMANDANG POM,KRIDATAMA LANCAR, SUKAMANDANG POM,SIME DARBY PLANTATION - SUKAMANDANG POM, PT KLR,SIME DARBY PLANTATION - SUKAMANDANG POM, PT KLR,SIME DARBY PLANTATION - SUKAMANDANG POM, PT KLR,SIME DARBY PLANTATION - SUKAMANDANG POM, PT KLR,SIME DARBY PLANTATION - SUKAMANDANG POM, PT KLR,SIME DARBY PLANTATION - SUKAMANDANG POM, PT KLR,KRIDATAMA LANCAR (SUKAMANDANG MILL),KRIDATAMA LANCAR SUKAMANDANG POM,SIME DARBY PLANTATION - SUKAMANDANG POM PT KLR,SIME DARBY PLANTATION - SUKAMANDANG POM PT KLR,KRIDATAMA LANCAR KLR- SUKAMANDANG,,,,,"
PO1000000323,RANTAU FACTORY,SIME DARBY,Sime Darby Guthrie (SDGI),LAGUNA MANDIRI,,,RSPO Certified,"RSPO Certified, IP",2019-10-31,-2.43917000000,116.11417000000,IDN,Indonesia,Kalimantan Selatan,Kota Baru,1-Fully Verified,,,"RANTAU,LAGUNA MANDIRI (RANTAU),RANTAU POM,,,SIME DARBY PLANTATION SDN BHD,SIME DARBY PLANTATION SDN BHD,SIME DARBY PLANTATION - RANTAU POM, PT LMI,SIME DARBY PLANTATION - RANTAU POM, PT LMI,SIME DARBY PLANTATION - RANTAU POM, PT LMI,SIME DARBY PLANTATION - RANTAU POM, PT LMI,SIME DARBY PLANTATION - RANTAU POM, PT LMI,SIME DARBY PLANTATION - RANTAU POM, PT LMI,BETUNG, RANTAU FACTORY,BETUNG, RANTAU FACTORY,SIME DARBY PLANTATION - RANTAU POM, PT LMI,SIME DARBY PLANTATION - RANTAU POM, PT LMI,BETUNG, RANTAU FACTORY,SIME DARBY PLANTATION - RANTAU POM, PT LMI,SIME DARBY PLANTATION - RANTAU POM, PT LMI,SIME DARBY PLANTATION - RANTAU POM PT LMI,SIME DARBY PLANTATION - RANTAU POM PT LMI,RANTAU PALM OIL MILL"
PO1000000324,BEBUNGA,SIME DARBY,Sime Darby Guthrie (SDGI),LANGGENG MUARA MAKMUR,,,RSPO Certified,"RSPO Certified, IP",2019-10-31,-2.37361000000,116.32972000000,IDN,Indonesia,Kalimantan Selatan,Kota Baru,1-Fully Verified,,,"LANGGENG MUARA MAKMUR (BEBUNGA),BEBUNGA MILL,,BEBUNGA FACTORY,BEBUNGA POM,,SIME DARBY PLANTATION SDN BHD,SIME DARBY PLANTATION SDN BHD,SIME DARBY PLANTATION - BEBUNGA POM, PT LMR,SIME DARBY PLANTATION - BEBUNGA POM, PT LMR,SIME DARBY PLANTATION - BEBUNGA POM, PT LMR,SIME DARBY PLANTATION - BEBUNGA POM, PT LMR,SIME DARBY PLANTATION - BEBUNGA POM, PT LMR,SIME DARBY PLANTATION - BEBUNGA POM, PT LMR,SIME DARBY PLANTATION - BEBUNGA POM, PT LMR,SIME DARBY PLANTATION - BEBUNGA POM, PT LMR,SIME DARBY PLANTATION - BEBUNGA POM, PT LMR,SIME DARBY PLANTATION - BEBUNGA POM, PT LMR,SIME DARBY PLANTATION - BEBUNGA POM PT LMR,SIME DARBY PLANTATION - BEBUNGA POM PT LMR"
PO1000000325,ANGSANA,SIME DARBY,Sime Darby Guthrie (SDGI),LADANGRUMPUN SUBURABADI,,,RSPO Certified,"RSPO Certified, MB",2019-10-31,-3.61433000000,115.61083000000,IDN,Indonesia,Kalimantan Selatan,Tanah Bumbu,1-Fully Verified,,,"LADANG RUMPUN SUBUR ABADI (ANGSANA),ANGSANA POM,,LADANG RUMPUN SUBUR ABADI,ANGSANA FACTORY,,,,,SIME DARBY PLANTATION SDN BHD,SIME DARBY PLANTATION SDN BHD,SIME DARBY PLANTATION - ANGSANA POM, PT LSI,SIME DARBY PLANTATION - ANGSANA POM, PT LSI,SIME DARBY PLANTATION - ANGSANA POM, PT LSI,SIME DARBY PLANTATION - ANGSANA POM, PT LSI,SIME DARBY PLANTATION - ANGSANA POM, PT LSI,SIME DARBY PLANTATION - ANGSANA POM, PT LSI,SIME DARBY PLANTATION - ANGSANA POM, PT LSI,SIME DARBY PLANTATION - ANGSANA POM, PT LSI,SIME DARBY PLANTATION - ANGSANA POM, PT LSI,SIME DARBY PLANTATION - ANGSANA POM, PT LSI,LADANG RUMPUN SUBUR ABADI
(ANGSANA),MAKMUR ABADI RAYA,SIME DARBY PLANTATION - ANGSANA POM PT LSI,SIME DARBY PLANTATION - ANGSANA POM PT LSI,(ANGSANA),,LADANG RUMPUN SUBUR ABADI - ANGSANA,"
PO1000000326,ALUR DUMAI,SIME DARBY,Sime Darby Guthrie (SDGI),LAHAN TANI SAKTI,,,RSPO Certified,"RSPO Certified, IP",2019-10-31,1.56111000000,100.54167000000,IDN,Indonesia,Riau,Rokan Hilir,1-Fully Verified,,,"LAHAN TANI SAKTI,LAHAN TANI SAKTI (ALUR DUMAI),,LAHAN TANI SAKTI-ALUR DUMAI,,,,,,,,,,,SIME DARBY PLANTATION SDN BHD,ALUR DUMAI
FACTORY,ALUR DUMAI FACTORY,SIME DARBY PLANTATION - ALUR DUMAI POM PT LTS,SIME DARBY PLANTATION - ALUR DUMAI PO,,,ARBY PLANTATION - ALUR DUMAI POM,ALUR DUMAI PALM OIL MILL"
PO1000000327,PONDOK LABU,SIME DARBY,Sime Darby Guthrie (SDGI),PARIPURNA SWAKARSA,,,RSPO Certified,"RSPO Certified, IP",2019-10-31,-2.474770,116.506800,IDN,Indonesia,Kalimantan Selatan,Kota Baru,1-Fully Verified,,,"PARIPURNA SWAKARSA PONDOK LABU,PONDOK LABU POM,,,SIME DARBY PLANTATION SDN BHD,SIME DARBY PLANTATION SDN BHD,SIME DARBY PLANTATION - PONDOK LABU POM, PT PSA,SIME DARBY PLANTATION - PONDOK LABU POM, PT PSA,SIME DARBY PLANTATION - PONDOK LABU POM, PT PSA,SIME DARBY PLANTATION - PONDOK LABU POM, PT PSA,SIME DARBY PLANTATION - PONDOK LABU POM, PT PSA,SIME DARBY PLANTATION - PONDOK LABU POM, PT PSA,SIME DARBY PLANTATION - PONDOK LABU POM, PT PSA,SIME DARBY PLANTATION - PONDOK LABU POM, PT PSA,SIME DARBY PLANTATION - PONDOK LABU POM, PT PSA,SIME DARBY PLANTATION - PONDOK LABU POM, PT PSA,PARIPURNA SWAKARSA (PONDOK LABU
POM),PARIPURNA SWAKARSA (PONDOK LABU POM),PONDOK LABU FACTORY,SIME DARBY PLANTATION - PONDOK LABU POM PT PSA,SIME DARBY PLANTATION - PONDOK LABU POM PT PSA"
PO1000000328,SELABAK,SIME DARBY,Sime Darby Guthrie (SDGI),SWADAYA ANDIKA,,,Not RSPO Certified,,2019-10-31,-2.497250,116.203076,IDN,Indonesia,Kalimantan Selatan,Kota Baru,1-Fully Verified,,,"LAGUNA MANDIRI SELABAK,SWADAYA ANDIKA (PKS SELABAK),,SIME DARBY PLANTATION SDN BHD,SIME DARBY PLANTATION - SELABAK POM, PT SAA,SIME DARBY PLANTATION - SELABAK POM, PT SAA,SIME DARBY PLANTATION - SELABAK POM, PT SAA,SIME DARBY PLANTATION - SELABAK POM, PT SAA,SIME DARBY PLANTATION - SELABAK POM, PT SAA,SIME DARBY PLANTATION - SELABAK POM, PT SAA,SIME DARBY PLANTATION - SELABAK POM, PT SAA,SIME DARBY PLANTATION - SELABAK POM, PT SAA,SIME DARBY PLANTATION - SELABAK POM, PT SAA,SIME DARBY PLANTATION - SELABAK POM, PT SAA,SWADAYA ANDIKA (SELABAK),SIME DARBY PLANTATION - SELABAK POM PT SAA,SIME DARBY PLANTATION - SELABAK POM PT SAA"
PO1000000329,ANGSANA MINI,SIME DARBY,Sime Darby Guthrie (SDGI),SAJANG HEULANG,,,Not RSPO Certified,,2019-10-31,-3.67278000000,115.62193000000,IDN,Indonesia,Kalimantan Selatan,Tanah Bumbu,1-Fully Verified,,,"SAJANG HEULANG (ANGSANA MINI),ANGSANA MINI FACTORY"
PO1000000330,MANGGALA,SIME DARBY,Sime Darby Guthrie (SDGI),TUNGGAL MITRA PLANTATIONS,,,RSPO Certified,"RSPO Certified, IP",2019-10-31,1.52053000000,100.73190000000,IDN,Indonesia,Riau,Rokan Hilir,1-Fully Verified,,,"TUNGGAL MITRA PLANTATION,TUNGGAL MITRA PLANTATION (MANGGALA),MANGGALA MILL,,TUNGGAL MITRA PLANTATIONS-MANGGALA,,,,TUNGGAL MITRA PLANTATIONS,,,,,,,,MANGGALA POM,PT KARYABADI SAMASEJATI,TUNGGAL MITRA PLANTATIONS (MANGGALA),,,,MANGGALA FACTORY,NGGAL MITRA PLANTATIONS-MANGGA,MANGGALA PALM OIL MILL"
PO1000000331,UNGKAYA,SIME DARBY,Sime Darby Guthrie (SDGI),TAMACO GRAHA KRIDA,,,RSPO Certified,"RSPO Certified, MB",2019-10-31,-2.22278000000,121.56361000000,IDN,Indonesia,Sulawesi Tengah,Morowali,1-Fully Verified,,,"TAMACO GRAHA KRIDA (UNGKAYA),,PT TAMACO GRAHA KRIDA - UNGKAYA,,,,,,,,TAMACO GRAHA KRIDA,,,,TAMACO GRAHA KRINDA-UNGKAYA,TAMACO GRAHA KRIDA(UNGKAYA),MINAMAS,,,,"
PO1000000338,SUNGAI JERNIH,BOUSTEAD PLANTATIONS BERHAD,Boustead,BOUSTEAD PLANTATIONS BERHAD,,,RSPO Certified,"RSPO Certified, IP",2019-10-31,3.33700000000,103.09997000000,MYS,Malaysia,Pahang,Pekan,1-Fully Verified,,,"BOUSTEAD ESTATES AGENCY SDN BHD (SG JERNIH),KILANG KELAPA SAWIT SUNGAI JERNIH,KKS SG.JERNIH,KILANG KELAPA SAWIT SUNGAI
JERNEH,,,SG. JERNIH,KILANG KELAPA SAWIT SUNGAI JERNEH,,,,,,KILANG KELAPA SAWIT SG JERNIH,,,,KKS SUNGAI JERNIH,KKS SUNGAI JERNIH,BOUSTEAD ESTATE AGENCY SDN BHD,BOUSTEAD ESTATE AGENCY SDN BHD,BOUSTEAD ESTATE AGENCY SDN BHD,,KILANG KELAPA SAWIT SUNGAI
JERNIH,BOUSTEAD ESTATES AGENCY SDN BHD (SG
JERNIH),BOUSTEAD RIMBA NILAI - SUNGAI JERNIH BUSINESS UNIT,SIANCUMUN MILL,BOUSTEAD ESTATES AGENCY
SDN BHD (SG JERNIH),BOUSTEAD ESTATES AGENCY
SDN BHD (SG JERNIH),BOUSTEAD ESTATES AGENCY
SDN BHD (SG JERNIH),BOUSTEAD RIMBA NILAI - SUNGAI JERNIH BUSINESS UNIT,,,SRI JELUTUNG POM,,,,BOUSTEAD-SUNGAI JERNIH - MILL"
PO1000000340,KERESA,KERESA PLANTATIONS SDN BHD,Keresa Plantations,KERESA MILL SDN BHD,,,RSPO Certified,"RSPO Certified, MB",2019-10-31,3.16411000000,113.60018000000,MYS,Malaysia,Sarawak,Bintulu,1-Fully Verified,,,"KERESA PONDOK LABU,KERESA MILL SDN BHD,,KERESA MILL,,,,,,,,KERESA MILL SDN. BHD.,KERESA MILL SDN. BHD.,KERESA PLANTATION SDN BHD,KERASA,KERESA PALM OIL MILL,KERESA POM,,,,"
PO1000000345,TUNGKAL ULU,ROYAL GOLDEN EAGLE,Royal Golden Eagle (RGE),INTI INDOSAWIT SUBUR,,,RSPO Certified,"RSPO Certified, MB",2019-10-31,-1.30138000000,102.97935000000,IDN,Indonesia,Jambi,Tanjung Jabung B,3-Low Confidence,,,"KUALA TUNGKAL,PT INTI INDOSAWIT SUBUR TUNGKAL ULU,TUNGKAL,INTI INDOSAWIT SUBUR,,,,,,,PT INTI INDOSAWIT SUBUR TUNGKAL ULU POM,INTI INDOSAWIT SUBUR (PKS TUNGKAL),INTI INDOSAWIT SUBUR PT (ASIAN AGRI GROUP),INTI INDOSAWIT SUBUR (TUNGKAL ULU),TUNGKAL ULU (PTU)"
PO1000000347,KEMPAS (SOU 17),SIME DARBY,Sime Darby Guthrie (SDGI),SIME DARBY PLANTATION BHD,Sime Darby Guthrie (SDGI),,RSPO Certified,"RSPO Certified, IP",2019-10-31,2.24352000000,102.48139000000,MYS,Malaysia,Melaka,Jasin,1-Fully Verified,,,"KEMPAS POM,,SIME DARBY PLANTATION BERHAD,KEMPAS POM(SOU17),KEMPAS PALM OIL,,,KEMPAS,,,,,,KEMPAS OIL MILL,KEMPAS  PALM OIL MILL,,,,,,,KEMPAS PALM OIL MILL,KEMPAS PALM OIL MILL,SIME DARBY PLANTATION SDN BHD,SIME DARBY PLANTATION SDN BHD,SIME DARBY-KEMPAS OIL SDN BHD,,,,KEMPAS P0M(SOU17),KEMPAS P0M(S0U17),,"
PO1000000352,TANAH GAMBUS,SOCFIN,SOCFIN,SOCFIN INDONESIA,,,RSPO Certified,"RSPO Certified, IP",2019-10-31,3.20417000000,99.40389000000,IDN,Indonesia,Sumatera Utara,Batu Bara,1-Fully Verified,,,"SOCFINDO (PKS TANAH GAMBUS),,PT TANAH GAMBUS,,TANAH PUTIH,,,,PT SOCFIN INDONESIA,,,,ABDI BUDI MULIA 1165"
PO1000000354,PKS-1,DHARMA SATYA NUSANTARA (DSN),Dharma Satya Nusantara (DSN),SWAKARSA SINAR SENTOSA,,,RSPO Certified,"RSPO Certified, MB",2019-10-31,1.12430000000,116.85182000000,IDN,Indonesia,Kalimantan Timur,Kutai Timur,1-Fully Verified,,,"SWAKARSA SINARSENTOSA,SWAKARSA SINAR SENTOSA,PKS 1 (DSN),,,,,,,PKS 1,,,,,,,,DSN POM-1,SWAKARSA SINARSENTOSA (DSN 1),,,,ABDI BUDI MULIA 814"
PO1000000355,PANGKALAN LESUNG,MUSIM MAS,Musim Mas,MUSIM MAS,Musim Mas,,RSPO Certified,"RSPO Certified, IP",2019-10-31,-0.05000000000,102.07500000000,IDN,Indonesia,Riau,Pelalawan,2-High Confidence,,,"MUSIM MAS-PANGKALAN LESUNG,PT MUSIM MAS PABRIK KELAPA SAWIT PANGKALAN LESUNG,,,,,,,,,,,,,,MUSIM MAS,MUSIM MAS,PANGKALAN LESUNG PALM OIL MILL,,"
PO1000000382,BUATAN II,ROYAL GOLDEN EAGLE,Royal Golden Eagle (RGE),INTI INDOSAWIT SUBUR,,,RSPO Certified,"RSPO Certified, MB",2019-10-31,0.46000000000,101.86736100000,IDN,Indonesia,Riau,Siak,1-Fully Verified,,,"PKS BUATAN II,PT INTI INDOSAWIT SUBUR BUATAN II,INTI INDOSAWIT SUBUR (PKS BUATAN II),INTI INDOSAWIT SUBUR,,,,,,,BUATAN 2,ASIAN AGRI,INTI INDOSAWIT SUBUR (BUATAN II),TANAH DATAR+I6:N6,,,BUATAN II (PBD),,"
PO1000000407,AGROPALMA/CRAI-AGROPAR,AGROPALMA,AGROPALMA,AGROPALMA,,,Not RSPO Certified,,2019-10-31,-2.52676000000,-48.79663000000,BRA,Brazil,Pará,Tailândia,1-Fully Verified,,,"CRAI/AGROPAR,AMAPALMA/CRAI-AGROPAR,AMAPALMA,CRAI-AGROPAR,,,,,,,AGROPALMA GROUP,AGROPALMA/CRAI-
AGROPAR,AGROPALMA GROUP - CRAI/AGROPAR AND AMAPALMA MILLS"
PO1000000408,AGROPALMA,AGROPALMA,AGROPALMA,AGROPALMA,,,Not RSPO Certified,,,-2.54272800,-48.70532800,BRA,Brazil,Pará,Tailândia,1-Fully Verified,,,AGROPALMA (SAO PAOLO)
PO1000000411,MANDAU,KUALA LUMPUR KEPONG (KLK),KUALA LUMPUR KEPONG (KLK),ADEI PLANTATION AND INDUSTRY,,,RSPO Certified,"RSPO Certified, IP, MB",2019-10-31,1.08194400000,101.33336100000,IDN,Indonesia,Riau,Bengkalis,1-Fully Verified,,Crusher,"ADEI PLANTATION AND INDUSTRY (MANDAU),,ADEI PLANTATION & INDUSTRY (MANDAU) JL,ADEI PLANTATION AND INDUSTRY-MANDAU,,,,,MANDAU PALM OIL MILL,MANDAU PALM OIL MILL,PT. ADEI PLANTATION & INDUSTRY,KUALA LUMPUR KEPONG BHD,MANDAU POM,PT ADEI PLANTATION & INDUSTRY (MANDAU) JL,PT ADEI PLANTATION & INDUSTRY
(MANDAU) JL,,,,ADEI PLANTATION AND INDUSTRY
(MANDAU),,PT ADEI PLANTATION & INDUSTRY (MANDAU)
JL,,"
PO1000000427,PINANG,KUALA LUMPUR KEPONG (KLK),KUALA LUMPUR KEPONG (KLK),KL-KEPONG (SABAH) SDN BERHAD,,,RSPO Certified,"RSPO Certified, IP",2019-10-31,4.45041000000,118.27819000000,MYS,Malaysia,Sabah,Semporna,1-Fully Verified,,,"SABAH 1,KLKS-PINANG POM,,KL-KEPONG (SABAH) PINANG,KLK (S)
PINANG PALM
OIL MILL,,,,,KLK TAWAU PINANG POM,KLK (S) PINANG PALM OIL MILL,,KL-KEPONG (SABAH) SDN BHD (MILL 1),K.K.S. PINANG,K.K.S. PINANG,KUALA LUMPUR KEPONG BHD,PINANG PALM OIL,,KLK (S) PINANG
PALM OIL MILL,,KL-KEPONG (SABAH) SDN BHD (PINANG POM),,KL-KEPONG (SABAH) SDN. BHD. - PINANG POM,PINANG PALM OIL MILL,KL-KEPONG (SABAH) SDN BHD,PINANG/ TAWAU PINANG"
PO1000000428,MILL 2,KUALA LUMPUR KEPONG (KLK),KUALA LUMPUR KEPONG (KLK),KL-KEPONG (SABAH) SDN BERHAD,,,RSPO Certified,"RSPO Certified, IP",2019-10-31,4.45509000000,118.22383000000,MYS,Malaysia,Sabah,Tawau,1-Fully Verified,,,"SABAH 2,KUALA LUMPUR KEPONG SABAH SDN.,,KLK (S) MILL 2,SABAH MILL 2,KLK (S) MILL
1 PALM OIL
MILL,KLK (S) MILL
2 PALM OIL
MILL,,,KLK KKS 1,,KL-KEPONG MILL 1,KL-KEPONG (SABAH) SDN BHD (MILL 2),,KLK MILL 2,MILL 1 & 2,KLK (S) MILL 1,KUALA LUMPUR KEPONG BHD,KUALA LUMPUR KEPONG SABAH SDN.
BHD. (MILL 2),KUALA LUMPUR KEPONG SABAH SDN. BHD. (MILL 2),KLK (S) MILL 1
PALM OIL MILL,KLK (S) MILL 2
PALM OIL MILL,KLK PINANG MILL 2 PALM OIL MILL,MILL 2 POM,KLK PINANG  - MILL 2 POM,,,,,KLK (S) MILL 1 PALM OIL MILL,KL-KEPONG (SABAH) SDN BHD (MILL,KLK (S) MILL 2 PALM OIL MILL,KLK KKS 2,KLK (S) 2"
PO1000000438,TRANG PLANT,LAM SOON (THAILAND),LAM SOON (THAILAND),LAM SOON (THAILAND),,,RSPO Certified,"RSPO Certified, IP, MB",2019-10-31,7.71000000000,99.32050000000,THA,Thailand,Trang,Sikao,1-Fully Verified,,,"TRANG PALM OIL CO.,LTD,TRANG PALM OIL CO.,LTD,TRANG,TRANG PALM OIL CO.,LTD,TRANG PALM OIL CO.,LTD,TRANG PALM OIL,TRANG PALM OIL CO.,LTD,TRANG PALM OIL CO.,LTD,TRANG PALM OIL CO.,LTD,TRANG PALM OIL CO.,LTD,TRANG PALM OIL CO.,LTD,TRANG PALM OIL CO.,LTD,LAM SOON (THAILAND) PUBLIC COMPANY LIMITED. (TRANG)"
PO1000000451,BANGUN BANDAR MILL,SOCFIN,SOCFIN,SOCFIN INDONESIA,,,RSPO Certified,"RSPO Certified, IP",2019-10-31,3.33166000000,99.04333000000,IDN,Indonesia,Sumatera Utara,Serdang Bedagai,1-Fully Verified,,,"BANGUN BANDAR,,,SOCFIN,,,,"
PO1000000505,MASAI,KECK SENG (M) BERHAD,Keck Seng (M),KECK SENG (M) BERHAD,,,RSPO Certified,"RSPO Certified, MB",2019-10-31,1.54053000000,103.96495000000,MYS,Malaysia,Johor,Johor Baharu,1-Fully Verified,,,"MASAI PALM OILL MILL,KECK SENG,MASAI PALM OIL MILL,KECK SENG (M) BERHAD,,MASAI PALM OIL MIL,KECK SENG (M) BHD,ABDI BUDI MULIA 610"
PO1000000512,CAKRA,REA HOLDINGS,R.E.A. Holdings,REA KALTIM,,,RSPO Certified,"RSPO Certified, MB",2019-10-31,0.26533000000,116.26642000000,IDN,Indonesia,Kalimantan Timur,Kutai Kartanegara,1-Fully Verified,,,"CAKARA,CAKRA OIL MILL,CAKRA OIL MILL (COM),,,,REA KALTIM - CAKRA"
PO1000000514,JENGKA 3,FGV HOLDINGS BERHAD,FGV,FGV PALM INDUSTRIES SDN BHD,,,Not RSPO Certified,,2019-10-31,3.69466000000,102.59472000000,MYS,Malaysia,Pahang,Maran,1-Fully Verified,,,"KILANG KELAPA SAWIT JENGKA 3,KILANG SAWIT JENGKA 3,KS JENGKA 3,K.K.S JENGKA 3,JENGKA 3 POM,KKS JENGKA 3,KKS JENGKA 3,FGVT-JENGKA 3,FGV HOLDINGS BHD,"
PO1000000520,MAMBA,NBPOL,NBPOL,KULA PALM OIL LTD - HIGATURU OIL PALMS,,,RSPO Certified,"RSPO Certified, IP",2019-10-31,-8.85467000000,147.70694000000,PNG,Papua New Guinea,Oro,Sohe,1-Fully Verified,,,"MAMBA MILL,MAMBA*,KULA PALM OIL LTD - HIGATURU OIL PALMS (PART OF NBPOL GROUP),KULA PALM OIL LTD - HIGATURU OIL PALMS (PART OF NBPOL GROUP),KULA PALM OIL LTD - HIGATURU OIL PALMS (PART OF NBPOL GROUP),KULA PALM OIL LTD - HIGATURU OIL PALM (PART OF NBPO,KULA PALM OIL LTD - HIGATURU OIL PALM (PART OF NBPOL GROUP),KULA PALM OIL - MILNE BAY ESTATES - MAMBA,ABDI BUDI MULIA 601"
PO1000000521,HAGITA,NBPOL,NBPOL,KULA PALM OIL LTD - MILNE BAY ESTATES,,,RSPO Certified,"RSPO Certified, IP",2019-10-31,-10.31573000000,150.28623000000,PNG,Papua New Guinea,Milne Bay,Alotau,1-Fully Verified,,,",,,,,,,HAGITA MIMLL,HAGITA*,KULA PALM OIL LTD - MILNE BAY ESTATES (PART OF NBPOL GROUP),KULA PALM OIL LTD - MILNE BAY ESTATES (PART OF NBPOL GROUP),KULA PALM OIL LTD - MILNE BAY ESTATES (PART OF NBPOL GROUP),KULA PALM OIL LTD, MILNE BAY ESTATES,KULA PALM OIL LTD, MILNE BAY ESTATES,KULA PALM OIL LTD, MILNE BAY ESTATES,KULA PALM OIL LTD - MILNE BAY ESTATES (HAGITA),KULA PALM OIL LTD - MILNE BAY ESTATES
(HAGITA),HAGITA POM,KULA PALM OIL - MILNE BAY ESTATES - HAGITA"
PO1000000524,ASIA,JC CHANG (PTE) LTD,JC CHANG,ASIA OIL PALM SDN BHD,,,RSPO Certified,"RSPO Certified, MB",2019-10-31,5.29278100000,118.20681700000,MYS,Malaysia,Sabah,Kinabatangan,1-Fully Verified,,,"ASIA OIL,ASIA OIL PALM SDN BHD,,,,,,,,,,,,,,,,,,K.K.S. ASIA,K.K.S. ASIA,CAROTINO/JC CHANG GROUP - MELEWAR PRODUCTION UNIT,ASIA POM,,,ASIA PALM OIL MIL"
PO1000000527,MELEWAR,JC CHANG (PTE) LTD,JC CHANG,MELEWAR PROPERTIES SDN BHD,,,RSPO Certified,"RSPO Certified, MB",2019-10-31,5.27222000000,118.05344000000,MYS,Malaysia,Sabah,Kinabatangan,1-Fully Verified,,,"MELEWAR PROPERTIES,MELEWAR PROPERTIES SDN BHD,,,,,,,,,,,,,,,,,,K.K.S. MELEWAR,K.K.S. MELEWAR,CAROTINO/JC CHANG GROUP- MELEWAR PRODUCTION UNIT,MELEWAR PALM OIL MILL,CAROTINO/JC CHANG GROUP - MELEWAR PRODUCTION,,,JC CHANG GROUP - MELEWAR PRODU"
PO1000000530,AUSTINDO NUSANTARA JAYA AGRI BINANGA,ANJ AGRO,ANJ AGRO,AUSTINDO NUSANTARA JAYA AGRI,,,RSPO Certified,"RSPO Certified, MB",2019-10-31,1.47948000000,99.95717000000,IDN,Indonesia,Sumatera Utara,Padang Lawas Utara,2-High Confidence,,,"BINANGA,AUSTINDO NUSANTARA JAYA AGRI (PKS
BINANGA),AUSTINDO NUSANTARA JAYA AGRI (PKS BINANGA),AUSTINDO NUSANTARA JAYA AGRIBINANGA,,ABDI BUDI MULIA 74,AUSTINDO NUSANTARA JAYA AGRI (PKS"
PO1000000531,JANGKANG,ANJ AGRO,ANJ AGRO,SAHABAT MEWAH & MAKMUR,,,RSPO Certified,"RSPO Certified, MB",2019-10-31,-2.99692000000,107.87665000000,IDN,Indonesia,Bangka Belitung,Belitung Timur,1-Fully Verified,,,"SAHABAT MEWAH DAN MAKMUR (JANGKANG),(JANGKANG),SAHABAT MEWAH DAN MAKMUR,SAHABAT MEWAH & MAKMUR (JANGKANG),PT. SAHABAT MEWAH DAN MAKMUR,SAHABAT MEWAH DAN
MAKMUR,SAHABAT MEWAH & MAKMUR
(JANGKANG),ABDI BUDI MULIA 391"
PO1000000540,SYARIMO,IOI CORPORATION,IOI,SYARIMO SDN BHD,,,RSPO Certified,"RSPO Certified, IP",2019-10-31,5.33404000000,117.78133000000,MYS,Malaysia,Sabah,Kinabatangan,1-Fully Verified,,,"SYARIMO GROUPING,,SYARIMO PALM OIL MILL,,,,,,,,,,,,,,K.K.S. SYARIMO,K.K.S. SYARIMO,IOI CORPORATION BHD,IOI CORPORATION BHD,IOI CORPORATION BHD,SYARIMO SDN BHD - SYARIMO PALM OIL MILL,SYARIMO SDN BHD - SYARIMO PALM OIL MILL,UMADA,SYARIMO MILL,SYARIMO POM,,"
PO1000000541,LADANG SABAH,IOI CORPORATION,IOI,LADANG SABAH SDN BHD,,,RSPO Certified,"RSPO Certified, IP",2019-10-31,5.72999000000,117.57775000000,MYS,Malaysia,Sabah,Beluran,1-Fully Verified,,,"LADANG SABAH GROUPING,LADANG SABAH MILL,,,,,,,,,,,,,,K.K.S. LADANG SABAH,K.K.S. LADANG SABAH,IOI CORPORATION BHD,IOI CORPORATION BHD,IOI CORPORATION BHD,LADANG SABAH SDN BHD - LADANG SABAH PALM OIL MILL,LADANG SABAH SDN BHD - LADANG SABAH PALM OIL MILL,LADANG SABAH PALM OIL MILL,LADANG SABAH POM,,,LADANG SABAH OIL MILL"
PO1000000553,PKS 4,SUNGAI BUDI,SUNGAI BUDI,TUNAS BARU LAMPUNG,,,Not RSPO Certified,,2019-10-31,-2.90592000000,104.91387000000,IDN,Indonesia,Sumatera Selatan,Banyu Asin,1-Fully Verified,,,"CINTA MANIS LAMA,TUNAS BARU LAMPUNG,PT TUNAS BARU LAMPUNG TBK,,,ABDI BUDI MULIA 810"
PO1000000560,PINANG AWAM,WILMAR,Wilmar,PERKEBUNAN MILANO,,,RSPO Certified,"RSPO Certified, MB",2019-10-31,1.84283000000,100.20314000000,IDN,Indonesia,Sumatera Utara,Labuhanbatu Selatan,1-Fully Verified,,,"PERKEBUNAN MILANO (PINANG AWAN),,PERKEBUNAN MILANO PINANG AWAN,PINANG AWAN,,,,,,,,,ABDI BUDI MULIA 796"
PO1000000561,KENCANA SAWIT INDONESIA,WILMAR,Wilmar,KENCANA SAWIT INDONESIA,,,RSPO Certified,"RSPO Certified, MB",2019-10-31,-1.46778000000,101.51444000000,IDN,Indonesia,Sumatera Barat,Solok Selatan,1-Fully Verified,,,"PT KENCANA SAWIT INDONESIA POM,,,"
PO1000000562,BURNAI TIMUR,WILMAR,Wilmar,TANIA SELATAN,,,RSPO Certified,"RSPO Certified, MB",2019-10-31,-3.62700000000,104.86947000000,IDN,Indonesia,Sumatera Selatan,Ogan Komering Ilir,1-Fully Verified,,,"TANIA SELATAN,,,,,,,,,ABDI BUDI MULIA 193"
PO1000000567,KAYANGAN,SALIM GROUP,Salim,SALIM IVOMAS PRATAMA,,,Not RSPO Certified,,2019-10-31,1.66325000000,100.59025000000,IDN,Indonesia,Riau,Rokan Hilir,1-Fully Verified,,,
PO1000000576,BUKIT MENDI,FGV HOLDINGS BERHAD,FGV,FGV PALM INDUSTRIES SDN BHD,,,Not RSPO Certified,,2019-10-31,3.20580000000,102.30344000000,MYS,Malaysia,Pahang,Bera,1-Fully Verified,,,"K.K.S BUKIT MENDI,KS BUKIT MENDI,KILANG SAWIT BUKIT MENDI,,,,,K.K.S. BUKIT MENDI,K.K.S. BUKIT MENDI,FELDA GLOBAL VENTURE BHD,FGV PALM INDUSTRIES SDN. BHD. - KILANG SAWIT BUKIT MENDI,FGV PALM INDUSTRIES SDN. BHD. - KILANG SAWIT BUKIT MENDI,,BUKIT MENDI POM,GSIP,KS JENGKA 3 - FELDA,,,,,,KS BUKIT MENDI-
PAHANG"
PO1000000600,SARANA TITIAN PERMATA PKS 1,WILMAR,Wilmar,SARANA TITIAN PERMATA,,,Not RSPO Certified,,2019-10-31,-2.89444000000,112.54361000000,IDN,Indonesia,Kalimantan Tengah,Seruyan,1-Fully Verified,,,"SARANA TITIAN PERMATA,SARANA TITIAN PERMATA (TANJUNG,SARANA TITIAN PERMATA 1 (TANJUNG RANGAS),SARANA TITIAN PERMATA 1 TANJUNG RANGAS,,PEMATANG LIMAU,PEMATANG LIMAU,,,SARANA TITIAN PERMATA (TANJUNG RANGAS),SARANA TITIAN PERMATA (TANJUNG
RANGAS),SEI INTAN POM,RANGAS,,,,TANJUNG RANGAS,ABDI BUDI MULIA 907"
PO1000000601,AMP PLANTATION,WILMAR,Wilmar,AMP PLANTATION,,,RSPO Certified,"RSPO Certified, MB",2019-10-31,-0.15472000000,100.02917000000,IDN,Indonesia,Sumatera Barat,Agam,1-Fully Verified,,,"AGRO MINANG PERKASA,,,,PT AMP POM,AMP PLANTATION UNIT POM,,,"
PO1000000603,SEROJA,FGV HOLDINGS BERHAD,FGV,FGV PALM INDUSTRIES SDN BHD,,,Not RSPO Certified,,2019-10-31,3.59038000000,102.55915000000,MYS,Malaysia,Pahang,Maran,1-Fully Verified,,,"KILANG SAWIT SEROJA,KS SEROJA,,,,,,,KILANG KELAPA SAWIT SEROJA,,,,LEPAR UTARA 6 POM,K.K.S. SEROJA,SEROJA POM,FGVT-SEROJA,FGV HOLDINGS BHD,,,,,"
PO1000000607,JENGKA 21,FGV HOLDINGS BERHAD,FGV,FGV PALM INDUSTRIES SDN BHD,,,RSPO Certified,"RSPO Certified, MB",2019-10-31,3.74024000000,102.48963000000,MYS,Malaysia,Pahang,Maran,1-Fully Verified,,,"KILANG KELAPA SAWIT JENGKA 21,KILANG SAWIT JENGKA 21,KS JENGKA 21,,K.K.S JENGKA 21,,,SLS 2,FGVT-JENGKA 21,FGV HOLDINGS BHD,,,,,"
PO1000000614,LAMTHAP MILL,UNIVANICH PALM OIL,UNIVANICH PALM OIL,UNIVANICH PALM OIL,,,RSPO Certified,"RSPO Certified, MB",2019-10-31,8.00032000000,99.33069000000,THA,Thailand,Krabi,Lam Thap,1-Fully Verified,,,"LAMTHAP,UNIVANICH PALM OIL PCL- LAMTHAP,UNIVANICH PALM OIL PCL- LAMTHAP
MILL,UNIVANICH PALM OIL PCL- LAMTHAP MILL,PMKS WIRA KARYA PRAMITRA"
PO1000000638,TAPUNG KANAN,KUALA LUMPUR KEPONG (KLK),KUALA LUMPUR KEPONG (KLK),SEKARBUMI ALAMLESTARI,,,RSPO Certified,"RSPO Certified, MB",2019-10-31,0.75722000000,101.21972000000,IDN,Indonesia,Riau,Kampar,1-Fully Verified,,,"SEKARBUMI ALAM LESTARI (TAPUNG KANAN),SEKARBUMI PALM OIL MILL,SEKAR BUMI ALAM LESTARI,SEKARBUMI ALAMLESTARI PALM OIL MILL,PT SEKARBUMI,SEKARBUMI ALAM LESTARI,"
PO1000000674,PADANG PIOL,FGV HOLDINGS BERHAD,FGV,FGV PALM INDUSTRIES SDN BHD,,,Not RSPO Certified,,2019-10-31,4.02389000000,102.38833000000,MYS,Malaysia,Pahang,Jerantut,1-Fully Verified,,,"KILANG SAWIT PADANG PIOL,KS PADANG PIOL,,,,PADANG PIOL POM,K.K.S PADANG PIOL,K.K.S. PADANG PIOL,K.K.S. PADANG PIOL,FGVT-PADANG PIOL,FGV HOLDINGS BHD,"
PO1000000694,TOPI MILL,UNIVANICH PALM OIL,UNIVANICH PALM OIL,UNIVANICH PALM OIL,,,RSPO Certified,"RSPO Certified, IP",2019-10-31,8.57879000000,98.92075000000,THA,Thailand,Surat Thani,Prasaeng,1-Fully Verified,,,"TOPI,UNIVANICH PALM OIL PCL -TOPI,TOPI FACTORY,USAHA POM,UNIVANICH PALM OIL PCL -TOPI MILL"
PO1000000695,SIAM MILL,UNIVANICH PALM OIL,UNIVANICH PALM OIL,UNIVANICH PALM OIL,,,RSPO Certified,"RSPO Certified, MB",2019-10-31,8.38562000000,98.72913000000,THA,Thailand,Krabi,Ao Luk,1-Fully Verified,,,"SIAM,UNIVANICH PALM OIL PCL - SIAM,UNIVANICH PALM OIL PCL,UNIVANICH PALM OIL PCL - SIAM
MILL,UNIVANICH PALM OIL PCL - SIAM MILL,SEMANOK POM,UNIVANISH PALM OIL,ABDI BUDI MULIA 1011"
PO1000000706,BLANG SIMPO,SIME DARBY,Sime Darby Guthrie (SDGI),PERKASA SUBUR SAKTI,,,RSPO Certified,"RSPO Certified, MB",2019-10-31,4.70789000000,97.83843000000,IDN,Indonesia,Aceh,Aceh Timur,1-Fully Verified,,,"PERKASA SUBUR SAKTI (BLANG SIMPO),,PERKASA SUBUR SAKTI - BLANG SIMPO,PERKASA SUBUR SAKTI,BAHANA NUSA INTERINDO,BLANG SIMPO FACTORY,,PT PERKASA SUBUR SAKTI,,,,,,,"
PO1000000762,TRIANG,FGV HOLDINGS BERHAD,FGV,FGV PALM INDUSTRIES SDN BHD,,,RSPO Certified,"RSPO Certified, MB",2019-10-31,3.27000000000,102.57700000000,MYS,Malaysia,Pahang,Bera,1-Fully Verified,,,"KILANG KELAPA SAWIT TRIANG,KILANG KELAPA SAWIT TRIANG,KS TRIANG,,,,KILANG SAWIT TRIANG,TRIANG POM,K.K.S. TRIANG,K.K.S. TRIANG,K.K.S TRIANG,FELDA TRIANG PALM OIL MILL COMPANY,FGVT-TRIANG,FGV HOLDINGS BHD,"
PO1000000819,EXTRACTORA NATURAL S.A. EXTRANATU,NATURAL HABITATS GROUP,Natural Habitats Group,EXTRACTORA NATURAL S.A. EXTRANATU,,,RSPO Certified,"RSPO Certified, IP",2019-10-31,0.67830000000,-79.53985000000,ECU,Ecuador,Esmeraldas,Esmeraldas,1-Fully Verified,,,"EXTRACTORA NATURAL ECUADOR,EXTRACTORA NATURAL ECUADOR S.A. EXT,EXTRACTORA NATURAL ECUADOR S.A.,EXTRANATU S.A.,EXTRACTORA NATURAL ECUADOR S.A. EXTRANATU,EXTRACTORA NATURAL ECUADOR S.A. EXTRANATU,EXTRACTORA NATURAL ECUADOR S.A. EXTRANA,EXTRACTORA NATURAL"
PO1000000820,KEMASUL,FGV HOLDINGS BERHAD,FGV,FGV PALM INDUSTRIES SDN BHD,,,RSPO Certified,"RSPO Certified, MB",2019-10-31,3.27250000000,102.23139000000,MYS,Malaysia,Pahang,Bentong,1-Fully Verified,,,"KS KEMASUL,KILANG SAWIT KEMASUL,,,,K.K.S KEMASUL,,,,,,,K.K.S. KEMASUL,K.K.S. KEMASUL,FELDA GLOBAL VENTURE BHD,,,,,,KS KEMASUL -
PAHANG"
PO1000000829,MUSTIKA,SIME DARBY,Sime Darby Guthrie (SDGI),SAJANG HEULANG,,,RSPO Certified,"RSPO Certified, MB",2019-10-31,-3.48861000000,115.73861000000,IDN,Indonesia,Kalimantan Selatan,Tanah Bumbu,1-Fully Verified,,,"SAJANG HEULANG (MUSTIKA),SAJANG HEULANG (MUSTIKA MILL),,,,,,MUSTIKA OIL MILL,MUSTIKA OIL MILL,SIME DARBY PLANTATION SDN BHD,SIME DARBY PLANTATION SDN BHD,PT. SAJANG HEULANG,PT. SAJANG HEULANG,SAWIT LANGKAT POM,SAJANG HEULANG,SAJANG HEULANG - MUSTIKA FACTORY,,,ANGSANA MINI"
PO1000000879,SEI MANGKEI,PTPN III,PTPN III,PERKEBUNAN NUSANTARA III,PTPN III,,RSPO Certified,"RSPO Certified, MB",2019-10-31,3.13077000000,99.34386000000,IDN,Indonesia,Sumatera Utara,Simalungun,1-Fully Verified,,,"PT PERKEBUNAN NUSANTARA III SEI MANGKEI,PERKEBUNAN NUSANTARA III (SEI MANGKEI),,,,,SEI KUAMANG,PTP NUSANTARA III (SEI MANGKEL),,,,,,,,,PTPN III (SEI MANGKEI),PTP NUSANTARA III (SEI DAUN),,,,,,PKS SEI MANGKEI,PERKEBUNAN NUSANTARA III (SEI"
PO1000000884,AGRO MITRA MADANI,BAKRIE,Bakrie,AGRO MITRA MADANI,,,Not RSPO Certified,,2019-10-31,-1.07759000000,103.11070000000,IDN,Indonesia,Jambi,Tanjung Jabung B,1-Fully Verified,,,"AGROWIYANA,AGRO MITRA MADANI (AGROWIYANA),,,,,,SARI LEMBAH SUBUR 2,,,,,,,,,,PT AGRO MITRA MADANI POM,AGROWIYANA AGRO MITRA MADANI,,,,"
PO1000000892,TANJONG MALIM,KUALA LUMPUR KEPONG (KLK),KUALA LUMPUR KEPONG (KLK),KUALA LUMPUR KEPONG BERHAD,,,RSPO Certified,"RSPO Certified, MB",2019-10-31,3.69500000000,101.48567000000,MYS,Malaysia,Selangor,Hulu Selangor,1-Fully Verified,,,"TANJUNG MALIM,TANJONG MALIM POM,KILANG KELAPA SAWIT TANJONG MALIM,K.K.S. TANJONG MALIM,TANJONG MALIM PALM OIL MILL,,,,KLK TANJONG MALIM,KILANG KELAPA SAWIT TANJONG
MALIM,KUALA LUMPUR KEPONG,,KUALA LUMPUR KEPONG BHD,KUALA LUMPUR KEPONG BERHAD TANJONG MALIM PALM OIL MILL,KUALA LUMPUR KEPONG BERHAD TANJONG MALIM PALM OIL MILL,,KILANG KELAPA SAWIT TANJUNG MALIM,TANJUNG MALIM POM,,,,TANJONG MALIM P0M,,,TANJUNG MALIM - KLK"
PO1000000894,BATU LINTANG,KUALA LUMPUR KEPONG (KLK),KUALA LUMPUR KEPONG (KLK),KUALA LUMPUR KEPONG BERHAD,,,RSPO Certified,"RSPO Certified, IP",2019-10-31,5.19359000000,100.62843000000,MYS,Malaysia,Kedah,Bandar Baharu,1-Fully Verified,,,"KUALA LUMPUR KEPONG BHD (BATU LINTANG POM),,BATU LINTANG PALM OIL MILL,KILANG SAWIT BATU LINTANG,BATU LINTANG POM,KKS BATU LINTANG,,,,,KUALA LUMPUR KEPONG BHD (BATU
LINTANG POM),,KILANG KELAPA SAWIT BATU LINTANG,KILANG KELAPA SAWIT BATU LINTANG,KUALA LUMPUR KEPONG BHD,KUALA LUMPUR KEPONG BHD,KUALA LUMPUR KEPONG BHD,KUALA LUMPUR KEPONG BERHAD BATU LINTANG PALM OIL MILL,KUALA LUMPUR KEPONG BERHAD BATU LINTANG PALM OIL MILL,,BATU LINTANG PALM OIL MILL,BASERAH,,,,BATU LINTANG P0M"
PO1000000895,TUAN MEE,KUALA LUMPUR KEPONG (KLK),KUALA LUMPUR KEPONG (KLK),KUALA LUMPUR KEPONG BERHAD,,,RSPO Certified,"RSPO Certified, MB",2019-10-31,3.26516000000,101.46328000000,MYS,Malaysia,Selangor,Kuala Selangor,1-Fully Verified,,,"TUAN MEE POM,KILANG KELAPA SAWIT TUAN MEE,TUAN MEE PALM OIL MILL,,,,KUALA LUMPUR KEPONG,,KUALA LUMPUR KEPONG BHD,KUALA LUMPUR KEPONG BERHAD TUAN MEE PALM OIL MILL,KUALA LUMPUR KEPONG BERHAD TUAN MEE PALM OIL MILL,,TUAN MEE
PALM OIL MILL,,,KILANG KELAPA SAWIT
TUAN MEE,,,,TUAN MEE - KLK,KLK TUAN MEE"
PO1000000896,CHANGKAT CHERMIN,KUALA LUMPUR KEPONG (KLK),KUALA LUMPUR KEPONG (KLK),KUALA LUMPUR KEPONG BERHAD,,,RSPO Certified,"RSPO Certified, IP",2019-10-31,4.27527000000,100.78498000000,MYS,Malaysia,Perak,Manjung,1-Fully Verified,,,"CHANGKAT CHERMIN PALM OIL MILL,,CHANGKAT
CHERMIN,,,KKS CHANGKAT CHERMIN,,,,,,KUALA LUMPUR KEPONG (CHANGKAT
CERMIN) BERHAD,,KILANG KELAPA SAWIT CHANGKAT CHERMIN,KILANG KELAPA SAWIT CHANGKAT CHERMIN,KL KEPONG SABAH SDN BHD,KL KEPONG SABAH SDN BHD,KL KEPONG SABAH SDN BHD,KUALA LUMPUR KEPONG BERHAD CHANGKAT CHERMIN PALM OIL MILL,KUALA LUMPUR KEPONG BERHAD CHANGKAT CHERMIN PALM OIL MILL,,CHANGKAT CHERMIN PALM OIL MILL,KILANG KELAPA SAWIT CHANGKATCHERMIN,JENG HUAT (BAHAU) REALTY MILL,CHANGKAT CHERMIN POM,CHANGKAT CERMIN,CHANGKAT CERMIN,CHANGKAT CERMIN,CHANGKAT CERMIN,CHANGKAT CERMIN,CHANGKAT CERMIN,CHANGKAT CERMIN,CHANGKAT CERMIN,CHANGKAT CERMIN,CHANGKAT CERMIN,CHANGKAT CERMIN,CHANGKAT CERMIN,,,,CHANGKAT CHERMIN PALM 0IL MILL,KUALA LUMPUR KEPONG (CHANGKAT CERMIN) BERHAD,,"
PO1000000898,BUKIT KEPAYANG,FGV HOLDINGS BERHAD,FGV,FGV PALM INDUSTRIES SDN BHD,,,RSPO Certified,"RSPO Certified, MB",2019-10-31,3.34631000000,102.59738000000,MYS,Malaysia,Pahang,Bera,1-Fully Verified,,,"KILANG SAWIT BUKIT KEPAYANG,KILANG KELAPA SAWIT BUKIT KEPAYANG,KS BUKIT KEPAYANG,,,,,K.K.S BUKIT KEPAYANG,,,,,,,,,K.K.S. BUKIT KEPAYANG,K.K.S. BUKIT KEPAYANG,FGVPISB KILANG SAWIT BUKIT KEPAYANG,FGVPISB KILANG SAWIT BUKIT KEPAYANG,GSDI,FGVT-BUKIT KEPAYANG,FGVT-BUKIT KEPAYANG,FGV HOLDINGS BHD,,,,,"
PO1000000901,TEMENTI,FGV HOLDINGS BERHAD,FGV,FGV PALM INDUSTRIES SDN BHD,,,Not RSPO Certified,,2019-10-31,3.26472000000,102.59889000000,MYS,Malaysia,Pahang,Bera,2-High Confidence,,,"KS TEMENTI,KILANG SAWIT TEMENTI,K.K.S. TEMENTI,K.K.S. TEMENTI,SEI LEMAU,FGVT-TEMENTI,FGV HOLDINGS BHD,"
PO1000000936,JEROCO 1,HAP SENG PLANTATIONS HOLDINGS BERHAD,Hap Seng Plantations Holdings,JEROCO PLANTATIONS SDN BHD,,,RSPO Certified,"RSPO Certified, IP",2019-10-31,5.43111000000,118.41722000000,MYS,Malaysia,Sabah,Kinabatangan,1-Fully Verified,,,"JEROCO PALM OIL MILL,,JEROCO PALM OIL MILL 1,JEROCO,JEROCO PALM
OIL MILL 1,,,,,,,,,,,,JEROCO PLANTATIONS SDN BHD,,,,,,K.K.S. JEROCO,K.K.S. JEROCO,HAPSENG CONSOLIDATED BERHAD,HAPSENG CONSOLIDATED BERHAD,HAPSENG CONSOLIDATED BERHAD,JEROCO PALM OIL 1,JEROCO POM 1,KARYA BAKTI AGRO SEJAHTERA POM/SUNGAI RASAU,JEROCO PLANTATIONS SDN BHD (JEROCO 1),,,,,JEROCO PALM OIL MILL1,,,"
PO1000000939,PKS 2,DHARMA SATYA NUSANTARA (DSN),Dharma Satya Nusantara (DSN),DHARMA SATYA NUSANTARA,,,RSPO Certified,"RSPO Certified, IP",2019-10-31,1.25081000000,116.72892000000,IDN,Indonesia,Kalimantan Timur,Kutai Timur,1-Fully Verified,,,"DHARMA SATYA NUSANTARA 2,PT DHARMA SATYA NUSANTARA,DHARMA SATYA NUSANTARA MILL 2,PKS 2 (DSN),,,,,,,DHARMA SATYA NUSANTARA (PKS 2),,,,PT DSN MILL 2,SWAKARSA,DHARMA SATYA
NUSANTARA 2,DHARMA SATYA NUSANTARA
2,DHARMA SATYA NUSANTARA
2,DHARMA SATYA NUSANTARA
2,PT DHARMA SATYA
NUSANTARA,PT DHARMA SATYA NUSANTARA - PKS 2,,,,DHARMA AGROTAMA NUSANTARA (DSN 2),,DHARMA SATYA NUSANTARA - 2,DHARMA SATYA NUSANTARA(POM 2)"
PO1000000950,PKS 3,DHARMA SATYA NUSANTARA (DSN),Dharma Satya Nusantara (DSN),DHARMA SATYA NUSANTARA,,,RSPO Certified,"RSPO Certified, IP",2019-10-31,1.25603000000,116.87475000000,IDN,Indonesia,Kalimantan Timur,Kutai Timur,1-Fully Verified,,,"DHARMA SATYA NUSANTARA 3,DHARMA SATYA NUSANTARA MILL 3,PKS 3 (DSN),,,,PT DSN MILL 3,DHARMA SATYA NUSANTARA (PKS 3),INDONESIA PLANTATION SYNERGY,DHARMA SATYA
NUSANTARA 3,DHARMA SATYA NUSANTARA
3,DHARMA SATYA NUSANTARA
3,DHARMA SATYA NUSANTARA
3,PT DHARMA SATYA NUSANTARA - PKS 3,,,,DHARMA INTISARI NUGRAHA (DSN 3),,DHARMA SATYA NUSANTARA - 3,DHARMA SATYA NUSANTARA(POM 3),ABDI BUDI MULIA 807"
PO1000000953,DABUK REJO,WILMAR,Wilmar,BULUH CAWANG PLANTATIONS,,,RSPO Certified,"RSPO Certified, MB",2019-10-31,-3.94863000000,104.95737000000,IDN,Indonesia,Sumatera Selatan,Ogan Komering Ilir,1-Fully Verified,,,"BULUH CAWANG PLANTATION,,,,,,,,,ABDI BUDI MULIA 234"
PO1000000967,FAJAR HARAPAN,FGV HOLDINGS BERHAD,FGV,FGV PALM INDUSTRIES SDN BHD,,,Not RSPO Certified,,2019-10-31,5.19496000000,119.18738000000,MYS,Malaysia,Sabah,Lahad Datu,1-Fully Verified,,,"FAJAR,K.K.S. FAJAR HARAPAN,PERKEBUNAN LEMBAH BAHKTI"
PO1000000968,BAIDURI AYU,FGV HOLDINGS BERHAD,FGV,FGV PALM INDUSTRIES SDN BHD,,,Not RSPO Certified,,2019-10-31,5.08115000000,118.93975000000,MYS,Malaysia,Sabah,Lahad Datu,1-Fully Verified,,,"BAIDURI,,,,KILANG SAWIT FELDA BAIDURI AYU,KILANG SAWIT BAIDURI AYU,K.K.S. BAIDURI AYU,K.K.S. BAIDURI AYU,BAIDURI AYU POM,AAL,,,,"
PO1000001031,PAGOH (SOU 19),SIME DARBY,Sime Darby Guthrie (SDGI),SIME DARBY PLANTATION BHD,Sime Darby Guthrie (SDGI),,RSPO Certified,"RSPO Certified, MB",2019-10-31,2.07742000000,102.71852000000,MYS,Malaysia,Johor,Muar,1-Fully Verified,,,"PAGOH,PAGOH PALM OIL MILL,,PAGOH POM,PAGOH PALM OIL MILL(SOU19),,,,,,,,PAGOH OIL MILL,,,,,KILANG KELAPA SAWIT PAGOH,KILANG KELAPA SAWIT PAGOH,SIME DARBY PLANTATION SDN BHD,KKS PAGOH,KKS PAGOH,SIME DARBY-PAGOH PALM OIL MILL,SIME DARBY - PAGOH PALM OIL,,,,PAGOH PALM 0IL MILL(S0U19),PAGOH (SOU 19) POM"
PO1000001043,BUMI SAWIT KENCANA,WILMAR,Wilmar,BUMI SAWIT KENCANA,,,RSPO Certified,"RSPO Certified, IP, MB",2019-10-31,-2.23018000000,112.49125000000,IDN,Indonesia,Kalimantan Tengah,Kotawaringin Timur,1-Fully Verified,,,",,,,,,PT BUMI SAWIT KENCANA,PANGKALAN PANJI POM,,,,,,,ABDI BUDI MULIA 185"
PO1000001050,UNITED PALM OIL INDUSTRY PUBLIC COMPANY LIMITED (UPOIC),LAM SOON (THAILAND),LAM SOON (THAILAND),UNITED PALM OIL INDUSTRY PUBLIC COMPANY LIMITED (UPOIC),,,RSPO Certified,"RSPO Certified, IP, MB",2019-10-31,8.15380000000,99.02190000000,THA,Thailand,Krabi,Nua Khlong,1-Fully Verified,,,"UNITED PALM OIL INDUSTRY,UNITED PALM OIL INDUSTRY PUBLIC
COMPANY LIMITED,UNITED PALM OIL INDUSTRY PCL,,,UNITED PALM OIL INDUSTRY PUBLIC COM,UNITED PALM OIL INDUSTRY PUBLIC COM,,,,,UNNY ITLEIMD IPTEADLM (U OPILO INICD)USTRY PUBLIC COM,UNNY ITLEIMD IPTEADLM (U OPILO INICD)USTRY PUBLIC COM,UPNOITIECD)  PALM OIL INDUSTRY PUBLIC COMPANY LIMITED (UP,UNIVANICH PALM OIL PCL. (TOPI MILL),UNIPALM INDUSTRY CO LTD,DU (NUITPEOD IPCA)LM OIL INDUSTRY PUBLIC COMPANY LIMITED,DU (NUITPEOD IPCA)LM OIL INDUSTRY PUBLIC COMPANY LIMITED,DU (NUITPEOD IPCA)LM OIL INDUSTRY PUBLIC COMPANY LIMITED,DU (NUITPEOD IPCA)LM OIL INDUSTRY PUBLIC COMPANY LIMITED,UNITED PALM OIL INDUSTRY PUBLIC
COMPANY LIMITED (UPOIC)"
PO1000001053,KEMAMAN,TDM BERHAD,TDM,TDM PLANTATION SDN BHD,,,RSPO Certified,"RSPO Certified, IP",2019-10-31,4.40300000000,103.24800000000,MYS,Malaysia,Trengganu,Kemaman,1-Fully Verified,,,"KEMAMAN PALM OIL MILL,,TDM PLANTATION SDN BHD,K.K.S KEMAMAN,KILANG KELAPA SAWIT
KEMAMAN,,,KILANG KELAPA SAWIT KEMAMAN,,,,,,KEMAMAM PALM OIL MILL,TDM PLANTATION SDN BHD (KEMAMAN) / KILANG KELAPA
SAWIT KEMAMAN,,,,K.K.S. KEMAMAN,K.K.S. KEMAMAN,,TDM PLANTATION SDN BHD (KEMAMAN) /
KILANG KELAPA SAWIT KEMAMAN,TDM KEMAMAN,ULU BERNAM OPTIMILL POM,,,,,,TDM (KILANG KELAPA SAWIT KEMAMAN),KEMAMAN POM"
PO1000001056,UJUNG TANJUNG,SINAR MAS,Sinar Mas,IVO MAS TUNGGAL,,,RSPO Certified,"RSPO Certified, MB",2019-10-31,0.96973000000,101.26075000000,IDN,Indonesia,Riau,Siak,1-Fully Verified,,,"IVO MAS TUNGGAL (UJUNG TANJUNG),,PT IVO MAS TUNGGAL - UJUNG TANJUNG,UJUNG TANJUNG MILL,,,,,,,,,,,,,,PKS UJUNG TANJUNG,PT IVO MAS TUNGGAL,"
PO1000001057,LIBO,SINAR MAS,Sinar Mas,IVO MAS TUNGGAL,,,RSPO Certified,"RSPO Certified, IP",2019-10-31,0.92861000000,101.20639000000,IDN,Indonesia,Riau,Siak,1-Fully Verified,,,"IVO MAS TUNGGAL (LIBO),LIBO MILL,,PT IVO MAS TUNGGAL - LIBO,LIBO (IMT),,,,,,,,,,,LIBO JAYA PERKASA, PT.,LIBO JAYA PERKASA, PT.,LIBO JAYA PERKASA, PT.,LIBO JAYA PERKASA, PT.,LIBO JAYA PERKASA, PT.,LIBO JAYA PERKASA, PT.,LIBO JAYA PERKASA, PT.,LIBO JAYA PERKASA, PT.,LIBO JAYA PERKASA, PT.,LIBO PALM OIL MILL,LIBO JAYA PERKASA, PT.,LIBO JAYA PERKASA, PT.,LIBO JAYA PERKASA, PT.,LIBO JAYA PERKASA, PT.,LIBO JAYA PERKASA, PT.,LIBO JAYA PERKASA, PT.,LIBO JAYA PERKASA PT.,LIBO JAYA PERKASA PT.,LIBO JAYA PERKASA PT.,LIBO PALM OIL MILL - PT IVO MAS TUNGGAL,IVO MAS TUNGGAL (LIBO)
IVO MAS TUNGGAL (MEGANUSA INTISAWIT),LIBO POM,"
PO1000001058,SAM-SAM,SINAR MAS,Sinar Mas,IVO MAS TUNGGAL,,,RSPO Certified,"RSPO Certified, MB",2019-10-31,0.93750000000,101.30020000000,IDN,Indonesia,Riau,Siak,1-Fully Verified,,,"IVO MAS TUNGGAL (SAMSAM),SAMSAM MILL,,SAMSAM,PT IVO MAS TUNGGAL - SAMSAM,IVO MAS TUNGGAL (PKS SAMSAM),,,,,SAM‐SAM,,,,,,,,,,SAM SAM,PT SMART TBK,PT SMART TBK,PT SMART TBK,SAM SAM MILL,"
PO1000001060,KIJANG,SINAR MAS,Sinar Mas,BUANA WIRALESTARI MAS,,,RSPO Certified,"RSPO Certified, MB",2019-10-31,0.83393000000,101.04428000000,IDN,Indonesia,Riau,Kampar,1-Fully Verified,,,"BUANA WIRALESTARI MAS (KIJANG),KIJANG MILL,,KIJANG,PT IVO MAS TUNGGAL KIJANG POM,PT BUANA WIRALESTARI MAS - KIJANG,BUANA WIRALESTARI MAS (PKS KIJANG),,,,,,,,,,,,,,BUANA WIRALESTARI MAS KIJANG MILL,PKS KIJANG,PT SMART TBK,SEKIJANG,,NAGA SAKTI"
PO1000001061,NAGA SAKTI,SINAR MAS,Sinar Mas,BUANA WIRALESTARI MAS,,,RSPO Certified,"RSPO Certified, IP",2019-10-31,0.78270000000,101.04957000000,IDN,Indonesia,Riau,Kampar,1-Fully Verified,,,"BUANA WIRALESTARI MAS (NAGA SAKTI),BUANA WIRALESTARI MAS (PKS NAGA,,NAGA SAKTI MILL,PT IVO MAS TUNGGAL NAGASAKTI POM,PT BUANA WIRALESTARI MAS - NAGA SAKTI,BUANA WIRALESTARI MAS (PKS NAGA SAKTI),,,,,,,,,,,,,,PKS NAGA SAKTI,PT SMART TBK,PT SMART TBK,PT SMART TBK,BUANA WIRALESTARI MAS (PKS NAGA
SAKTI),NAGASAKTI,"
PO1000001062,RAMARAMA,SINAR MAS,Sinar Mas,RAMAJAYA PRAMUKTI,,,RSPO Certified,"RSPO Certified, MB",2019-10-31,0.53349000000,101.07638000000,IDN,Indonesia,Riau,Kampar,1-Fully Verified,,,"IVO MAS TUNGGAL (RAMAJAYA PRAMUKTI RAMARAMA),RAMARAMA POM,,RAMA RAMA MILL,PT IVO MAS TUNGGAL RAMARAMA POM,PT RAMAJAYA PRAMUKTI - RAMARAMA,RAMA-RAMA,IVO MAS TUNGGAL (RAMARAMA POM),,,,,RAMA‐RAMA,,,,,,,,,,PT RAMAJAYA PRAMUKTI - RAMA RAMA,IVO MAS TUNGGAL (RAMAJAYA PRAMUKTI RAMARAM,RAMA RAMA,PT SMART TBK,SEI DAUN POM,,RAMA - RAMA"
PO1000001064,BUMI PALMA,SINAR MAS,Sinar Mas,BUMIPALMA LESTARIPERSADA,,,RSPO Certified,"RSPO Certified, MB",2019-10-31,-0.59806000000,102.98333000000,IDN,Indonesia,Riau,Indragiri Hilir,1-Fully Verified,,,"BUMIPALMA LESTARI PERSADA,BUMI PALMA MILL,,PT BUMIPALMA LESTARIPERSADA - BUMI PALMA,,,,,,,,,,,,,,PT BUMIPALMA LESTARIPERSADA,PT BUMIPALMA LESTARIPERSADA - BUMI
PALMA,"
PO1000001065,INDRA SAKTI,SINAR MAS,Sinar Mas,MEGANUSA INTISAWIT,,,RSPO Certified,"RSPO Certified, IP",2019-10-31,-0.56920000000,102.30585000000,IDN,Indonesia,Riau,Indragiri Hulu,1-Fully Verified,,,"IVO MAS TUNGGAL (MEGANUSA INTISAWIT),PT MEGANUSA INITISAWIT (INDRA SAKTI),,INDRASAKTI MILL,PT MEGANUSA INTISAWIT - INDRA SAKTI,INDRASAKTI,INDRA SAKTI MILL,,,,,,,,,,,,,,,,,BUANA WIRA LESTARI INDRA SAKTI MILL,MEGANUSA INTISAWIT, PT.,MEGANUSA INTISAWIT, PT.,MEGANUSA INTISAWIT, PT.,MEGANUSA INTISAWIT, PT.,MEGANUSA INTISAWIT, PT.,MEGANUSA INTISAWIT, PT.,MEGANUSA INTISAWIT, PT.,MEGANUSA INTISAWIT, PT.,MEGANUSA INTISAWIT, PT.,INDRA SAKTI - MEGANUSA INTISAWIT,MEGANUSA INTISAWIT, PT.,MEGANUSA INTISAWIT, PT.,MEGANUSA INTISAWIT, PT.,MEGANUSA INTISAWIT, PT.,MEGANUSA INTISAWIT, PT.,MEGANUSA INTISAWIT, PT.,MEGANUSA INTISAWIT PT.,MEGANUSA INTISAWIT PT.,MEGANUSA INTISAWIT PT.,- INDRA SAKTI,"
PO1000001079,PADANG HALABAN,SINAR MAS,Sinar Mas,SINAR MAS AGRO RESOURCES AND TECHNOLOGY,,,RSPO Certified,"RSPO Certified, IP",2019-10-31,2.31917000000,99.83944000000,IDN,Indonesia,Sumatera Utara,Labuhanbatu Utara,1-Fully Verified,,,"PT SMART TBK - PADANG HALABAN,PT SMART TBK PADANG HALABAN POM,GOLDEN AGRI RESOURCES,,,,"
PO1000001094,LEEPANG,IOI CORPORATION,IOI,IOI CORPORATION BERHAD,IOI,,RSPO Certified,"RSPO Certified, IP",2019-10-31,5.54906000000,118.43760000000,MYS,Malaysia,Sabah,Kinabatangan,1-Fully Verified,,,"LEEPANG PALM OIL MILL,,,,,,,,,,,,,,,KILANG KELAPA SAWIT LEE PANG,KILANG KELAPA SAWIT LEE PANG,IOI CORPORATION BHD,IOI CORPORATION BHD,IOI CORPORATION BHD,MORISEM PALM OIL MILL SDN BHD - LEEPANG PALM OIL MILL,MORISEM PALM OIL MILL SDN BHD - LEEPANG PALM OIL MILL,LEEPANG PALM OIL MILL,KWALA GUNUNG MILL,LEEPANG POM,,,LEEPANG PALM 0IL MILL,LEEPANG (SABAH)"
PO1000001098,MORISEM,IOI CORPORATION,IOI,IOI CORPORATION BERHAD,IOI,,RSPO Certified,"RSPO Certified, IP",2019-10-31,5.49353000000,118.37005000000,MYS,Malaysia,Sabah,Kinabatangan,1-Fully Verified,,,"MORISEM GROUPING,MORISEM POM,,,,,,,,,,,,,,,KKS MORISEM B,KKS MORISEM B,IOI CORPORATION BHD,IOI CORPORATION BHD,IOI CORPORATION BHD,MORISEM PALM OIL MILL SDN BHD - MORISEM PALM OIL MILL,MORISEM PALM OIL MILL SDN BHD - MORISEM PALM OIL MILL,,,MORISEM POM &
ESTATES GROUPING,MORISEM POM &
ESTATES GROUPING,MORISEM POM &
ESTATES GROUPING,MORISEM POM &
ESTATES GROUPING,MORISEM POM &
ESTATES GROUPING,MORISEM POM &
ESTATES GROUPING,MORISEM POM &
ESTATES GROUPING,MORISEM POM &
ESTATES GROUPING,MORISEM - LEEPANG POM,MORISEM - MORISEM POM"
PO1000001113,SUNGAI TONG,TDM BERHAD,TDM,TDM PLANTATION SDN BHD,,,RSPO Certified,"RSPO Certified, MB",2019-10-31,5.30809000000,102.91042000000,MYS,Malaysia,Trengganu,Setiu,1-Fully Verified,,,"KKS SUNGAI TONG,,KILANG KELAPA SAWIT SUNGAI TONG,TDM PLANTATION SDN BHD (SG. TONG),KILANG KELAPA SAWIT SUNGAI
TONG,,,,,K.K.S. SUNGAI TONG,,,SUNGAI TONG PALM OIL MILL,SUNGAI TONG PALM OIL MILL,,,,TDM (SG. TONG)"
PO1000001150,LANGGA PAYUNG,SINAR MAS,Sinar Mas,TAPIAN NADENGGAN,,,RSPO Certified,"RSPO Certified, MB",2019-10-31,1.65444000000,99.88694000000,IDN,Indonesia,Sumatera Utara,Padang Lawas Utara,1-Fully Verified,,,"TAPIAN NADENGGAN (LANGGA PAYUNG),,LANGGA PAYUNG PALM OIL MILL,PT TAPIAN NADENGGAN  - LANGGA PAYUNG,,,,,,,,,,,,,,PT SMART TBK LANGGA PAYUNG POM,PT SMART TBK,TAPIAN NADENGGAN"
PO1000001151,BATU AMPAR,SINAR MAS,Sinar Mas,SINAR MAS AGRO RESOURCES AND TECHNOLOGY,,,RSPO Certified,"RSPO Certified, MB",2019-10-31,-3.19810000000,116.02190000000,IDN,Indonesia,Kalimantan Selatan,Kota Baru,2-High Confidence,,,"PT SMART TBK - BATU AMPAR,OBLAOTGUY AMPAR,,,,PT SMART TBK BATU AMPAR POM,BATU AMPAR MILL,GBYATU AMPAR,GBYATU AMPAR,GBYATU AMPAR,GBYATU AMPAR,GBYATU AMPAR,GBYATU AMPAR,GBYATU AMPAR,GBYATU AMPAR,,,,"
PO1000001152,TANAH LAUT,SINAR MAS,Sinar Mas,SINAR MAS AGRO RESOURCES AND TECHNOLOGY,,,RSPO Certified,"RSPO Certified, MB",2019-10-31,-3.79028000000,115.28306000000,IDN,Indonesia,Kalimantan Selatan,Tanah Laut,1-Fully Verified,,,"TANAH LAUR,TANAH LAUT MILL,PT SMART TBK - TANAH LAUT,,,,PT SMART TBK TANAH LAUT POM,"
PO1000001154,HANAU,SINAR MAS,Sinar Mas,TAPIAN NADENGGAN,,,RSPO Certified,"RSPO Certified, MB",2019-10-31,-2.36086000000,112.10969000000,IDN,Indonesia,Kalimantan Tengah,Seruyan,1-Fully Verified,,,"TAPIAN NADENGGAN (HANAU),HANAU MILL,PT SMART TBK HANAU POM,PT TAPIAN NADENGGAN - HANAU,,,,,,,,,,,,TAPIAN NADENGGAN - HANAU"
PO1000001155,SUNGAI RUNGAU,SINAR MAS,Sinar Mas,BINASAWIT ABADI PRATAMA,,,RSPO Certified,"RSPO Certified, IP",2019-10-31,-2.32060000000,112.33400000000,IDN,Indonesia,Kalimantan Tengah,Seruyan,1-Fully Verified,,,"BINASAWIT ABADI PRATAMA (SUNGAI RUNGAU),SUNGAI RUNGAU MILL,PT BINASAWIT ABADI PRATAMA SUNGAI - RUNGAU,,,,,,,,,,,,PT BINASAWIT ABADI PRATAMA SUNGAI -
RUNGAU,SUNGAI RUNGAU POM,BINASAWIT ABADI PRATAMA,,,,,ABDI BUDI MULIA 1122"
PO1000001156,SEMILAR,SINAR MAS,Sinar Mas,TAPIAN NADENGGAN,,,RSPO Certified,"RSPO Certified, IP, MB",2019-10-31,-2.24811000000,112.34042000000,IDN,Indonesia,Kalimantan Tengah,Seruyan,1-Fully Verified,,,"TAPIAN NADENGGAN (SEMILAR),SEMILAR MILL,PT TAPIAN NADENGGAN - SEMILAR,,,,,,,,,,,,TAPIAN NADENGGAN (LANGGA PAYUNG)
TAPIAN NADENGGAN (SEMILAR),,,,,,"
PO1000001207,PAKU JUANG,CARGILL,Cargill,AYU SAWIT LESTARI,,,RSPO Certified,"RSPO Certified, IP",2019-10-31,-2.43327000000,110.81751000000,IDN,Indonesia,Kalimantan Barat,Ketapang,1-Fully Verified,,,"HARAPAN SAWIT LESTARI (PAKU JUANG),PAKU JUANG MILL,,,,,,,,,,,,,,,,,,CARGILL INCORPORATED,CARGILL INCORPORATED,HARAPAN SAWIT LESTARI (PAKU JUANG MILL),CARGILL TRADING INDONESIA (PAKU JUA,PUKU JUANG,,,"
PO1000001208,MANIS MATA,CARGILL,Cargill,HARAPAN SAWIT LESTARI,,,Not RSPO Certified,,2019-10-31,-2.48316000000,111.01839000000,IDN,Indonesia,Kalimantan Barat,Ketapang,1-Fully Verified,,,"HARAPAN SAWIT LESTARI (MANIS MATA),,MANISMATA,,,,,,SUMBERTAMA NUSA PERTIWI,,,,,,,,,,,,MANISMATA MILL,CARGILL INCORPORATED,CARGILL INCORPORATED,HARAPAN SAWIT LESTARI (MANIS MATA MILL),MANIS MATA MILL,CARGILL TRADING INDONESIA ( MANISM,HARAPAN SAWIT LESTARI,MANIS MATA MILL,,,,PT HARAPAN SAWIT LESTARI"
PO1000001233,BUKIT SAGU,FGV HOLDINGS BERHAD,FGV,FGV PALM INDUSTRIES SDN BHD,,,RSPO Certified,"RSPO Certified, MB",2019-10-31,3.96690000000,103.14870000000,MYS,Malaysia,Pahang,Kuantan,1-Fully Verified,,,"KILANG SAWIT BUKIT SAGU,KS BUKIT SAGU,,,,BUKIT SAGU POM,K.K.S. BUKIT SAGU,GSPP,FGVT-BUKIT SAGU,FGV HOLDINGS BHD,"
PO1000001250,NEGERI LAMA,SOCFIN,SOCFIN,SOCFIN INDONESIA,,,RSPO Certified,"RSPO Certified, IP",2019-10-31,2.31725000000,100.07017000000,IDN,Indonesia,Sumatera Utara,Labuhanbatu,1-Fully Verified,,,"SOCFINDO (NEGERI LAMA),NEGERI LAMA (SC),,,,,,,NEGERI LAMA MILL"
PO1000001251,SUNGAI LIPUT,SOCFIN,SOCFIN,SOCFIN INDONESIA,,,RSPO Certified,"RSPO Certified, IP",2019-10-31,4.23190000000,98.05940000000,IDN,Indonesia,Aceh,Aceh Tamiang,1-Fully Verified,,,"SEI LIPUT,,PT SOCFIN INDONESIA - SEI LIPUT,,ICOF,MUARA BASUNG,SUNGAI LIPUT MILL,,"
PO1000001252,AEK LOBA,SOCFIN,SOCFIN,SOCFIN INDONESIA,,,RSPO Certified,"RSPO Certified, IP",2019-10-31,2.65139000000,99.61778000000,IDN,Indonesia,Sumatera Utara,Asahan,1-Fully Verified,,,"SOCFINDO (AEK LOBA),,PT AEK LOBA,,,,,,,,PT MERBAU JAYA INDAH RAYA,PT. SOCFIN INDONESIA (AEK LOBA),PT SOCFIN INDONESIA,PT SOCFIN INDONESIA - AEK LOBA,,,,,,AEK LOBA MILL"
PO1000001256,MATA PAO MILL,SOCFIN,SOCFIN,SOCFIN INDONESIA,,,RSPO Certified,"RSPO Certified, IP",2019-10-31,3.53083000000,99.09194000000,IDN,Indonesia,Sumatera Utara,Serdang Bedagai,1-Fully Verified,,,"MATA PAO,SEI INTAN,,,,"
PO1000001263,TEREH,KULIM (MALAYSIA) BERHAD,Kulim (Malaysia),EPA MANAGEMENT SDN BHD,,,RSPO Certified,"RSPO Certified, IP",2019-10-31,2.21702000000,103.35236000000,MYS,Malaysia,Johor,Keluang,1-Fully Verified,,,"TEREH PALM OIL MILL,LADANG TEREH,,,,,,,,KKS LADANG TEREH,,,EPA MANAGEMENT SDN BHD (LADANG TEREH PALM OIL MILL),K.K.S. LADANG TEREH,K.K.S. LADANG TEREH,KULIM BERHAD,KULIM BERHAD,KULIM BERHAD,KULIM (MALAYSIA) BERHAD - TEREH PALM OIL MILL,KULIM (MALAYSIA) BERHAD - TEREH PALM OIL MILL,TEREH PALM OIL MILL,K.K.S.LADANG TEREH,EPA - SEDENAK,TEPIAN LANGSAT,MAHAMURNI PLANTATION SDN BHD (TEREH PALM OIL MILL),MAHAMURNI PLANTATION SDN BHD (TEREH PALM OIL MILL),,,,,LADANG TIREH - MILL"
PO1000001264,SINDORA,KULIM (MALAYSIA) BERHAD,Kulim (Malaysia),SINDORA BERHAD,,,RSPO Certified,"RSPO Certified, IP",2019-10-31,1.98537000000,103.46231000000,MYS,Malaysia,Johor,Keluang,1-Fully Verified,,,"KILANG KELAPA SAWIT SINDORA,EPA MANAGEMENT SDN BHD (SINDORA) / KILANGKELAPA SAWIT SINDORA,SINDORA BERHAD,SINDORA PALM
OIL MILL,,,SINDORA PALM OIL MILL,,,,,,MAHAMURNI PLANTATION,EPA MANAGEMENT SDN BHD (SINDORA) / KILANG
KELAPA SAWIT SINDORA,,,EPA MANAGEMENT SDN BHD (SINDORA PALM OIL MILL),KULIM (MALAYSIA) BERHAD - SINDORA PALM OIL MILL,KULIM (MALAYSIA) BERHAD - SINDORA PALM OIL MILL,EPA MANAGEMENT SDN BHD (SINDORA) / KILANG,SINDORA PALM OIL - MILL,REZEKI KENCANA MILL,MAHAMURNI PLANTATION SDN BHD (SINDORA PALM OIL MILL),MAHAMURNI PLANTATION SDN BHD (SINDORA PALM OIL MILL),,,,KULIM (MALAYSIA)
BERHAD - SINDORA PALM
OIL MILL,,EPA MANAGEMENT SDN BHD (SINDORA) / KILANG KELAPA SAWIT SINDORA,SINDORA POM"
PO1000001265,PALONG COCOA,KULIM (MALAYSIA) BERHAD,Kulim (Malaysia),MAHAMURNI PLANTATIONS SDN BHD,,,RSPO Certified,"RSPO Certified, IP",2019-10-31,2.70640000000,102.78501000000,MYS,Malaysia,Johor,Segamat,1-Fully Verified,,,"KKS PALONG COCOA,,PALONG COCOA POM,PALONG COCOA
PALM OIL MILL,,PALONG PALM OIL MILL,,,,PALONG,,,EPA MANAGEMENT SDN BHD (PALONG COCOA PALM OIL MILL),K.K.S. PALONG COCOA,K.K.S. PALONG COCOA,KULIM (MALAYSIA) BERHAD - PALONG PALM OIL MILL,KULIM (MALAYSIA) BERHAD - PALONG PALM OIL MILL,KULIM - PALONG COCOA,PALONG COCOA PALM OIL MILL,PALONG COCOA
POM,GELIGA BAGAN RIAU MILL,MAHAMURNI PLANTATION SDN BHD (PALONG COCOA OIL MILL),MAHAMURNI PLANTATION SDN BHD (PALONG COCOA OIL MILL),,,,,PALONG COCOA P0M,,,KILANG KELAPA SAWIT PALONG COCOA"
PO1000001278,MUKOMUKO,SIPEF,SIPEF,AGRO MUKO,,,RSPO Certified,"RSPO Certified, IP",2019-10-31,-2.60134000000,101.27798000000,IDN,Indonesia,Bengkulu,Mukomuko,1-Fully Verified,,,"AGRO MUKO,MUKO-MUKO,MUKOMUKO POM,MUKO MUKO,AGRO MUKO (MUKO MUKO),,,MUKO‐MUKO,,,AGRO MUKO (PKS MUKO-MUKO),,,PT AGROMUKO - MUKOMUKO POM,SIPEF,SIPEF,MUKOMUKO PALM OIL MILL"
PO1000001279,BUNGA TANJUNG,SIPEF,SIPEF,AGRO MUKO,,,RSPO Certified,"RSPO Certified, IP",2019-10-31,-2.71639000000,101.36944000000,IDN,Indonesia,Bengkulu,Mukomuko,1-Fully Verified,,,"PKS BUNGA TANJUNG,,,MITRA AGUNG SAWITA SEJATI,,,,AGRO MUKO (PKS BUNGA TANJUNG),,,BUNGA TANJUNG POM,SIPEF,SIPEF,AGRO MUKO (BUNGA TANJUNG),,BUNGA TANJUNG PALM OIL MILL"
PO1000001285,BUKIT BESAR,FGV HOLDINGS BERHAD,FGV,FGV PALM INDUSTRIES SDN BHD,,,Not RSPO Certified,,2019-10-31,1.77219000000,103.70220000000,MYS,Malaysia,Johor,Kota Tinggi,2-High Confidence,,,"KILANG SAWIT BUKIT BESAR,BUKIT BESAR POM,EDI/ SEI MANDING,KS BUKIT BESAR - FELDA,ABDI BUDI MULIA 157"
PO1000001309,KULAI,FGV HOLDINGS BERHAD,FGV,FGV PALM INDUSTRIES SDN BHD,,,RSPO Certified,"RSPO Certified, MB",2019-10-31,1.73956000000,103.64729000000,MYS,Malaysia,Johor,Kulaijaya,2-High Confidence,,,"KILANG SAWIT KULAI,KS KULAI,,,,,,,KILANG KELAPA SAWIT KULAI,,,,KULAI POM,K.K.S. KULAI,K.K.S. KULAI,BANGUN SEMPURNA LESTARI,"
PO1000001310,PENGGELI,FGV HOLDINGS BERHAD,FGV,FGV PALM INDUSTRIES SDN BHD,,,RSPO Certified,"RSPO Certified, MB",2019-10-31,1.82701000000,103.63914000000,MYS,Malaysia,Johor,Kota Tinggi,1-Fully Verified,,,"KILANG SAWIT PENGGELI,KS PENGELI,KS PENGGELI,,,,,,,,,,KILANG KELAPA SAWIT PENGGELI,,,,,ULU SEBOL POM,PENGGELI POM,K.K.S. PENGGELI,K.K.S. PENGGELI,GADING SAWIT KENCANA,"
PO1000001311,BELITONG,FGV HOLDINGS BERHAD,FGV,FGV PALM INDUSTRIES SDN BHD,,,RSPO Certified,"RSPO Certified, MB",2019-10-31,1.93761000000,103.49860000000,MYS,Malaysia,Johor,Keluang,1-Fully Verified,,,"KILANG KELAPA SAWIT BELITONG,,KILANG SAWIT BELITONG,KS BELITONG,,,,,K.K.S BELITONG,,,,,,,,,,BELITONG POM,,,K.K.S. BELITONG,K.K.S. BELITONG,BIM,FGVPISB KILANG SAWIT BELITONG POM,"
PO1000001313,NITAR,FGV HOLDINGS BERHAD,FGV,FGV PALM INDUSTRIES SDN BHD,,,RSPO Certified,"RSPO Certified, MB",2019-10-31,2.40676000000,103.65735000000,MYS,Malaysia,Johor,Mersing,1-Fully Verified,,,"KILANG SAWIT NITAR,KS NITAR,,,,,,,,,,KILANG KELAPA SAWIT NITAR,,,,,NITAR POM,K.K.S. NITAR,K.K.S. NITAR,BENGKULU SAWIT LESTARI,"
PO1000001314,KAHANG,FGV HOLDINGS BERHAD,FGV,FGV PALM INDUSTRIES SDN BHD,,,Not RSPO Certified,,2019-10-31,2.07510000000,103.49412000000,MYS,Malaysia,Johor,Keluang,1-Fully Verified,,,"KILANG KELAPA SAWIT KAHANG,,KILANG SAWIT KAHANG,KS KAHANG,SUNGAI
KAHANG PALM
OIL MILL,,,,,,,,,,,,,K.K.S. KAHANG,K.K.S. KAHANG,SRL 1,"
PO1000001315,AEK SIGALA GALA,PASIFIK AGRO SENTOSA (PAS),PASIFIK AGRO SENTOSA (PAS),BARUMUN AGRI SENTOSA,,,RSPO Certified,"RSPO Certified, MB",2019-10-31,1.62117000000,100.10244000000,IDN,Indonesia,Sumatera Utara,Padang Lawas Utara,1-Fully Verified,,,"BARUMUN AGRO SENTOSA,BARUMUN AGRO SENTOSA (AEK SIGALA GALA),AEK SIGALA GALA MILL,,BARUMUN AGRO SENTOSA MILL,AEK SIGALA-GALA,,,,,,,FLORA WAHANA TIRTA,BARUMUN AGRO SENTOSA (AEK SIGALA
GALA),PKS AEK SIGALA - GALA,,,,,,,,,,,,,,BUNGO SUKO MENANTI,GALA),BARUMUN AGRO SENTOSA (AEK SIGALAGALA),PT. BARUMUN AGRO SENTOSA,AEK SIGALAGALA,BARUMUN AGRO SENTOSA
(AEK SIGALA GALA),,,BARUMUN AGRO SENTOSA (AEK SIGALAGALA)"
PO1000001320,LEPAR HILIR,FGV HOLDINGS BERHAD,FGV,FGV PALM INDUSTRIES SDN BHD,,,RSPO Certified,"RSPO Certified, MB",2019-10-31,3.64528000000,103.01278000000,MYS,Malaysia,Pahang,Kuantan,1-Fully Verified,,,"KILANG SAWIT LEPAR HILIR,KS LEPAR HILIR,,,,LEPAR HILIR POM,K.K.S. LEPAR HILIR,BBC PALM OIL MILL SDN BHD,"
PO1000001342,SUNGAI BUAYA,SINAR MAS,Sinar Mas,SUMBER INDAH PERKASA,,,RSPO Certified,"RSPO Certified, IP",2019-10-31,-4.12861000000,105.43884000000,IDN,Indonesia,Lampung,Mesuji,1-Fully Verified,,,"SUNGAI BUAYA MILL,PT SUMBER INDAH PERKASA - SUNGAI BUAYA,,,,,,SUMBER INDAH PERKASA, PT.,SUMBER INDAH PERKASA, PT.,SUMBER INDAH PERKASA, PT.,SUMBER INDAH PERKASA, PT.,PT SUMBER INDAH PERKASA - SUNGAI
BUAYA,SUMBER INDAH PERKASA, PT.,SUMBER INDAH PERKASA, PT.,SUMBER INDAH PERKASA, PT.,SUMBER INDAH PERKASA, PT.,SUMBER INDAH PERKASA, PT.,SUMBER INDAH PERKASA, PT.,SMART,SUMBER INDAH PERKASA PT.,SUMBER INDAH PERKASA PT.,"
PO1000001343,SUNGAI MERAH,SINAR MAS,Sinar Mas,SUMBER INDAH PERKASA,,,RSPO Certified,"RSPO Certified, MB",2019-10-31,-4.21844000000,105.58877000000,IDN,Indonesia,Lampung,Tulangbawang,1-Fully Verified,,,"SUMBER INDAH PERKASA (SUNGAI MERAH),SUNGAI MERAH MILL,,,,,,PT SUMBER INDAH PERKASA SUNGAI MERAH M,,SUNGAI MERAH  MILL"
PO1000001344,JELATANG,SINAR MAS,GAR,KRESNA DUTA AGROINDO,,,RSPO Certified,"RSPO Certified, MB",2019-10-31,-2.07222000000,102.48583000000,IDN,Indonesia,Jambi,Merangin,1-Fully Verified,,,"KRESNA DUTA AGROINDO (JELATANG),JELATANG MILL,PT KRESNA DUTA AGROINDO - JELATANG,,,,,,,,,,,,,,"
PO1000001345,LANGLING,SINAR MAS,Sinar Mas,KRESNA DUTA AGROINDO,,,RSPO Certified,"RSPO Certified, MB",2019-10-31,-2.10083000000,102.37444000000,IDN,Indonesia,Jambi,Merangin,1-Fully Verified,,,"KRESNA DUTA AGROINDO (LANGLING),LANGLING MILL,,PT KRESNA DUTA AGROINDO - LANGLING,KRESNA DUTA AGROINDO LANGLING MILL,,,,,,,,,,,,,LANG LING,PT SMART TBK,,,,,"
PO1000001372,MASKAPAI PERKEBUAN LEIDONG WEST,SINAR MAS,Sinar Mas,MASKAPAI PERKEBUNAN LEIDONG WEST INDONESIA,,,RSPO Certified,"RSPO Certified, MB",2019-10-31,-1.90139000000,105.47639000000,IDN,Indonesia,Bangka Belitung,Bangka Barat,1-Fully Verified,,,"LEIDONG WEST MILL,,MASKAPAI PERKEBUAN LEIDONG WEST INDONESIA (SINARMAS CPO MILL),LEIDONG WEST,MASKAPAI LEIDONG WEST INDONESIA,,,,,,,LWEEIDSOTNG WEST,LWEEIDSOTNG WEST,GOLDEN AGRI RESOURCES,MASKAPAI PERKEBUAN LEIDONG WEST
INDONESIA (SINARMAS CPO MILL),LEIDONG WEST PALM OIL MILL,LEIDONG WEST POM,MASKAPAI PERKEBUAN LEIDONGWEST,,"
PO1000001380,BETUNG,SIME DARBY,Sime Darby Guthrie (SDGI),LAGUNA MANDIRI,,,RSPO Certified,"RSPO Certified, MB",2019-10-31,-2.37917000000,116.20306000000,IDN,Indonesia,Kalimantan Selatan,Kota Baru,1-Fully Verified,,,"LAGUNA MANDIRI (BETUNG FACTORY),LAGUNA MANDIRI - BETUNG POM,,PT LAGUNA MANDIRI - BETUNG POM,,BETUNG FACTORY,BETUNG OIL MILL,BETUNG OIL MILL,BETUNG (LM),SIME DARBY PLANTATION SDN BHD,PT. LAGUNA MANDIRI,PT. LAGUNA MANDIRI,BETUNG MILL,LAGUNA MANDIRI (BETUNG POM),LAGUNA MANDIRI,PT LAGUNA MANDIRI - BETUNG MILL"
PO1000001381,MANDAH FACTORY,SIME DARBY,Sime Darby Guthrie (SDGI),BHUMIREKSA NUSA SEJATI,,,RSPO Certified,"RSPO Certified, IP",2019-10-31,0.11597000000,103.54914000000,IDN,Indonesia,Riau,Indragiri Hilir,1-Fully Verified,,,"MANDAH,BHUMIREKSA NUSASEJATI (MANDAH),,BHUMIREKSA NUSA SEJATI - MANDAH,BHUMIREKSA NUSA SEJATI (PKS TELUK BAKAU),,MANDAH OIL MILL,BHUMIREKSA NUSA SEJATI,PT. BHUMIREKSA NUSASEJATI,PT. BHUMIREKSA NUSASEJATI,MANDAH POM,PT BHUMIREKSA NUSASEJATI - MANDAH POM,BHUMIREKSA NOSS SEJATI (PKS TELUK BAKAU),MANDAH FACTORY PALM OIL MILL"
PO1000001383,TANJUNG KEMBIRI,SINAR MAS,Sinar Mas,FORESTA LESTARI DWIKARYA,,,RSPO Certified,"RSPO Certified, MB",2019-10-31,-3.03249000000,107.77042000000,IDN,Indonesia,Bangka Belitung,Belitung,1-Fully Verified,,,"FORESTALESTARI DWIKARYA (TANJUNG KEMBIRI),TANJUNG KEMBIRI MILL,,PT FORESTALESTARI DWIKARYA MILL,PT FORESTALESTARI DWIKARYA - TANJUNG KEMBIRI,,,,,,,,,,,,,,,,"
PO1000001394,"THE NATURAL PALM GROUP CO., LTD.",UNKNOWN,Natural Palm Group,"THE NATURAL PALM GROUP CO.,LTD",,,RSPO Certified,"RSPO Certified, MB",2019-10-31,10.29303000000,99.09058000000,THA,Thailand,Chumphon,Sawi,1-Fully Verified,,,"CHUMPHON,THE NATURAL PALM GROUP CO LTD,THE NATURAL PALM GROUP CO. LTD. (MILL)"
PO1000001417,NILO 1,KUALA LUMPUR KEPONG (KLK),KUALA LUMPUR KEPONG (KLK),ADEI PLANTATION AND INDUSTRY,,,RSPO Certified,"RSPO Certified, MB",2019-10-31,0.34806000000,101.97167000000,IDN,Indonesia,Riau,Pelalawan,1-Fully Verified,,,"ADEI PLANTATION NILO 1,ADEI PLANTATION – NILO 1 PALM OIL MILL,,NILO-2,ADEL PLANTATION NILO,,ADEI PLANTATION & INDUSTRY (NILO 1),,,ADEI PLANTATION AND INDUSTRY (SEI NILO),,NILO 1 PALM OIL MILL,,,,,,ADEI PLANTATION AND INDUSTRY (NILO 1),PT ADEL PLANTATION NILO POM,,,,,,,,,,,,EI PLANTATION AND INDUSTRY (SEI NI,,NILO 1/ SEI NILO"
PO1000001418,NILO 2,KUALA LUMPUR KEPONG (KLK),KUALA LUMPUR KEPONG (KLK),ADEI PLANTATION AND INDUSTRY,,,RSPO Certified,"RSPO Certified, IP, MB",2019-10-31,0.35250000000,102.09472000000,IDN,Indonesia,Riau,Pelalawan,1-Fully Verified,,,"ADEI PLANTATION NILO 2,NILO-1,ADEI PLANTATION AND INDUSTRY NILO 2,,ADEI PLANTATION & INDUSTRY (NILO 2),,,NILO 2 PALM OIL MILL,ADEI PLANTATION – NILO 2 PALM OIL MILL,ADEI PLANTATION (NILO 2 POM),,ADEI PLANTATION   NILO 2 PALM OIL MILL"
PO1000001423,INDUSTRIAL AGRARIA LA PALMA S.A. (INDUPALMA),GRUPO GRASCO,GRUPO GRASCO,INDUSTRIAL AGRARIA LA PALMA S.A. (INDUPALMA),,,Not RSPO Certified,,2019-10-31,7.70346000000,-73.45552000000,COL,Colombia,Cesar,San Alberto,1-Fully Verified,,,"INDUPALMA,,INDUSTRIAL AGRARIA LA PALMA,IPNADLUMSAT)RIAL AGRARIA LA PALMA S.A. (IND,,,,,INDUSTRIAL AGRARIA LA PALMA S.A.
(INDUPALMA),INDUSTRIAL AGRARIA LA PALMA LTDA,INDUSTRIAL AGRARIA LA PALMA S.A.,INDUSTRIAL AGRARIA LA PALMA INDUPALMA LTDA"
PO1000001431,EXTRACTORA DEL ATLANTICO,AGROAMERICA,AGROAMERICA,EXTRACTORA LA FRANCIA / AGROCARIBE,,,RSPO Certified,"RSPO Certified, IP",2019-10-31,15.58296000000,-88.55981000000,GTM,Guatemala,Izabal,Morales,1-Fully Verified,,,"EXTRACTORA DEL ATLANTICO S.A.,,,,,,,,,EXTRACTORA DEL ATLANTICO S.A.*,AGROCARIBE,AGROCARIBE,AGROCARIBE,EXTRACTORA DEL ATLANTICO,AGROCARIBE/EXTRACTORA DEL ATLANTICO,EXTRACTORA DEL
ATLANTICO S.A.,EXTRACTORA DEL ATLANTICO
S.A.,EXTRACTORA DEL ATLANTICO
S.A.,EXTRACTORA DEL ATLANTICO
S.A.,EXTRACTORA DEL ATLANTICO
S.A.,EXTRACTORA DEL ATLANTICO
S.A.,EXTRACTORA DEL ATLANTICO
S.A.,EXTRACTORA DEL ATLANTICO
S.A.,EXTRACTORA DEL ATLANTICO
S.A.,EXTRACTORA DEL ATLANTICO
S.A.,EXTRACTORA DEL ATLANTICO
S.A.,EXTRACTORA DEL ATLANTICO
S.A.,EXTRACTORA DEL ATLANTICO
S.A.,EXTRACTORA DEL ATLANTICO
S.A.,EXTRACTORA DEL ATLANTICO
S.A.,EXTRACTORA DEL ATLANTICO
S.A.,EXTRACTORA DEL ATLANTICO
S.A.,EXTRACTORA DEL ATLANTICO
S.A.,EXTRACTORA DEL ATLANTICO
S.A.,EXTRACTORA DEL ATLANTICO
S.A.,EXTRACTORA DEL ATLANTICO
S.A.,EXTRACTORA DEL ATLANTICO
S.A.,EXTRACTORA DEL ATLANTICO
S.A.,EXTRACTORA DEL ATLANTICO
S.A.,EXTRACTORA DEL ATLANTICO
S.A.,EXTRACTORA DEL ATLANTICO
S.A.,EXTRACTORA DEL ATLANTICO
S.A.,EXTRACTORA DEL ATLANTICO
S.A.,EXTRACTORA DEL ATLANTICO
S.A.,EXTRACTORA DEL ATLANTICO
S.A.,EXTRACTORA DEL ATLANTICO
S.A.,EXTRACTORA DEL ATLANTICO
S.A.,EXTRACTORA DEL ATLANTICO
S.A.,EXTRACTORA DEL
ATLANTICO,AGROCARIBE/EXTRACTORA DEL
ATLANTICO,"
PO1000001488,BENUA PUHUN,MP EVANS,MP EVANS,PRIMA MITRAJAYA MANDIRI,,,RSPO Certified,"RSPO Certified, MB",2019-10-31,-0.29771000000,116.76367000000,IDN,Indonesia,Kalimantan Timur,Kutai Kartanegara,1-Fully Verified,,,"PRIMA MITRAJAYA MANDIRI,PRIMA MITRAJAYA MANDIRI (BENUA PUHUN),BUMI PERMAI,,,,PUHUN),PRIMA MITRAJAYA MANDIRI (BENUA
PUHUN),,,,,,,"
PO1000001529,SIRINGO RINGO,MUSIM MAS,Musim Mas,SIRINGO-RINGO,,,RSPO Certified,"RSPO Certified, MB",2019-10-31,2.10000000000,99.77000000000,IDN,Indonesia,Sumatera Utara,Labuhanbatu,1-Fully Verified,,,"SIRINGO-RINGO,SIRINGO RINGO MILL,SRIRINGO RINGO,GOLDEN OILINDO NUSANTARA,SIRINGO‐RINGO,PT. SIRINGO - RINGO,,"
PO1000001564,AEK NABARA SELATAN,PTPN III,PTPN III,PERKEBUNAN NUSANTARA III,PTPN III,,RSPO Certified,"RSPO Certified, MB",2019-10-31,2.05806000000,99.95528000000,IDN,Indonesia,Sumatera Utara,Labuhanbatu,1-Fully Verified,,,"AEK NABARA SELATAN (PERSERO),,AEK NABARA SELATAN 2,,SUMATERA MAKMUR LESTARI,PTP NUSANTARA III (AEK NABARA),AEK NABARA,,,,AEK NABARA MILL,,,,,,,SEI TESO MILL,PERKEBUNAN NUSANTARA III (AEK NABARA SELATAN),PERKEBUNAN NUSANTARA III (AEK NABARA,,,PTPN III (AEK NABARA),UNAN NUSANTARA III (AEK NABARA S,PKS AEK NABARA SELATAN"
PO1000001565,AEK TOROP,PTPN III,PTPN III,PERKEBUNAN NUSANTARA III,PTPN III,,RSPO Certified,"RSPO Certified, MB",2019-10-31,1.79278000000,100.15583000000,IDN,Indonesia,Sumatera Utara,Labuhanbatu Selatan,1-Fully Verified,,,"PERKEBUNAN NUSANTARA III (AEK TOROP),AEK TOROP MILL,,,,,GANDA BUANINDO,PERKEBUNAN NUSANTARA III (TOROP),PIP NUSANTARA III (AEK TAMP),PIP NUSANTARA III (AEK TOROP),,,,,,,,,,PTF NUSANTARA III (AEK TOROP),PTPN,AEK TOROP PALM OIL MILL,,PTP NUSANTARA III (AEK RASO),,SEI BASAU MILL,,,,PTPN III (AEK TOROP),RKEBUNAN NUSANTARA III (AEK TORO,PKS AEK TOROP,AEK TOROP ESTATE"
PO1000001566,AEK RASO,PTPN III,PTPN III,PERKEBUNAN NUSANTARA III,PTPN III,,RSPO Certified,"RSPO Certified, MB",2019-10-31,1.70388000000,100.17222000000,IDN,Indonesia,Sumatera Utara,Labuhanbatu Selatan,1-Fully Verified,,,"AEK RASO (PERSERO),,AEK RASO MILL,PERKEBUNAN NUSANTARA III (AEK RASO),,,,,SEI NILO,PTP NUSANTARA III (AEK RAW),,,,,,,,,,,PTP NUSANTARA (AEK RASO),PTPN,PT PERKEBUNAN NUSANTARA III (PERSERO),,,,,PTPN III (AEK RASO),ERKEBUNAN NUSANTARA III (AEK RAS"
PO1000001611,BUMI SAWIT,SINAR MAS,Sinar Mas,BUMI SAWIT PERMAI,,,RSPO Certified,"RSPO Certified, MB",2019-10-31,-3.52570000000,104.34430000000,IDN,Indonesia,Sumatera Selatan,Ogan Ilir,1-Fully Verified,,,"BUMI SAWIT PERMAI,BUMI SAWIT MILL,PT BUMI SAWIT PERMAI - BUMI SAWIT,,,,,,,,,"
PO1000001612,PANGKALAN PANJI,SINAR MAS,Sinar Mas,SAWIT MAS SEJAHTERA,,,RSPO Certified,"RSPO Certified, MB",2019-10-31,-2.94853000000,104.46651000000,IDN,Indonesia,Sumatera Selatan,Banyu Asin,1-Fully Verified,,,"SAWIT MAS SEJAHTERA (PANGKALAN PANJI),PANGKALAN PANJI MILL,PT SAWIT MAS SEJAHTERA - PANGKALAN PANJI,,,,,,PT SAWIT MAS SEJAHTERA - PANGKALAN
PANJI,,,,SAWIT MAS SEJAHTERA (PKL. PANJI),,"
PO1000001618,GAWI BAHANDEP SAWIT MEKAR,TRIPUTRA AGRO PERSADA,TAP,GAWI BAHANDEP SAWIT MEKAR,,,RSPO Certified,"RSPO Certified, MB",2019-10-31,-2.95123000000,112.34703000000,IDN,Indonesia,Kalimantan Tengah,Seruyan,1-Fully Verified,,,",,,DJAJA PUTRA INDONESIA,,,,,,,PT GAWI BAHANDEP SAWIT MEKAR,PT. GAWI BAHANDEP SAWIT MEKAR,TRIPUTRA,GAWI BAHANDEP SAWIT
MEKAR,,,,,,,"
PO1000001619,BRAHMA BINABAKTI,TRIPUTRA AGRO PERSADA,TAP,BRAHMA BINA BAKTI,,,RSPO Certified,"RSPO Certified, MB",2019-10-31,-1.34670000000,103.32798000000,IDN,Indonesia,Jambi,Muaro Jambi,1-Fully Verified,,,",,,,,,TRIPUTRA AGRO PERSADA,BATANG HARI,,"
PO1000001631,MUARA KANDIS,SINAR MAS,Sinar Mas,DJUANDA SAWIT LESTARI,,,RSPO Certified,"RSPO Certified, MB",2019-10-31,-2.90028000000,103.17750000000,IDN,Indonesia,Sumatera Selatan,Musi Rawas,1-Fully Verified,,,"DJUANDA SAWIT LESTARI (MUARA KANDIS),MUARA KANDIS MILL,PT DJUANDASAWIT LESTARI - MUARA KANDIS,,,,,,DJUANDASAWIT LESTARI,PT DJUANDASAWIT LESTARI - MUARA
KANDIS,BANGUN TENERA RIAU MILL,DJUANDASAWIT LESTARI (PKS MUARA KANDIS),,,,,DJUANDASAWIT LESTARI (PKS MUARA"
PO1000001637,PEKAWAI,SINAR MAS,Sinar Mas,AGRO LESTARI MANDIRI,,,Not RSPO Certified,,2019-10-31,-1.52122000000,110.45892000000,IDN,Indonesia,Kalimantan Barat,Ketapang,1-Fully Verified,,,"PEKAWAI MILL,AGROLESTARI MANDIRI,,,,,,,,,PT AGROLESTARI MANDIRI / PEKAWAI MILL,,,,,,"
PO1000001638,KENANGA,SINAR MAS,GAR,KENCANA GRAHA PERMAI,,,RSPO Certified,"RSPO Certified, MB",2020/09/01 00:00:00+00,-2.1404,110.5158,IDN,Indonesia,Kalimantan Barat,Ketapang,1-Fully Verified, ,,"PT KENCANA GRAHA PERMAI / KENANGA MILL,ABDI BUDI MULIA 831"
PO1000001654,EMBARA BUDI,FGV HOLDINGS BERHAD,FGV,FGV PALM INDUSTRIES SDN BHD,,,Not RSPO Certified,,2019-10-31,5.13207000000,119.09245000000,MYS,Malaysia,Sabah,Lahad Datu,1-Fully Verified,,,"EMBARA BUDI PALM OIL MILL,KEMBARA BUDI,,,,KILANG SAWIT EMBARA BUDI,KILANG KELAPA SAWIT EMBARA BUDI,KILANG KELAPA SAWIT EMBARA BUDI,KKS EMBARA BUDI,,,,,"
PO1000001655,BAREMA PALM OIL MILL,SIPEF,SIPEF,HARGY OIL PALM LIMITED,Hargy Oil Palms,,RSPO Certified,"RSPO Certified, IP",2019-10-31,-5.21044000000,151.12987000000,PNG,Papua New Guinea,West New Britain,Talasea,1-Fully Verified,,,"BAREMA,,,SIPEF,HARGY OIL PALM LIMITED (BAREMA),BAREMA POM,ABDI BUDI MULIA 95"
PO1000001670,UMBUL MAS WISESA,SIPEF,SIPEF,UMBUL MAS WISESA,,,RSPO Certified,"RSPO Certified, IP",2019-10-31,2.21081000000,100.27106000000,IDN,Indonesia,Sumatera Utara,Labuhanbatu Selatan,1-Fully Verified,,,",,,,,,,,,,,,,PT. UMBUL MAS WISESA,SIPEF,SIPEF,UMBUL MAS WISESA POM,"
PO1000001677,BENSO OIL PALM PLANTATION OIL MILL,WILMAR,Wilmar,BENSO OIL PALM PLANTATION LIMITED,,,RSPO Certified,"RSPO Certified, MB",2019-10-31,5.11072000000,-1.91368000000,GHA,Ghana,Western,Mpohor Wassa East,1-Fully Verified,,,"BENSO OIL PALM PLANTATION LIMITED,BENSO OIL PALM PLANTATION,,,,BENSO OIL,BOPP,BOPP,BOPP,BOPP,WILMAR INTERNATIONAL - BENSO OIL PALM PLANTATION (BOPP)"
PO1000001683,PUNDU NABATINDO,BUMITAMA GUNAJAYA AGRO (BGA),Bumitama,WINDU NABATINDO LESTARI,,,RSPO Certified,"RSPO Certified, MB",2019-10-31,-1.99317000000,113.06071000000,IDN,Indonesia,Kalimantan Tengah,Kotawaringin Timur,1-Fully Verified,Windu Nabatindo,,"WINDU NABATINDO LESTARI,WINDU NABATINDO LESTARI (PUNDU NABATINDO),,INDOTRUBA TENGAH-SEKUNYIR,,,NABATINDO),PUNDU NABATINDO MILL,WINDU NABATINDO LESTARI (PUNDU MILL),WINDU NABATINDO LESTARI (PUNDU
NABATINDO),WINDU NABATINDO LESTARI (PUNDU,NABATINDO LESTARI,,,PT. WINDU NABATINDO ABADI (PUNDU NABATINDO),,ABDI BUDI MULIA 840"
PO1000001684,GUNUNG MAKMUR,BUMITAMA GUNAJAYA AGRO (BGA),Bumitama,KARYA MAKMUR BAHAGIA,,,RSPO Certified,"RSPO Certified, MB",2019-10-31,-1.76127000000,112.59742000000,IDN,Indonesia,Kalimantan Tengah,Kotawaringin Timur,2-High Confidence,,,"KARYA MAKMUR BAHAGIA,,,,,,,KARYA MAKMUR BAHAGIA (GUNUNG MAKMUR),,,,GUNUNG MAKMUR MILL,,KARYA MAKMUR BAHAGIA (GUNUNG,ABDI BUDI MULIA 344"
PO1000001697,LANCANG KEMUDI,FGV HOLDINGS BERHAD,FGV,FGV PALM INDUSTRIES SDN BHD,,,Not RSPO Certified,,2019-10-31,5.23232000000,119.05800000000,MYS,Malaysia,Sabah,Lahad Datu,1-Fully Verified,,,"KILANG SAWIT LANCANG KEMUDI,LANCANG KEMUDI POM,K. SAWIT LANCANG KEMUDI (SAHABAT J),K. SAWIT LANCANG KEMUDI (SAHABAT J),BANYUASIN NUSANTARA SEJAHTERA,,,LANCHANG KEMUDI"
PO1000001698,HAMPARAN BADAI,FGV HOLDINGS BERHAD,FGV,FGV PALM INDUSTRIES SDN BHD,,,Not RSPO Certified,,2019-10-31,5.33623000000,119.20467000000,MYS,Malaysia,Sabah,Kinabatangan,1-Fully Verified,,,"KILANG SAWIT HAMPARAN BADAI,K.K.S. HAMPARAN BADAI,K.K.S. HAMPARAN BADAI,PERKEBUNAN LEMBAH BAHKTI 2,,,,,,"
PO1000001699,MERCU PUSPITA,FGV HOLDINGS BERHAD,FGV,FGV PALM INDUSTRIES SDN BHD,,,Not RSPO Certified,,2019-10-31,5.20581000000,119.01374000000,MYS,Malaysia,Sabah,Lahad Datu,1-Fully Verified,,,"KILANG SAWIT MERCU PUSPITA,MERCU PUSPITA POM,KKS MERCU PUSPITA,KKS MERCU PUSPITA,,,,,"
PO1000001700,NILAM PERMATA,FGV HOLDINGS BERHAD,FGV,FGV PALM INDUSTRIES SDN BHD,,,Not RSPO Certified,,2019-10-31,5.29083000000,119.00944000000,MYS,Malaysia,Sabah,Kinabatangan,1-Fully Verified,,,"NILAM PERMATA PALM OIL MILL,,,,KILANG SAWIT NILAM PERMATA,NILAM PERMATA POM,K.K.S. NILAM PERMATA (SAHABAT G),K.K.S. NILAM PERMATA (SAHABAT G),KS NILAM PERMATA,SYARIKAT PERUSAHAAN KELAPA SAWIT,,,,"
PO1000001701,KEMBARA SAKTI,FGV HOLDINGS BERHAD,FGV,FGV PALM INDUSTRIES SDN BHD,,,Not RSPO Certified,,2019-10-31,5.36104000000,119.09300000000,MYS,Malaysia,Sabah,Kinabatangan,1-Fully Verified,,,"KILANG SAWIT KEMBARA SAKTI,KEMBARA SAKTI PALM OIL MILL,INDERA,PMKS SISIRAU,KKS KEMBARA SAKTI,,,,"
PO1000001702,UMAS,FGV HOLDINGS BERHAD,FGV,FGV PALM INDUSTRIES SDN BHD,,,Not RSPO Certified,,2019-10-31,4.49691000000,117.65058000000,MYS,Malaysia,Sabah,Tawau,1-Fully Verified,,,"UMAS MILL,,KILANG SAWIT UMAS,KKS UMAS,K.K.S. UMAS-UMAS,K.K.S. UMAS-UMAS,,,,,,"
PO1000001703,KALABAKAN,FGV HOLDINGS BERHAD,FGV,FGV PALM INDUSTRIES SDN BHD,,,Not RSPO Certified,,2019-10-31,4.37004000000,117.51249000000,MYS,Malaysia,Sabah,Tawau,1-Fully Verified,,,"KALABAKAN MILL,,KILANG SAWIT KALABAKAN,TPP/ SUNGAI SAGU,,,,,,KKS KALABAKAN"
PO1000001722,SUNGAI BENGKAL,SINAR MAS,Sinar Mas,SATYA KISMA USAHA,,,RSPO Certified,"RSPO Certified, MB",2019-10-31,-1.59056000000,102.61000000000,IDN,Indonesia,Jambi,Tebo,1-Fully Verified,,,"SATYA KISMA USAHA,,PT SATYA KISMA USAHA - SUNGAI BENGKAL,PT SATYA KISMA USAHA (SUNGAI BENGKAL),,,,,,,,,,,,,PT SATYA KISMA USAHA,GLOBAL ENTERPRISE SDN BHD,PT SATYA KISMA USAHA - SUNGAI
BENGKAL,PT. SATYA KISMA USAHA - SUNGAI BENGKAL MILL,"
PO1000001740,JORONG,WINGS AGRO,WINGS AGRO,GAWI MAKMUR KALIMANTAN,,,RSPO Certified,"RSPO Certified, MB",2019-10-31,-3.82270000000,114.96345000000,IDN,Indonesia,Kalimantan Selatan,Tanah Laut,1-Fully Verified,,,"JORONG PLANT,PT. GAWI MAKMUR KALIMANTAN-JORONG,"
PO1000001761,BUKIT PERAK,SINAR MAS,Sinar Mas,BUMI PERMAI LESTARI,,,RSPO Certified,"RSPO Certified, MB",2019-10-31,-1.82015000000,105.55090000000,IDN,Indonesia,Bangka Belitung,Bangka Barat,1-Fully Verified,,,"BUMI PERMAI LESTARI (BUKIT PERAK),BUKIT PERAK MILL,,PT BUMI PERMAI LESTARI - BUKIT PERAK,,,,,,,,,,BUMI PERMAI LESTARI, PT.,BUMI PERMAI LESTARI, PT.,BUMI PERMAI LESTARI, PT.,BUMI PERMAI LESTARI, PT.,BUMI PERMAI LESTARI, PT.,BUMI PERMAI LESTARI (BUKIT PERAK MILL),BUMI PERMAI LESTARI PT.,,"
PO1000001765,MUARA WAHAU,SINAR MAS,Sinar Mas,KRESNA DUTA AGROINDO,,,RSPO Certified,"RSPO Certified, MB",2019-10-31,1.11116000000,117.02316000000,IDN,Indonesia,Kalimantan Timur,Kutai Timur,1-Fully Verified,,,"PT KRESNA DUTA AGROINDO - MUARA WAHAU,MUARA WAHAU MILL,,ABDI BUDI MULIA 661"
PO1000001774,SEUNAGAN,SOCFIN,SOCFIN,SOCFIN INDONESIA,,,RSPO Certified,"RSPO Certified, IP",2019-10-31,4.06000000000,96.26222000000,IDN,Indonesia,Aceh,Nagan Raya,1-Fully Verified,,,"SEUNAGAN MILL,SOCFIN INDONESIA SEUNAGAN,SEI TAPUNG,,,WANA POTENSI GUNA"
PO1000001775,LAE BUTAR,SOCFIN,SOCFIN,SOCFIN INDONESIA,,,RSPO Certified,"RSPO Certified, IP",2019-10-31,2.39111000000,97.95667000000,IDN,Indonesia,Aceh,Aceh Singkil,1-Fully Verified,,,"LAE BUTAR MILL,SEI GARO,SOCFIN INDONESIA,PT SOCFIN INDONESIA - LAE BUTAR MILL,,,T SOCFIN INDONESIA - LAE BUTAR MIL,ABDI BUDI MULIA 541"
PO1000001777,SEUMANYAM,SOCFIN,SOCFIN,SOCFIN INDONESIA,,,RSPO Certified,"RSPO Certified, IP",2019-10-31,3.96528000000,96.56528000000,IDN,Indonesia,Aceh,Nagan Raya,1-Fully Verified,,,"PT SOCFIN INDONESIA - SEUMANYAM,,SEI ROKAN,,RAJA MARGA,ICOF,SEUMANYAM MILL,SOCFIN-SEUMANYAM,,"
PO1000001784,SEI BARUHUR,PTPN III,PTPN III,PERKEBUNAN NUSANTARA III,PTPN III,,RSPO Certified,"RSPO Certified, MB",2019-10-31,1.68848000000,100.28577000000,IDN,Indonesia,Sumatera Utara,Labuhanbatu Selatan,1-Fully Verified,,,"SEI BARUHUR MILL,PERKEBUNAN NUSANTARA III (SEI BARUHUR),,,,,BATANG CENAKU,PTP NUSANTARA III (SEI BARUHUR),,,,,,,,,,AEK NABARA SELATAN 1,PTP NUSANTARA III ( (SEI BARUHUR),PTPN,PERKEBUNAN NUSANTARA III (SEI BARUHUR,,,PTPN III (SEI BARUHUR),RKEBUNAN NUSANTARA III (SEI BARUH"
PO1000001867,LEMBIRU,SIME DARBY,Sime Darby Guthrie (SDGI),SANDIKA NATAPALMA,,,Not RSPO Certified,,2019-10-31,-2.169040,110.674400,IDN,Indonesia,Kalimantan Barat,Ketapang,2-High Confidence,,,"SANDIKA NATA PALMA,SANDIKA NATA PALMA (LEMBIRU),,,,,,SANDIKA NATAPALMA (LEMBIRU),LUBUK DALAM POM,,,"
PO1000001890,SG TENGI,FGV HOLDINGS BERHAD,FGV,FGV PALM INDUSTRIES SDN BHD,,,Not RSPO Certified,,2019-10-31,3.58609000000,101.41560000000,MYS,Malaysia,Selangor,Hulu Selangor,1-Fully Verified,,,"SUNGAI TENGI,KILANG KELAPA SAWIT SUNGAI TENGI,K.K.S.SUNGAI TENGI,K.K.S.SUNGAI TENGI,SG TENGI POM,KS SUNGAI TENGI,,KKS SUNGAI TENGI,KKS SUNGAI TENGI,FGV PALM INDUSTIES SDN BHD,FGV PALM INDUSTRIES SDN. BHD. - KILANG SAWIT SUNGAI TENGI,FGV PALM INDUSTRIES SDN. BHD. - KILANG SAWIT SUNGAI TENGI,,KILANG SAWIT SUNGAI TENGI,SUMBER ADINUSA LESTARI,,,,,,KS SUNGAI TENGI-
SELANGOR"
PO1000001891,PANCHING,FGV HOLDINGS BERHAD,FGV,FGV PALM INDUSTRIES SDN BHD,,,Not RSPO Certified,,2019-10-31,3.82611000000,103.16611000000,MYS,Malaysia,Pahang,Kuantan,1-Fully Verified,Panching,,"KILANG SAWIT PANCHING,KILANG KELAPA SAWIT SUNGAI PANCHING,KS PANCHING,K.K.S. SUNGAI PANCING,PANCHING POM,FGVT-PANCHING,FGVT-PANCHING,"
PO1000001892,BESOUT,FGV HOLDINGS BERHAD,FGV,FGV PALM INDUSTRIES SDN BHD,,,RSPO Certified,"RSPO Certified, MB",2019-10-31,3.88129000000,101.27706000000,MYS,Malaysia,Perak,Batang Padang,1-Fully Verified,Besout,,"KILANG KELAPA SAWIT BESOUT,KILANG KELAPA SAWIT BESOUT,BESOUT POM,K.K.S BESOUT,,K.K.S. BESOUT,K.K.S. BESOUT,FELDA GLOBAL VENTURE BHD,FGVPISB KILANG SAWIT BESOUT,FGVPISB KILANG SAWIT BESOUT,,,,,,,KILANG SAWIT BESOUT,KS BESOUT-PERAK"
PO1000001893,TROLAK,FGV HOLDINGS BERHAD,FGV,FGV PALM INDUSTRIES SDN BHD,,,Not RSPO Certified,,2019-10-31,3.93798000000,101.35023000000,MYS,Malaysia,Perak,Batang Padang,1-Fully Verified,,,"KS TROLAK,KILANG SAWIT TROLAK,TROLAK POM,K.K.S. TROLAK,K.K.S. TROLAK,FGV PALM INDUSTRIES SDN. BHD. - KILANG SAWIT TROLAK,FGV PALM INDUSTRIES SDN. BHD. - KILANG SAWIT TROLAK,KILANG KELAPA SAWIT TROLAK,,,,,KS TROLAK-PERAK"
PO1000001894,KERATONG 2,FGV HOLDINGS BERHAD,FGV,FGV PALM INDUSTRIES SDN BHD,,,RSPO Certified,"RSPO Certified, MB",2019-10-31,2.91934000000,102.87327000000,MYS,Malaysia,Pahang,Rompin,1-Fully Verified,,,"KILANG KELAPA SAWIT KERATONG 2,KERATONG 2 POM,,KILANG SAWIT KERATONG 2,KS KERATONG 2,,,,,,,,,,,,,,K.K.S. KERATONG 2,K.K.S. KERATONG 2,FGV HOLDINGS BHD,"
PO1000001895,KERATONG 3,FGV HOLDINGS BERHAD,FGV,FGV PALM INDUSTRIES SDN BHD,,,RSPO Certified,"RSPO Certified, MB",2019-10-31,2.92959000000,102.93550000000,MYS,Malaysia,Pahang,Rompin,1-Fully Verified,,,"KILANG KELAPA SAWIT KERATONG 3,KERATONG 3 POM,KILANG SAWIT KERATONG 3,KS KERATONG 3,,,,,,,,,,,,,SOUTHERN KERATONG PLANTATIONS,K.K.S. KERATONG 3,K.K.S. KERATONG 3,AIR BALAM MILL,FGV HOLDINGS BHD,"
PO1000001896,NERAM,FGV HOLDINGS BERHAD,FGV,FGV PALM INDUSTRIES SDN BHD,,,RSPO Certified,"RSPO Certified, MB",2019-10-31,4.00667000000,103.28861000000,MYS,Malaysia,Trengganu,Kemaman,1-Fully Verified,,,"KILANG SAWIT NERAM,KS NERAM,,,KILANG KELAPA SAWIT NERAM,,NERAM POM,K.K.S. NERAM,K.K.S. NERAM,C. P.,FGVT-NERAM,FGV HOLDINGS BHD,"
PO1000001897,KRAU,FGV HOLDINGS BERHAD,FGV,FGV PALM INDUSTRIES SDN BHD,,,RSPO Certified,"RSPO Certified, MB",2019-10-31,3.64722000000,101.97639000000,MYS,Malaysia,Pahang,Raub,1-Fully Verified,,,"KS KRAU,KRAU POM,,,,K.K.S KRAU,K.K.S. KRAU,K.K.S. KRAU,FELDA GLOBAL VENTURE BHD,,KOTA GELANGGI,,,,KILANG SAWIT KRAU,KS KRAU-PAHANG"
PO1000001898,MEMPAGA,FGV HOLDINGS BERHAD,FGV,FGV PALM INDUSTRIES SDN BHD,,,Not RSPO Certified,,2019-10-31,3.52722000000,101.98028000000,MYS,Malaysia,Pahang,Bentong,1-Fully Verified,,,"K.K.S MEMPAGA,K.K.S MEMPAGA,KILANG SAWIT MEMPAGA,,,,MEMPAGA POM,,K.K.S. MEMPAGA,K.K.S. MEMPAGA,,,,,,,KS MEMPAGA-
PAHANG"
PO1000001899,SERTING,FGV HOLDINGS BERHAD,FGV,FGV PALM INDUSTRIES SDN BHD,,,Not RSPO Certified,,2019-10-31,2.90035000000,102.44598000000,MYS,Malaysia,Negeri Sembilan,Jempol,1-Fully Verified,,,"SERTING POM,KILANG SAWIT SERTING,KS SERTING,KILANG KELAPA SAWIT SERTING,KILANG KELAPA SAWIT SERTING,,,,,,,,,,,,SUKSES GEMILANG PALEM,FPISB KILANG SAWIT SERTING,"
PO1000001901,JERANGAU BARAT,FGV HOLDINGS BERHAD,FGV,FGV PALM INDUSTRIES SDN BHD,,,Not RSPO Certified,,2019-10-31,4.91611000000,103.13528000000,MYS,Malaysia,Trengganu,Dungun,1-Fully Verified,,,"KILANG SAWIT JERANGAU BARAT,KS JERANGAU BARAT,JERANGAU BARAT POM,K.K.S. JERANGAU BARAT,SINP,FGVT-JERANGAU BARAT,FGV HOLDINGS BHD,,JERANGAU BARU"
PO1000001902,JERANGAU BARU,FGV HOLDINGS BERHAD,FGV,FGV PALM INDUSTRIES SDN BHD,,,Not RSPO Certified,,2019-10-31,4.93417000000,103.18444000000,MYS,Malaysia,Trengganu,Hulu Terengganu,1-Fully Verified,,,"KILANG SAWIT JERANGAU BARU,JERANGAU,KS JERANGAU BARU,JERANGAU POM,SKP,"
PO1000001903,SELANCAR 2A,FGV HOLDINGS BERHAD,FGV,FGV PALM INDUSTRIES SDN BHD,,,Not RSPO Certified,,2019-10-31,2.65220000000,103.01900000000,MYS,Malaysia,Pahang,Rompin,1-Fully Verified,,,"KILANG SAWIT SELANCAR 2A,KS SELANCAR 2A,,,,,,,,,,KILANG SAWIT SELANCHAR A,SELANCAR 2A POM,KILANG KELAPA SAWIT SELANCAR 2A,K.K.S. SELANCAR 2A,FELDA GLOBAL VENTURE BHD,BICCON AGRO MAKMUR,"
PO1000001904,SELANCAR 2B,FGV HOLDINGS BERHAD,FGV,FGV PALM INDUSTRIES SDN BHD,,,RSPO Certified,"RSPO Certified, MB",2019-10-31,2.63879000000,103.00000000000,MYS,Malaysia,Pahang,Rompin,1-Fully Verified,,,"KILANG KELAPA SAWIT SELANCAR 2B,KILANG KELAPA SAWIT SELANCAR 2B,KILANG SAWIT SELANCAR 2B,KS SELANCAR 2B,,,,,,,,,,,,,,SELANCAR 2B POM,KKS SELANCAR 2A,K.K.S. SELANCAR 2B,K.K.S. SELANCAR 2B,FELDA GLOBAL VENTURE BHD,MUARA JAMBI SAWIT LESTARI POM,,,,,"
PO1000001905,SELENDANG,FGV HOLDINGS BERHAD,FGV,FGV PALM INDUSTRIES SDN BHD,,,RSPO Certified,"RSPO Certified, MB",2019-10-31,2.70333000000,103.44012000000,MYS,Malaysia,Pahang,Rompin,1-Fully Verified,,,"KILANG SAWIT SELENDANG,KS SELENDANG,,,,,,,,,,,,KILANG KELAPA SAWIT SELENDANG,,,,,,SELENDANG POM,K.K.S. SELENDANG 2,K.K.S. SELENDANG 2,"
PO1000001906,CHALOK,FGV HOLDINGS BERHAD,FGV,FGV PALM INDUSTRIES SDN BHD,,,Not RSPO Certified,,2019-10-31,5.45389000000,102.78250000000,MYS,Malaysia,Trengganu,Setiu,1-Fully Verified,,,"KILANG KELAPA SAWIT CHALOK,KS CHALOK,KILANG SAWIT CHALOK,FPISB KILANG SAWIT CHALOK,K.K.S. CHALOK,CHALOK POM,FGVT-CHALOK"
PO1000001907,KERTEH,FGV HOLDINGS BERHAD,FGV,FGV PALM INDUSTRIES SDN BHD,,,RSPO Certified,"RSPO Certified, MB",2019-10-31,4.62583000000,103.33194000000,MYS,Malaysia,Trengganu,Dungun,1-Fully Verified,,,"KERTEH POM,KS KERTEH,,,,K.K.S. RASAU KERTEH,KILANG SAWIT KERTEH,LEIDONG MAKMUR,FGVT-KERTEH,FGV HOLDINGS BHD,"
PO1000001920,JAK LUAY,SINAR MAS,Sinar Mas,TAPIAN NADENGGAN,,,RSPO Certified,"RSPO Certified, MB",2019-10-31,0.95083000000,116.91500000000,IDN,Indonesia,Kalimantan Timur,Kutai Timur,1-Fully Verified,Jak Luay,,"PT TAPIAN NADENGGAN - JAK LUAY,,,,,JAKLUAY,ABDI BUDI MULIA 388"
PO1000001960,SIKARAKARA,PASIFIK AGRO SENTOSA (PAS),PASIFIK AGRO SENTOSA (PAS),RIMBA MUJUR MAHKOTA,,,RSPO Certified,"RSPO Certified, MB",2019-10-31,0.67206000000,99.09200000000,IDN,Indonesia,Sumatera Utara,Mandailing Natal,1-Fully Verified,,,"RIMBA MUJUR MAHKOTA (SIKARAKARA),,RIMBA MUJUR MAHKOTA MILL,RIMBA MUJUR MAHKOTA,,,,PKS SIKARAKARA,HI MBA MUJUR MAHKOTA,,,,,,,,RIMBA MUJUR MAHKOTA, PT,RIMBA MUJUR MAHKOTA, PT,RIMBA MUJUR MAHKOTA, PT,RIMBA MUJUR MAHKOTA, PT,RIMBA MUJUR MAHKOTA, PT,RIMBA MUJUR MAHKOTA PT.,RIMBA MUJUR MAHKOTA (SIKARAKARA,RIMBA MUJUR MAHKOTA PT,RIMBA MUJUR MAHKOTA (SIKA,,,SIKARAKARA NATAL,RIMBA MUJUR MAHKOTA (SIKARAKAR"
PO1000001968,KUALA PERTANG,KUALA LUMPUR KEPONG (KLK),KUALA LUMPUR KEPONG (KLK),KUALA LUMPUR KEPONG BERHAD,,,RSPO Certified,"RSPO Certified, MB",2019-10-31,5.62306000000,102.23806000000,MYS,Malaysia,Kelantan,Kuala Krai,1-Fully Verified,,,"KKS KUALA PERTANG,KUALA PERTANG PALM OIL MILL,KUALA PERTANG POM,,K.K.S. KUALA PERTANG,K.K.S. KUALA PERTANG,KUALA LUMPUR KEPONG BERHAD KUALA PERTANG PALM OIL MILL,KUALA LUMPUR KEPONG BERHAD KUALA PERTANG PALM OIL MILL,,,KULA LUMPUR KEPONG BHD (KUALA PERTANG),,"
PO1000001992,AUSTINDO NUSANTARA JAYA AGRI SIAIS,ANJ AGRO,ANJ AGRO,AUSTINDO NUSANTARA JAYA AGRI SIAIS,,,RSPO Certified,"RSPO Certified, MB",2019-10-31,1.17442000000,99.15518000000,IDN,Indonesia,Sumatera Utara,Tapanuli Selatan,1-Fully Verified,,,"SIAIS,AUSTINDO NUSANTARA JAYA AGRI (PKS
SIAIS),AUSTINDO NUSANTARA JAYA AGRI (PKS SIAIS),AUSTINDO NUSANTARA JAYA SIAIS,AUSTINDO NUSANTARA JAYA AGRISIAIS,,ANJA SIAIS"
PO1000002037,PKS 5,DHARMA SATYA NUSANTARA (DSN),Dharma Satya Nusantara (DSN),DHARMA SATYA NUSANTARA,,,Not RSPO Certified,,2019-10-31,-1.97111000000,111.35190000000,IDN,Indonesia,Kalimantan Tengah,Lamandau,1-Fully Verified,,,"DHARMA SATYA NUSANTARA 5,PT DHARMA SATYA NUSANTARA (PKS 5),DHARMA SATYA NUSANTARA,PILAR WANA PERSADA,PKS 5 (DSN),PILAR WANAPERSADA,,,,DHARMA SATYA NUSANTARA 1,DHARMA SATYA NUSANTARA 1,DHARMA SATYA NUSANTARA 1,DHARMA SATYA NUSANTARA 1,,,,PILAR WANAPERSADA (PWP),,,,DHARMA SATYA NUSANTARA (PKS5),DHARMA SATYA
NUSANTARA 5,,,,,,PILAR WANAPERSADA (DSN 5),,DHARMA SATYA NUSANTARA (POM5)"
PO1000002063,PERANAP,ROYAL GOLDEN EAGLE,Royal Golden Eagle (RGE),RIGUNAS AGRI UTAMA,,,RSPO Certified,"RSPO Certified, MB",2019-10-31,-0.58472000000,102.01944000000,IDN,Indonesia,Riau,Indragiri Hulu,1-Fully Verified,,,"RIGUNAS AGRI UTAMA (PERANAP),RIGUNAS AGRI UTAMA (PKS PERNAP),RIGUNAS AGRI UTAMA,,,,RGM,PERANAP MILL,AJAMU POM,PT. RIGUNAS AGRI UTAMA (AGRO SEJAHTERA),PERANAP (PPN),PT. RIGUNAS AGRI UTAMA (AGRO
SEJAHTERA),PT. RIGUNAS AGRI UTAMA (AGROSEJAHTERA)"
PO1000002070,TIAN SIANG OILL MILL,TIAN SIANG HOLDINGS SDN BHD,Tian Siang Holdings,TIAN SIANG OILL MILL SDN BHD,,,Not RSPO Certified,,2019-10-31,5.40136000000,117.88468000000,MYS,Malaysia,Sabah,Kinabatangan,1-Fully Verified,,,"KINABATANGAN,TIAN SIANG OIL MILL SDN BHD,,TIANSIANG,,,,,,,,,,,,,,KILANG KELAPA SAWIT TIAN SIANG,KILANG KELAPA SAWIT TIAN SIANG,TIAN SIANG OIL
MILL (PAHANG) SDN BHD,TIAN SIANG OILL MILL (AIR KUNING),,TIAN  SIANG OIL MILL (TRIANG) SDN BHD,,TIAN SIANG PALM OIL MILL,,,TIAN SIANG OIL"
PO1000002088,PKS 4,DHARMA SATYA NUSANTARA (DSN),Dharma Satya Nusantara (DSN),DHARMA SATYA NUSANTARA,,,RSPO Certified,"RSPO Certified, MB",2019-10-31,1.15178000000,116.74633000000,IDN,Indonesia,Kalimantan Timur,Kutai Timur,1-Fully Verified,,,"DHARMA SATYA NUSANTARA 4,DHARMA SATYA NUSANTARA MILL 4,PKS 4 (DSN),,,,,,,POM 4,,,,,,SWAKARSA SINARSENTOSA (DSN 4),,DHARMA SATYA NUSANTARA - 4,,,ABDI BUDI MULIA 809"
PO1000002103,SATUI,WINGS AGRO,WINGS AGRO,GAWI MAKMUR KALIMANTAN,,,RSPO Certified,"RSPO Certified, MB",2019-10-31,-3.73797000000,115.45519000000,IDN,Indonesia,Kalimantan Selatan,Tanah Bumbu,1-Fully Verified,,,"SATUI MILL,"
PO1000002130,AGRONUSA INVESTAMA 1 - SAMBAS,WILMAR,Wilmar,AGRONUSA INVESTAMA,,,RSPO Certified,"RSPO Certified, MB",2019-10-31,1.35356000000,109.50795000000,IDN,Indonesia,Kalimantan Barat,Sambas,1-Fully Verified,,,"AGRONUSA INVESTAMA 3,AGRONUSA INVESTAMA - SAMBAS,AGRONUSA INVESTAMA (SAMBAS),AGRONUSA INVESTAMA,SAMBAS,SAMBAS,SAMBAS,SAMBAS,,,,,ABDI BUDI MULIA 34"
PO1000002132,DAYA LABUHAN INDAH 2,WILMAR,Wilmar,DAYA LABUHAN INDAH,,,RSPO Certified,"RSPO Certified, IP, MB",2019-10-31,2.28611000000,100.14083000000,IDN,Indonesia,Sumatera Utara,Labuhanbatu,1-Fully Verified,,,"WIMAR-PT DAYA LABUHAN INDAH-2,PT DAYA LABUHAN INDAH POM 2,GORA GAHANA (DALU DALU),"
PO1000002133,GERSINDO MINANG PLANTATION,WILMAR,Wilmar,GERSINDO MINANG PLANTATION,,,RSPO Certified,"RSPO Certified, MB",2019-10-31,0.12055000000,99.71826000000,IDN,Indonesia,Sumatera Barat,Pasaman Barat,1-Fully Verified,,,
PO1000002136,TOMANGGONG,HAP SENG PLANTATIONS HOLDINGS BERHAD,Hap Seng Plantations Holdings,HAP SENG PLANTATIONS (RIVER ESTATES) SDN BHD,,,RSPO Certified,"RSPO Certified, MB",2019-10-31,5.42731000000,118.65931000000,MYS,Malaysia,Sabah,Kinabatangan,1-Fully Verified,,,"TDONM BAHNDGGONG,TEMANGGONG,,,,,TOMANGGONG PALM OIL MILL,,HAP SENG PLANTATIONS (RIVER ESTATES) SDN BHD,,,HAP SENG PLANTATIONS (RIVER ESTATES)
SDN BHD,HAP SENG PLANTATIONS (RIVER ESTATES)TOMANGGONG,HAP SENG PLANTATIONS (RIVER ESTATES) SDN BHD
(TOMANGGONG POM),,,,TOMANGGONG (RIVER ESTATES),ESTATES) SDN BHD (TOMANGGONG"
PO1000002142,TOPAZ,ROYAL GOLDEN EAGLE,Royal Golden Eagle (RGE),TUNGGAL YUNUS ESTATE,,,RSPO Certified,"RSPO Certified, MB",2019-10-31,0.68939000000,100.93500000000,IDN,Indonesia,Riau,Kampar,1-Fully Verified,,,"TUNGGAL YUNUS ESTATE (TOPAZ),TOPAZ MILL,PT TUNGGAL YUNUS ESTATE POM,,,,,,,TAMAN RAJA,INTI INDOSAWIT SUBUR PT (ASIAN AGRI GROUP),,TOPAZ (PTZ),,,"
PO1000002143,TAMAN RAJA,ROYAL GOLDEN EAGLE,Royal Golden Eagle (RGE),DASA ANUGERAH SEJATI,,,RSPO Certified,"RSPO Certified, MB",2019-10-31,-1.17669000000,103.00781000000,IDN,Indonesia,Jambi,Tanjung Jabung B,1-Fully Verified,,,"DASA ANUGRAH SEJATI (TAMAN RAJA),PT DASA ANUGRAH SEJATI,DASA ANUGRAH SEJATI,,,,PT TAMAN RAJA,PT. DASA ANUGRAH SEJATI,TAMAN RAJA MILL,TAMAN RAJA (PTR)"
PO1000002144,TANAH DATAR,ROYAL GOLDEN EAGLE,Royal Golden Eagle (RGE),SUPRA MATRA ABADI,,,RSPO Certified,"RSPO Certified, MB",2019-10-31,3.14806000000,99.55639000000,IDN,Indonesia,Sumatera Utara,Batu Bara,1-Fully Verified,,,"SUPRA MATRA ABADI (TANAH DATAR),INTI INDOSAWIT SUBUR (TANAH DATAR),,,,ASIAN AGRI,TANAH DATAR MILL,LADANG PANJANG MILL,SUPRA MATRA ABADI TANAH DATAR,,,TANAH DATAR (PTD)"
PO1000002145,AEK NABARA,ROYAL GOLDEN EAGLE,Royal Golden Eagle (RGE),SUPRA MATRA ABADI,,,Not RSPO Certified,,2019-10-31,1.99972000000,99.93972000000,IDN,Indonesia,Sumatera Utara,Labuhanbatu,1-Fully Verified,,,"SUPRA MATRA ABADI (AEK NABARA),SUPRA MATRA ABADI - AEK NABARA MILL,,PT SUPRA MATRA ABADI AEK NABARA,AEK NABARA (SMA),AEK NAMARA,,,,,,,,,,,SUPRA MATRA ABADI,,,AEK NABARA (PAN),,"
PO1000002146,TELUK PANJIE,ROYAL GOLDEN EAGLE,Royal Golden Eagle (RGE),SUPRA MATRA ABADI,,,RSPO Certified,"RSPO Certified, MB",2019-10-31,2.00281000000,100.24361000000,IDN,Indonesia,Sumatera Utara,Labuhanbatu Selatan,1-Fully Verified,,,"SUPRA MATRA ABADI (TELUK PANJIE),TELUK PANJIE MILL,PT SUPRA MATRA ABADI TELUK PANJIE,TELUK PANJI (SMA),TELUK PANJI,,,,,,,INTI INDOSAWIT SUBUR PT (ASIAN AGRI GROUP),TELUK PANDJIE,,,TELUK PANJI (PTP)"
PO1000002147,NEGERI LAMA I,ROYAL GOLDEN EAGLE,Royal Golden Eagle (RGE),INTI INDOSAWIT SUBUR,,,RSPO Certified,"RSPO Certified, MB",2019-10-31,2.35969000000,100.04189000000,IDN,Indonesia,Sumatera Utara,Labuhanbatu,1-Fully Verified,,,"NEGRI LAMA I,INTI INDOSAWIT SUBUR (NEGERI LAMA I),HARI SAWIT JAYA,,,,,,,ASIAN AGRI,NEGRI LAMA I MILL,NEGERI LAMA I MILL,HARI SAWIT JAYA (NEGERI LAMA I),NEGERI LAMA (CSR),NEGERI LAMA I (PNS)"
PO1000002158,SEI DUA,SALIM GROUP,Salim,SALIM IVOMAS PRATAMA,,,Not RSPO Certified,,2019-10-31,1.75124000000,100.59091000000,IDN,Indonesia,Riau,Rokan Hilir,1-Fully Verified,,,"PT SUNGAI DUA,SUNGAI DUA"
PO1000002159,SUNGAI BANGKO,SALIM GROUP,Salim,GUNUNG MAS RAYA,,,Not RSPO Certified,,2019-10-31,1.58570000000,100.67650000000,IDN,Indonesia,Riau,Rokan Hilir,1-Fully Verified,,,"SUNGAI BANGKO MILL,PT GUNUNG MAS RAYA,GUNUNG MAS RAYA"
PO1000002188,HUILERIE DE MELVILLE,UNKNOWN,,SAVONNERIE TROPICALE,,,Not RSPO Certified,,2019-10-31,-18.23343000000,49.29237000000,MDG,Madagascar,Toamasina,Atsinanana,1-Fully Verified,,,
PO1000002198,PERDANA,SINAR MAS,Sinar Mas,BINASAWIT ABADI PRATAMA,,,Not RSPO Certified,,2019-10-31,-2.42251000000,112.35959000000,IDN,Indonesia,Kalimantan Tengah,Seruyan,1-Fully Verified,,,"BINASAWIT ABADI PRATAMA (PERDANA),PT BINASAWIT ABADIPRATAMA - PERDANA,,,,,,PT BINASAWIT ABADIPRATAMA -
PERDANA,PT BINASAWIT ABADI PRATAMA - PERDANA
MILL,PT BINASAWIT ABADIPRATAMA -PERDANA,,,,,PT BINASAWIT ABADI PRATAMA - PERDANA MILL,PT BINASAWIT ABADI PRATAMA - PERDANA MILL,BINASAWIT ABADI PRATAMA (PERDANA"
PO1000002218,BELANI ELOK,LONSUM,LONSUM,PERUSAHAAN PERKEBUNAN LONDON SUMATRA INDONESIA,,,Not RSPO Certified,,2019-10-31,-2.61556000000,103.14560000000,IDN,Indonesia,Sumatera Selatan,Musi Rawas,1-Fully Verified,,,
PO1000002219,BEGERPANG,LONSUM,LONSUM,PERUSAHAAN PERKEBUNAN LONDON SUMATRA INDONESIA,,,Not RSPO Certified,,2019-10-31,3.45889000000,98.82333000000,IDN,Indonesia,Sumatera Utara,Deli Serdang,1-Fully Verified,,,BAGERPANG
PO1000002226,GUNUNG MALAYU,LONSUM,LONSUM,PERUSAHAAN PERKEBUNAN LONDON SUMATRA INDONESIA,,,Not RSPO Certified,,2019-10-31,2.70104000000,99.57361000000,IDN,Indonesia,Sumatera Utara,Asahan,1-Fully Verified,,,GUNUNG MELAYU (LSI)
PO1000002227,DOLOK,LONSUM,LONSUM,PERUSAHAAN PERKEBUNAN LONDON SUMATRA INDONESIA,,,Not RSPO Certified,,2019-10-31,3.16491000000,99.43033000000,IDN,Indonesia,Sumatera Utara,Batu Bara,1-Fully Verified,,,
PO1000002304,SULUNG,CITRA BORNEO INDAH (CBI),CITRA BORNEO INDAH (CBI),SAWIT SUMBERMAS SARANA,,,RSPO Certified,"RSPO Certified, MB",2019-10-31,-2.30556000000,111.61481000000,IDN,Indonesia,Kalimantan Tengah,Kotawaringin Barat,1-Fully Verified,,,ABDI BUDI MULIA 1082
PO1000002320,BUKIT KAPUR,SINAR MAS,Sinar Mas,SINAR MAS AGRO RESOURCES AND TECHNOLOGY,,,Not RSPO Certified,,2019-10-31,-2.94266000000,116.04745000000,IDN,Indonesia,Kalimantan Selatan,Kota Baru,1-Fully Verified,,,"BATU KAPUR,PT SMART TBK - BUKIT KAPUR,,,,,,,"
PO1000002335,PULAU RAJA,PTPN III,PTPN III,PERKEBUNAN NUSANTARA IV,PTPN IV,,RSPO Certified,"RSPO Certified, MB",2019-10-31,2.70191000000,99.62400000000,IDN,Indonesia,Sumatera Utara,Asahan,2-High Confidence,,,"PULU RAJA,SEI DAUN,PERKEBUNAN NUSANTARA IV (PULU RAJA),PERKEBUNAN NUSANTARA IV (PULAU RAJA),,,,RKEBUNAN NUSANTARA IV (PULAU RA,ABDI BUDI MULIA 838"
PO1000002356,GUNTUNG IDAMAN NUSA 1,MUSIM MAS,Musim Mas,GUNTUNG IDAMAN NUSA,,,RSPO Certified,"RSPO Certified, MB",2019-10-31,0.16161000000,103.28958000000,IDN,Indonesia,Riau,Indragiri Hilir,1-Fully Verified,,,"GUNTUNG IDAMAN NUSA,,,,,,MUSIM MAS,AGRI EASTBORNEO KENCANA POM,GUNTUNG IDAMANNUSA 1,GIN 1"
PO1000002358,GOPDC,SIAT,SIAT,GOPDC,,,RSPO Certified,"RSPO Certified, MB",2019-10-31,6.25611000000,-0.94389000000,GHA,Ghana,Eastern,Kwabibirem,1-Fully Verified,,,"GHANA OIL PALMDEVELOPMENT COMPANY(GOPDC),GOPDC MILL,GHANA OIL PALMDEVELOPMENT COMPANY"
PO1000002360,RIVER VIEW,CARGILL,Cargill,INDO SAWIT KEKAL,,,RSPO Certified,"RSPO Certified, IP",2019-10-31,-2.51453000000,110.91470000000,IDN,Indonesia,Kalimantan Barat,Ketapang,1-Fully Verified,,,"INDO SAWIT KEKAL (RIVER VIEW),INDO SAWIT KEKAL,,,,,MUKUT,,,,,,,,,RIVER VIEW MILL,,,,,,,,,,,,,,INDO SAWIT KEKAL - RIVER VIEW,,PT INDO SAWIT KEKAL,PAKU JUANG,"
PO1000002366,SOUBRE,SIPEF,SIPEF,SIPEFCI,,,RSPO Certified,"RSPO Certified, IP",2019-10-31,5.66886000000,-6.27389000000,CIV,Côte d'Ivoire,Bas-Sassandra,Nawa,1-Fully Verified,,,"OTTAWA,OTTAWA-OKROUYO,SIPEF,SIPEFCI SOUBRE,OTTAWA - SOUBRE (BOLO),OTTAWA POM"
PO1000002367,TURANGIE,LONSUM,LONSUM,PERUSAHAAN PERKEBUNAN LONDON SUMATRA INDONESIA,,,Not RSPO Certified,,2019-10-31,3.47905000000,98.26773000000,IDN,Indonesia,Sumatera Utara,Langkat,1-Fully Verified,,,
PO1000002415,THAITALLOW AND OIL CO.LTD (SITE 1),UNKNOWN,THAI TALLOW AND OIL COMPANY LIMITED,THAITALLOW AND OIL CO.LTD,,,RSPO Certified,"RSPO Certified, IP, MB",2019-10-31,8.53365000000,99.10428000000,THA,Thailand,Surat Thani,Prasaeng,1-Fully Verified,,,"THAITALLOW AND OIL CO.LTD(SITE 1),THAI TALLOW AND OIL,THAI TALLOW AND OIL CO., LTD.,,,,,THAI TALLOW AND OIL CO., LTD.,,,SAIKHING,THAI TALLOW AND OIL CO.,LTD,THAI TALLOW AND OIL CO.,LTD,THAI TALLOW AND OIL CO.,LTD,THAI TALLOW AND OIL CO.,LTD,THAI TALLOW AND OIL CO., LTD.,THAI TALLOW AND OIL CO.,LTD,THAI TALLOW AND OIL CO.,LTD,THAI TALLOW AND OIL CO.,LTD,THAI TALLOW AND OIL CO.,LTD,THAI TALLOW AND OIL CO., LTD.,THAI TALLOW AND OIL CO., LTD.,THAI TALLOW AND OIL CO.,LTD,THAI TALLOW AND OIL CO.,LTD,THAI TALLOW AND OIL CO., LTD.,THAI TALLOW AND OIL CO., LTD.,THAI TALLOW AND OIL CO., LTD.,THAI TALLOW AND OIL CO. LTD.,THAI TALLOW AND OIL 1,THAI TALLOW AND OIL CO. LTD. (SITE 1),THAI TALLOW AND OIL (SITE 1),THAI TALLOW AND OIL 1,THAI TALLOW AND OIL CO.LTD (PLANT 1)"
PO1000002439,GENTING AYER ITEM,GENTING PLANTATIONS,Genting,GENTING PLANTATIONS BERHAD,,,RSPO Certified,"RSPO Certified, IP",2019-10-31,1.85609000000,103.20929000000,MYS,Malaysia,Johor,Keluang,1-Fully Verified,,,"AYER ITEM,AYER ITEM OIL MILL,,GENTING PLANTATIONS BHD,ASIATIC AYER ITEM,GENTING AYER ITEM MILL,KKS GENTING
AYER HITAM,,,,,,,,KKS GENTING AYER ITEM,,GENTING AYER ITEM OIL MILL,,,AYER ITAM OIL MILL,KILANG KELAPA SAWIT AIR ITAM SDN. BHD.,KILANG KELAPA SAWIT AIR ITAM SDN. BHD.,GENTING PLANTATIONS BERHAD,GENTING PLANTATIONS BERHAD,GENTING PLANTATIONS BERHAD,,KKS GENTING AYER HITAM,TRONG POM,,,GENTENG AYER ITEM,,AYER ITEM 0IL MILL,GENTING AYER ITEM PALM OIL MILL,GENTING AYER ITEM PALM OIL
MILL,GENTING AYER ITEM OIL"
PO1000002459,ACEITES Y DERIVADOS S.A. (ACEYDESA),UNKNOWN,Aceydesa,ACEITES Y DERIVADOS S.A.,,,Not RSPO Certified,,2019-10-31,15.82440000000,-85.89653000000,HND,Honduras,Colón,Trujillo,1-Fully Verified,,,"ACEYDESA,ACEITES Y DERIVADOS S.A.,,ACEITES Y DERIVADOS,,,,,,,,ACEITES Y DERIVADOS S.A. (ACEYDE,ACEYDES Y DERIVADOS SA,ACEITES Y DERIVADOS S.A  (ACEYDESA),ACEITES Y DERIVADOS
S.A. (ACEYDESA),ACEITES Y DERIVADOS
S.A. (ACEYDESA),ACEITES Y DERIVADOS
S.A. (ACEYDESA),ACEITES Y DERIVADOS
S.A. (ACEYDESA),ACEITES Y DERIVADOS
S.A. (ACEYDESA),ACEITES Y DERIVADOS
S.A. (ACEYDESA),ACEITES Y DERIVADOS
S.A. (ACEYDESA),ACEITES Y DERIVADOS
S.A. (ACEYDESA),ACEITES Y DERIVADOS
S.A. (ACEYDESA),ACEITES Y DERIVADOS
S.A. (ACEYDESA),ACEITES Y DERIVADOS
S.A. (ACEYDESA),ACEITES Y DERIVADOS
S.A. (ACEYDESA),ACEITES Y DERIVADOS
S.A. (ACEYDESA),ACEITES Y DERIVADOS
S.A. (ACEYDESA),ACEITES Y DERIVADOS
S.A. (ACEYDESA),ACEITES Y DERIVADOS
S.A. (ACEYDESA),ACEITES Y DERIVADOS
S.A. (ACEYDESA),ACEITES Y DERIVADOS
S.A. (ACEYDESA),ACEITES Y DERIVADOS
S.A. (ACEYDESA),ACEITES Y DERIVADOS
S.A. (ACEYDESA),ACEITES Y DERIVADOS
S.A. (ACEYDESA),ACEITES Y DERIVADOS
S.A. (ACEYDESA),ACEITES Y DERIVADOS
S.A. (ACEYDESA),ACEITES Y DERIVADOS
S.A. (ACEYDESA),ACEITES Y DERIVADOS
S.A. (ACEYDESA),ACEITES Y DERIVADOS
S.A. (ACEYDESA),ACEITES Y DERIVADOS
S.A. (ACEYDESA),ACEITES Y DERIVADOS
S.A. (ACEYDESA),ACEITES Y DERIVADOS
S.A. (ACEYDESA),ACEITES Y DERIVADOS
S.A. (ACEYDESA),ACEITES Y DERIVADOS
S.A. (ACEYDESA),ACEITES Y DERIVADOS
S.A. (ACEYDESA),ACEITES Y DERIVADOS
S.A. (ACEYDESA),ACEITES Y DERIVADOS
S.A. (ACEYDESA),ACEITES Y DERIVADOS
S.A. (ACEYDESA),ACEYDESA PALM OIL MILL,ACEITES Y DERIVADOS SA, (ACEYDESA),ACEITES Y DERIVADOS SA, (ACEYDESA),ACEITES Y DERIVADOS SA, (ACEYDESA)"
PO1000002490,"SRIJAROEN PALM OIL CO.,LTD.",UNKNOWN,,"SRIJAROEN PALM OIL CO.,LTD.",,,RSPO Certified,"RSPO Certified, IP, MB",2019-10-31,8.29061000000,99.05519000000,THA,Thailand,Krabi,Khao Phanom,1-Fully Verified,,,"SRIJAROEN PALM OIL CO., LTD.,,,SRIJAROEN PALM OIL CO., LTD.,,SRICHAROEN PALM OIL,SRIJAROEN PALM OIL CO.,LTD,SRIJAROEN PALM OIL CO.,LTD,SRIJAROEN PALM OIL CO., LTD.,SRIJAROEN PALM OIL CO.,LTD,SRIJAROEN PALM OIL CO.,LTD,SRIJAROEN PALM OIL CO., LTD.,SRIJAROEN PALM OIL CO., LTD.,SRIJAROEN PALM OIL CO.,LTD,SRIJAROEN PALM OIL CO., LTD.,SRIJAROEN PALM OIL CO., LTD.,SRIJAROEN PALM OIL CO., LTD.,SRIJAROEN PALM OIL CO. LTD.,SRIJAROEN PALM OIL CO.LTD,SRIJAROEN PALM OIL,SRICHAROEN PALM OIL CO. LTD.,SRIJAROEN PALM OIL CO LTD KRABI"
PO1000002491,UKUI II,ROYAL GOLDEN EAGLE,Royal Golden Eagle (RGE),INTI INDOSAWIT SUBUR,,,RSPO Certified,"RSPO Certified, IP",2019-10-31,-0.27704000000,102.11608000000,IDN,Indonesia,Riau,Indragiri Hulu,1-Fully Verified,,,"PKS UKUI II,,PT INTI INDOSAWIT SUBUR UKUI II,UKUI II (IIS),INTI INDOSAWIT SUBUR (PKS UKUI II),INTI INDOSAWIT SUBUR,,,,,ASIAN AGRI,ASIAN AGRI,INTI INDOSAWIT SUBUR (UKUI II),UKUI II MILL,UKUI II (PUD),UKUI II  (PUD)"
PO1000002520,PABATU,PTPN III,PTPN III,PERKEBUNAN NUSANTARA IV,PTPN IV,,RSPO Certified,"RSPO Certified, MB",2019-10-31,3.28611000000,99.10917000000,IDN,Indonesia,Sumatera Utara,Serdang Bedagai,1-Fully Verified,Pabatu,,"USAHA PABATU,SEI BARUHUR,PABATU MILL,PKS PABATU,PERKEBUNAN NUSANTARA IV (PABATU),,,,,,ABDI BUDI MULIA 715"
PO1000002539,DOLOK ILIR,PTPN III,PTPN III,PERKEBUNAN NUSANTARA IV,PTPN IV,,RSPO Certified,"RSPO Certified, MB",2019-10-31,3.12042000000,99.15907000000,IDN,Indonesia,Sumatera Utara,Simalungun,1-Fully Verified,,,"PERKEBUNAN NUSANTARA IV (DOLOK ILIR),,AEK RASO,PIP NUSANTARA IV I DOLOK ILIR),,,,,,,,,PTPN IV (DOLOK ILIR),PTPN IV (DOLOK ILIR),,RKEBUNAN NUSANTARA IV (DOLOK IL,ABDI BUDI MULIA 251"
PO1000002543,TIAN SIANG AIR KUNING,TIAN SIANG HOLDINGS SDN BHD,Tian Siang Holdings,TIAN SIANG OILL MILL (AIR KUNING) SDN BHD,,,RSPO Certified,"RSPO Certified, MB",2019-10-31,4.16140000000,101.16480000000,MYS,Malaysia,Perak,Batang Padang,1-Fully Verified,,,"AIR KUNING,TIAN SIANG OIL MILL (AIR KUNING) SDN,TIAN SIANG HOLDINGS SDN BHD,TIAN SIANG OIL MILL (AIR KUNING) SDN BHD,TIAN SIANG (AIR KUNING),HTDIAN SIANG AIR KUNING,TIAN SIANG OIL MILL(AIR
KUNING)SDN.BHD.,TIAN SIANG OIL MILL AIR KUNING
SDN.BHD,TIAN SIANG OIL
MILL (AIR KUNING)
SDN BHD,TIAN SIANG OIL MILL (AIR KUNING) SDN. BHD.,,TIAN SIANG OIL MILL(AIR KUNING)SDN.BHD.,TIAN SIANG OIL MILL (AIR KUNING) SDN.
BHD.,,,TIAN SIANG OIL MILL (AIR KUNING)
SDN. BHD.,,,,TIAN SIANG OIL MILL (AIR KUNING) SDN.,TIAN SIANG OIL MILL (AIR KUNING) SDN.,,TIAN SIANG OIL MILL (AIR KUNING) SDN
BHD,TIAN SIANG OIL MILL (AIR KUNING)
SDN BHD,TIAN SIANG OIL MILL (AIR KUNING) SDN.
BHD.,TIAN SIANG OIL MILL (AIR KUNING) SDN.
BHD.,TIAN SIANG OIL MILL AIR KUNING,,,TIAN SIANG OIL MILL (AIR
KUNING)SDN.BHD.,,TIAN SIANG 0IL MILL (AIR KUNING) SDN BHD,N SIANG OIL MILL (AIR KUNING  SDN B,TIAN SIANG OIL (AIR KUNING),TIAN SIANG OIL MILL(AIRKUNING)SDN.BHD.,TIAN SIANG AIR
KUNING SDN BHD"
PO1000002607,TANJUNG SELAMAT,ROYAL GOLDEN EAGLE,Royal Golden Eagle (RGE),INTI INDOSAWIT SUBUR,,,RSPO Certified,"RSPO Certified, MB",2019-10-31,2.12889000000,100.00889000000,IDN,Indonesia,Sumatera Utara,Labuhanbatu,1-Fully Verified,,,"INDO SEPADAN JAYA (TANJUNG SELAMAT),TANJUNG SELAMAT MILL,PT INDO SEPADAN JAYA,INDO SEPADAN JAYA,,,,PT INDO SEPADAN JAYA POM,INTI INDOSAWIT SUBUR PT (ASIAN AGRI GROUP),TANJUNG SELAMAT (PTS)"
PO1000002608,GUNUNG MELAYU II,ROYAL GOLDEN EAGLE,Royal Golden Eagle (RGE),GUNUNG MELAYU,,,RSPO Certified,"RSPO Certified, MB",2019-10-31,2.74944000000,99.46972000000,IDN,Indonesia,Sumatera Utara,Asahan,1-Fully Verified,,,"GUNUNG MELAYU II MILL,GUNUNG MELAYU,,,,GUNUNG MELAYU (GUNUNG MELAYU II),SAWINDO KENCANA POM,,,GUNUNG MELAYU II (PGD),GUNUNG MELAYU DUA"
PO1000002609,GUNUNG MELAYU I,ROYAL GOLDEN EAGLE,Royal Golden Eagle (RGE),SAUDARA SEJATI LUHUR,,,RSPO Certified,"RSPO Certified, MB",2019-10-31,2.79167000000,99.59833000000,IDN,Indonesia,Sumatera Utara,Asahan,1-Fully Verified,,,"GUNUNG MELAYU I MILL,,,,GUNUNG MELAYU-I,SAUDARA SEJATI LUHUR,PT SAUDARA SEJATI LUHUR,SAUDARA SEJATI LUHUR (GUNUNG MELAYU I),TERANTAM POM,SAUDARA SEJATI LUHUR (GUNUNG MELAYU
I),GUNUNG MELAYU I (PGS),GUNUNG MELAYU SATU"
PO1000002631,ARINDO TRI SEJAHTERA,FIRST RESOURCES,First Resources (FR),ARINDO TRISEJAHTERA,,,Not RSPO Certified,,2019-10-31,0.58056000000,100.92611000000,IDN,Indonesia,Riau,Kampar,1-Fully Verified,,,"ARINDO TRISEJAHTERA (TG MALIM),ARINDO TRISEJAHTERA MILL,TG MALIM,MALIM,ARINDO TRISEJAHTERA,ARINDO TRISEJAHTERA,PT. ARINDO TRISEJAHTERA,PONTIAN PLANTATION POM,ARINDO TRISE AHTERA MILL"
PO1000002637,MERIDAN SEJATI SURYA PLANTATION,FIRST RESOURCES,First Resources (FR),MERIDAN SEJATISURYA PLANTATION,,,RSPO Certified,"RSPO Certified, MB",2019-10-31,0.53803000000,101.72988800000,IDN,Indonesia,Riau,Siak,1-Fully Verified,,,"MERIDAN SEJATI SURYA PLANTATION (SEI PINGAI),MERIDAN SEJATISURYA PLANTATION MILL,MERIDAN SEJATISURYA PLANT,SEI PINGAI,OSENI PINGAI,OSENI PINGAI,MERIDAN SEJATISURYA PLANTATION,PKS - MERIDAN SEJATISURYA PLANTATION - SEI PINGAI POM,MERIDAN SEJATI SURYA PLANTATION (SEI
PINGAI),MERIDAN SE ATISURYA PLANTATION MILL,PKS MERIDAN SEJATISURYA PLANTATION,MERIDAN SEJATI SURYAPLANTATION"
PO1000002651,NAPAL,SALIM GROUP,Salim,IDRIPLANT,,,Not RSPO Certified,,2019-10-31,-0.67747000000,101.91358000000,IDN,Indonesia,Riau,Indragiri Hulu,1-Fully Verified,,,"INDRI PLANT (NAPAL),ABDI BUDI MULIA 697"
PO1000002653,LUBUK RAJA,SALIM GROUP,Salim,SERIKAT PUTRA,,,Not RSPO Certified,,2019-10-31,0.12630000000,102.12625000000,IDN,Indonesia,Riau,Pelalawan,1-Fully Verified,,,"LUBUK RAJA (SP),LUBUK RAJA (SP),LUBUK RAJA MILL"
PO1000002676,SUNGAI PURUN,GOODHOPE,Goodhope,AGRO INDOMAS,,,RSPO Certified,"RSPO Certified, IP, MB",2019-10-31,-2.52425000000,112.41680000000,IDN,Indonesia,Kalimantan Tengah,Seruyan,1-Fully Verified,,,"AGRO INDOMAS II (SUNGAI PURUN),AGRO INDOMAS II (PKS SUNGAI PURUN),PT AGRO INDOMAS SUNGAI PURUN,AGRO INDOMAS,,,,,,,PT AGRO INDOMAS SUNGAI PURUN POM,SUNGAI PURUN MILL,PKS SUNGAI PURUN,,,,,,AGRO INDOMAS (PKS SUNGAI PURUN),PT AGRO INDOMAS - SUNGAI PURUN MILL"
PO1000002677,TERAWAN,GOODHOPE,Goodhope,AGRO INDOMAS,,,RSPO Certified,"RSPO Certified, MB",2019-10-31,-2.55996000000,112.37360000000,IDN,Indonesia,Kalimantan Tengah,Seruyan,1-Fully Verified,,,"AGRO INDOMAS I (TERAWAN),AGRO INDOMAS I (PKS TERAWAN),PT AGRO INDOMAS TERAWAN,AGRO INDOMAS,,,,,,,PERDANA,TERAWAN MILL,PKS TERAWAN,,,,,,AGRO INDOMAS (PKS TERAWAN),PT AGRO INDOMAS - TERAWAN MILL"
PO1000002706,NAK,BOUSTEAD PLANTATIONS BERHAD,Boustead,BOUSTEAD GRADIENT SDN BHD,,,RSPO Certified,"RSPO Certified, MB",2019-10-31,5.90013000000,117.85423000000,MYS,Malaysia,Sabah,Sandakan,1-Fully Verified,,,"GRADIENT (NAK),BOUSTEAD GRADIENT SDN BHD (NAK MILL),,,,,,GRADIENT,NAK PALM OI MILL,NAK PALM OI MILL,BOUSTEAD ESTATE AGENCY SDN BHD,BOUSTEAD GRADIENT SDN BHD - BOUSTEAD NAK BUSINESS UNIT,BOUSTEAD GRADIENT  SDN BHD. BOUSTEAD NAK BUSINESS UNIT,NAK PALM OIL MILL,NAK POM,SIJUNJUNG MILL,NAK MILL,BOUSTEAD NAK POM,,,,BOUSTEAD RIMBA NILAI SDN BHD"
PO1000002746,"COTO 54 GUAYCARA, COTO MILL",GRUPO NUMAR,GRUPO NUMAR,COMPAÑÍA INDUSTRIAL ACEITERA COTO 54 S.A.,,,RSPO Certified,"RSPO Certified, IP",2019-10-31,8.62980000000,-83.00299000000,CRI,Costa Rica,Puntarenas,Golfito,1-Fully Verified,,,"COTO 54 GUAYCARA,,C SO.AT.O 54 GUAYCARA, COTO MILL,,,C SO.AT.O 54 GUAYCARA, COTO MILL,,,C.AOT.O 54 GUAYCARA, COTO MILL,C.AOT.O 54 GUAYCARA, COTO MILL,C.AOT.O 54 GUAYCARA, COTO MILL,C.AOT.O 54 GUAYCARA, COTO MILL,C.AOT.O 54 GUAYCARA, COTO MILL,C.AOT.O 54 GUAYCARA, COTO MILL,C.AOT.O 54 GUAYCARA, COTO MILL,C.AOT.O 54 GUAYCARA, COTO MILL,COTO,COTO,C.AOT.O 54 GUAYCARA, COTO MILL,C.AOT.O 54 GUAYCARA, COTO MILL,COTO 54 GUAYCARA
COTO MILL,COMPAÑIA INDUSTRIAL ACEITERA COTO CINCUENTA Y CUATRO S.A - COTO 54 MILL,C.AOT.O 54 GUAYCARA COTO MILL,C.AOT.O 54 GUAYCARA COTO MILL,COMPAÃ‘ÃA INDUSTRIAL ACEITERA COTO 54 S.A PLANTA PRINCIPAL,COTO 54 MILL,COTO 54GUAYCARA COTO MILL,ABDI BUDI MULIA 233"
PO1000002766,AGRIALIM S.A.,GRUPO NUMAR,GRUPO NUMAR,COMPAÑÍA INDUSTRIAL ACEITERA COTO 54 S.A.,,,RSPO Certified,"RSPO Certified, MB",2019-10-31,9.53378000000,-84.28396000000,CRI,Costa Rica,Puntarenas,Parrita,1-Fully Verified,,,"LATIN AMERICA AGRIALIM,A.AG.RIALIM S.A.,AGRIALIM MILL,LATIN AMERICA AGRIALIM S.A"
PO1000002767,"COTO 54 AGUIRRE, NARANJO MILL",GRUPO NUMAR,GRUPO NUMAR,COMPAÑÍA INDUSTRIAL ACEITERA COTO 54 S.A.,,,RSPO Certified,"RSPO Certified, IP",2019-10-31,9.40719000000,-84.08597000000,CRI,Costa Rica,Puntarenas,Aguirre,1-Fully Verified,,,"COTO 54 AGUIRRE,,COTO 54 NARANJO MILL,C SO.AT.O 54 AGUIRRE, NARANJO MILL,,,C SO.AT.O 54 AGUIRRE, NARANJO MILL,,,C.AOT.O 54 AGUIRRE, NARANJO MILL,C.AOT.O 54 AGUIRRE, NARANJO MILL,C.AOT.O 54 AGUIRRE, NARANJO MILL,C.AOT.O 54 AGUIRRE, NARANJO MILL,C.AOT.O 54 AGUIRRE, NARANJO MILL,C.AOT.O 54 AGUIRRE, NARANJO MILL,C.AOT.O 54 AGUIRRE, NARANJO MILL,C.AOT.O 54 AGUIRRE, NARANJO MILL,NARANJO,NARANJO,COMPAÑÍA INDUSTRIAL ACEITERA COTO 54 S.A,COMPAÑÍA INDUSTRIAL ACEITERA COTO 54 S.A,C.AOT.O 54 AGUIRRE, NARANJO MILL,C.AOT.O 54 AGUIRRE, NARANJO MILL,COTO 54 AGUIRRE -
NARANJO,COTO 54 AGUIRRE -
NARANJO,COTO 54 AGUIRRE -
NARANJO,COTO 54 AGUIRRE -
NARANJO,COTO 54 AGUIRRE -
NARANJO,COTO 54 AGUIRRE -
NARANJO,COTO 54 AGUIRRE -
NARANJO,COTO 54 AGUIRRE -
NARANJO,COTO 54 AGUIRRE
NARANJO MILL,COMPAÑIA INDUSTRIAL ACEITERA COTO CINCUENTA Y CUATRO S.A - NARANJO MILL,C.AOT.O 54 AGUIRRE NARANJO MILL,C.AOT.O 54 AGUIRRE NARANJO MILL,COTO 54 GUAYCARA NARANJO MILL,COTO 54 AGUIRRE; NARANJO MILL,COMPAÃ‘ÃA INDUSTRIAL ACEITERA COTO 54 S.A PLANTA SECUNDARIA,COMPANIA INDUSTRIAL ACEITERA COTO CINCUENTA Y CUATRO SA - NARANJO MILL,COMPAÑÍA INDUSTRIAL ACEITERA COTO54,,ABDI BUDI MULIA 232"
PO1000002779,OLAM INTERNATIONAL LTD,UNKNOWN,Olam International,OLAM INTERNATIONAL LTD,,,RSPO Certified,"RSPO Certified, MB",2019-10-31,-0.02199000000,10.19773000000,GAB,Gabon,Estuaire,Komo,3-Low Confidence,,,"AWALA PALM OIL MILL,AWALA,PLANTA EXTRACTORA AGUAN,AWALA PALM OIL,OLAM PALM GABON AWALA MILL"
PO1000002799,HARANKY,KWANTAS CORPORATION BERHAD,KWANTAS ,KWANTAS OIL SDN BHD,,,Not RSPO Certified,,2019-10-31,5.21299000000,118.06442000000,MYS,Malaysia,Sabah,Kinabatangan,1-Fully Verified,,,"HARANKY POM,,,HARANKY PALM OIL MILL,,,,KWANTAS,KWANTAS OIL SDN BHD (HARANKY PALM OIL MILL),,,KWANTAS OIL SDN BHD (HARANKY"
PO1000002813,TRANG PALM OIL CO.,UNKNOWN,,"TRANG PALM OIL  CO.,LTD",,,Not RSPO Certified,,2019-10-31,7.55550000000,99.43892000000,THA,Thailand,Trang,Sikao,1-Fully Verified,,,"TRANG PALM OIL CO,TRANG PALM OIL CO., LTD.,TRANG PALM OIL CO., LTD.,TRANG PALM OIL  CO.,LTD,TRANG PALM OIL  CO.,LTD,TRANG PALM OIL  CO.,LTD,TRANG PALM OIL  CO.,LTD,TRANG PALM OIL CO.,LTD,TRANG PALM OIL CO.,LTD,TRANG PALM OIL CO., LTD.,TRANG PALM OIL  CO.,LTD,TRANG PALM OIL  CO.,LTD,TRANG PALM OIL CO.,LTD,TRANG PALM OIL CO.,LTD,TRANG PALM OIL CO.,LTD,TRANG PALM OIL CO., LTD.,TRANG PALM OIL  CO.,LTD,TRANG PALM OIL  CO.,LTD,TRANG PALM OIL CO.,LTD,TRANG PALM OIL CO.,LTD,TRANG PALM OIL  CO.,LTD,TRANG PALM OIL  CO.,LTD,TRANG PALM OIL CO., LTD.,TRANG PALM OIL CO.,LTD,TRANG PALM OIL CO., LTD.,TRANG PALM OIL CO., LTD.,TRANG PALM OIL CO., LTD.,TRANG PALM OIL CO. LTD.,TRANG PALM OIL CO.LTD,OTACO CO LTD"
PO1000002863,PELAKAR,SINAR MAS,Sinar Mas,KRESNA DUTA AGROINDO,,,Not RSPO Certified,,2019-10-31,-2.18528000000,102.64222000000,IDN,Indonesia,Jambi,Sarolangun,2-High Confidence,,,"KRESNA DUTA AGROINDO (PELAKAR),PELAKAR MILL,,PT KRESNA DUTA AGROINDO - PELAKAR,,,,,,,,,,,,,KRESNA DUTA AGROINDO PELAKAR MILL,KRESNA DUTA AGROINDO, PT.,KRESNA DUTA AGROINDO, PT.,KRESNA DUTA AGROINDO, PT.,KRESNA DUTA AGROINDO, PT.,KRESNA DUTA AGROINDO, PT.,KRESNA DUTA AGROINDO PT.,,,"
PO1000002872,PATAXTE,NATURACEITES S.A.,NATURACEITES,NATURACEITES S.A.,NATURACEITES,,RSPO Certified,"RSPO Certified, IP",2019-10-31,15.34480000000,-89.29180000000,GTM,Guatemala,Izabal,El Estor,1-Fully Verified,,,",,,,,,,,,,,,,PATAXTE*,NATURACEITES S.A.,NATURACEITES S.A.,NATURACEITES S.A.,PATAXTE OIL MILL,PATAXTE OIL MILL,PATAXTE OIL MILL,PATAXTE OIL MILL,PATAXTE OIL MILL,PATAXTE OIL MILL,PATAXTE OIL MILL,PATAXTE OIL MILL,PATAXTE OIL MILL,PATAXTE OIL MILL,PATAXTE OIL MILL,PATAXTE OIL MILL,PATAXTE OIL MILL,PATAXTE OIL MILL,PATAXTE OIL MILL,PATAXTE OIL MILL,PATAXTE OIL MILL,PATAXTE OIL MILL,PATAXTE OIL MILL,PATAXTE OIL MILL,PATAXTE OIL MILL,PATAXTE OIL MILL,PATAXTE OIL MILL,PATAXTE OIL MILL,PATAXTE OIL MILL,PATAXTE OIL MILL,NATURACEITES SA - PATAXTE,NATURACEITES S.A.
(PATAXTE),ABDI BUDI MULIA 760"
PO1000002895,STEELINDO WAHANA PERKASA,KUALA LUMPUR KEPONG (KLK),KUALA LUMPUR KEPONG (KLK),STEELINDO WAHANA PERKASA,,,RSPO Certified,"RSPO Certified, IP",2019-10-31,-2.72350000000,108.06266000000,IDN,Indonesia,Bangka Belitung,Belitung Timur,1-Fully Verified,,,"KUALA LUMPUR KEPONG BERHAD,STEELINDO
WAHANA PERKASA
POM,STEELINDO WAHANA
PERKASA POM,,STEELINDO WAHANA PERKASA PALM OIL,,-2.72399,STEELINDO WAHANA PERKASA PALM OIL MILL,,STEELINDO WAHANA PERKASA PALM OIL
MILL"
PO1000002913,BUNGO TEBO,ROYAL GOLDEN EAGLE,Royal Golden Eagle (RGE),RIGUNAS AGRI UTAMA,,,RSPO Certified,"RSPO Certified, MB",2019-10-31,-1.34653000000,102.45632000000,IDN,Indonesia,Jambi,Tebo,1-Fully Verified,,,"RIGUNAS AGRI UTAMA (BUNGO TEBO),BUNGA TEBO,PT RIGUNAS AGRI UTAMA BUNGO TEBO,RIGUNAS AGRI UTAMA (PKS BUNGO TEBO),RIGUNAS AGRI UTAMA,,,,,,,PKS BUNGO TEBO,ASIAN AGRI,BUNGO TEBO MILL,BUNGA TEBO (PBT)"
PO1000002917,UGL (TOPP),UNILEVER GHANA/ GOVERNMENT,UNILEVER GHANA/ GOVERNMENT,TWIFO OIL PALM PLANTATIONS LTD,,,RSPO Certified,"RSPO Certified, MB",2019-10-31,5.54317000000,-1.54295000000,GHA,Ghana,Central,Lower Denkyira,1-Fully Verified,,,"TWIFO OIL PALM PLANTATIONSPALM OIL MILL,TWIFO OIL PALM PLANTATION (TOPP)"
PO1000002998,KEMAHANG,FGV HOLDINGS BERHAD,FGV,FGV PALM INDUSTRIES SDN BHD,,,Not RSPO Certified,,2019-10-31,5.86611000000,102.00556000000,MYS,Malaysia,Kelantan,Tanah Merah,1-Fully Verified,,,"KILANG KELAPA SAWIT KEMAHANG,KS KEMAHANG,KILANG SAWIT KEMAHANG,KKS KEMAHANG,FPISB KILANG SAWIT KEMAHANG,FGV HOLDINGS BHD"
PO1000003004,NEGERI LAMA II,ROYAL GOLDEN EAGLE,Royal Golden Eagle (RGE),HARI SAWIT JAYA,,,RSPO Certified,"RSPO Certified, MB",2019-10-31,2.35972000000,100.03528000000,IDN,Indonesia,Sumatera Utara,Labuhanbatu,1-Fully Verified,,,"NEGRI LAMA II,INTI INDOSAWIT SUBUR (NEGERI LAMA II),HARI SAWIT JAYA,,NEGERI LAMA I,,,,ASIAN AGRI,NEGRI LAMA II MILL,HARI SAWIT JAYA (NEGERI LAMA II),NEGERI LAMA II MILL,NEGERI LAMA II (PND)"
PO1000003031,PALMERAS DE LA COSTA,UNKNOWN,Palmeras De La Costa,PALMERAS DE LA COSTA S.A.,,,RSPO Certified,"RSPO Certified, IP",2019-10-31,10.10133000000,-74.01010000000,COL,Colombia,Cesar,El Copey,1-Fully Verified,,,"PALMERAS DE LA COSTA S.A.,,PALMERAS DE LA COSTE SA,,,,,,,,,,,,,,PALMERAS DE LA COSTA
S.A.,PALMERAS DE LA COSTA
S.A.,PALMERAS DE LA COSTA
S.A.,PALMERAS DE LA COSTA
S.A.,PALMERAS DE LA COSTA
S.A.,PALMERAS DE LA COSTA
S.A.,PALMERAS DE LA COSTA
S.A.,EXTRACTORA PALMERAS DE LA COSTA S.A.,PALMERAS DE LA COSTA SA,,"
PO1000003038,CHUMPORN PALM OIL INDUSTRY PUBLIC COMPANY LIMITED MILL,UNKNOWN,Chumporn Palm Oil Industry (CPI),CHUMPORN PALM OIL INDUSTRY PUBLIC COMPANY LTD,Chumporn Palm Oil Industry (CPI),,RSPO Certified,"RSPO Certified, IP, MB",2019-10-31,10.84167000000,99.22122000000,THA,Thailand,Chumphon,Tha Sae,1-Fully Verified,,Crusher,"CHUMPORN PALM OIL INDUSTRY PUBLIC COMPANY LIMITED
MILL,CHUMPORN PALM OIL,CHUMPORN PALM OIL INDUSTRIES,,,,CHUMPORN PALM OIL INDUSTRY PUBLIC COMP,CHUMPORN POM INDUSTRY LIMITED,CHUMPORN PALM OIL INDUSTRY PUBLIC COMPANY LIMIT,CHUMPORN PALM OIL INDUSTRY PUBLIC
COMPANY LIMITED MILL,CHUMPORN PALM OIL INDUSTRY PUBLIC,CPI MILL,ABDI BUDI MULIA 216"
PO1000003045,ARING A,FGV HOLDINGS BERHAD,FGV,FGV PALM INDUSTRIES SDN BHD,,,Not RSPO Certified,,2019-10-31,4.94083000000,102.36417000000,MYS,Malaysia,Kelantan,Gua Musang,1-Fully Verified,,,"ARING,KILANG SAWIT ARING A,KS ARING,KS ARING A,,,,KKS ARING 1,KKS ARING 1,AGRO NUSA ABADI,FPISB KILANG SAWIT ARING,FGVT-ARING A,KILANG KELAPA SAWIT ARING A,FGV HOLDINGS BHD,"
PO1000003100,JEROCO 2,HAP SENG PLANTATIONS HOLDINGS BERHAD,Hap Seng Plantations Holdings,JEROCO PLANTATIONS SDN BHD,,,RSPO Certified,"RSPO Certified, MB",2019-10-31,5.43111000000,118.41722000000,MYS,Malaysia,Sabah,Kinabatangan,1-Fully Verified,,,"JEROCO PLANTATIONS 1,JEROCO PALM OIL MILL 2,JEROCO PLANTATIONS 2,K.K.S. JEROCO 2,JEROCO PALM OIL 2,5.43111,GUNUNG MAKMUR POM,JEROCO POM 2,JEROCO PLANTATIONS,JEROCO PLANTATIONS SDN BHD (JEROCO 2),,,(JEROCO 2),JEROCO 2 PALM OIL MILL"
PO1000003112,SISUMUT,PTPN III,PTPN III,PERKEBUNAN NUSANTARA III,PTPN III,,RSPO Certified,"RSPO Certified, MB",2019-10-31,1.96403000000,100.10817000000,IDN,Indonesia,Sumatera Utara,Labuhanbatu Selatan,1-Fully Verified,,,",,,SRI INDRAPURA SAWIT LESTARI,PTP NUSANTARA III (SISU MUT),,,,,,,TIDAR KERINCI AGUNG MILL 1,PERKEBUNAN NUSANTARA III (SISUMUT),,,PTPN III (SISUMUT),ERKEBUNAN NUSANTARA III (SISUMUT"
PO1000003115,MONORUM PALM OIL MILL,MRICOP,MRICOP,"MONG RETHTHY INVESTMENT CAMBODIA OIL PALM CO., LTD",,,RSPO Certified,"RSPO Certified, IP",2019-10-31,10.90936000000,103.83450000000,KHM,Cambodia,Krong Preah Sihanouk,Prey Nob,1-Fully Verified,,,"MONORUM,MONG RETHTHY INVESTMENT,MRICOP,MIBCROOIDCPIO)AP OIL PALM CO., LTD.,MIBCROOIDCPIO)AP OIL PALM CO., LTD.,MIBCROOIDCPIO)AP OIL PALM CO., LTD.,MIBCROOIDCPIO)AP OIL PALM CO., LTD.,MLTRDI.COP,MRICOP ANLONG KROPEU PALM OIL MILL,MRICOP ANLONG KROPEU PALM OIL MILL,MRICOP ANLONG KROPEU PALM OIL MILL,MRICOP ANLONG KROPEU PALM OIL MILL,MONORUM POM,MIBCROOIDCPIO)AP OIL PALM CO., LTD.,MALRMIC OCOP., LTD.,MALRMIC OCOP., LTD.,MALRMIC OCOP., LTD.,MALRMIC OCOP., LTD.,MALRMIC OCOP., LTD.,MALRMIC OCOP. LTD.,MALRMIC OCOP. LTD.,MALRMIC OCOP. LTD.,MALRMIC OCOP. LTD.,MALRMIC OCOP. LTD.,MONG RETHTHY INVESTMENT CAMBODIA OIL PALM CO. LTD MRICOP,MONORUM PALM OIL
MILL,MIBCROOIDCPIO)AP OIL PALM CO. LTD.,"
PO1000003116,COMPAÑÍA AGRICOLA INDUSTRIAL CEIBEÑA S.A.  (CAICESA),GRUPO JAREMAR,Grupo Jaremar,COMPAÑÍA AGRICOLA INDUSTRIAL CEIBEÑA S.A.  (CAICESA),,,RSPO Certified,"RSPO Certified, MB",2019-10-31,15.68872000000,-87.06511000000,HND,Honduras,Atlántida,San Francisco,1-Fully Verified,,,"COMPAÃ±IA AGRICOLA INDUSTRIAL CEIBEÃ±A CAICESA,COMPAÑÍA INDUSTRIAL CEIBEÑA S.A.,,CAICESA,COMPAÑIA AGRICOLA INDUSTRIAL CEIBEÑA CAICESA,AC SO.MA.P  (ACÑAÍIAC EASGAR)ICOLA INDUSTRIAL CEIBE,,COMPANIA AGRICOLA INDUSTRIAL,COMPAÑÍA AGRICOLA INDUSTRIAL CEIBEÑA S.A.,CS.OAM. P (ACÑAÍAIC EASGAR)ICOLA INDUSTRIAL CEIBEÑ,CS.OAM. P (ACÑAÍAIC EASGAR)ICOLA INDUSTRIAL CEIBEÑ,AC)OMPAÑÍA AGRICOLA INDUSTRIAL CEIBEÑA S.A.  (CAICESA),COMPAÑÍA AGRICOLA INDUSTRIAL CEIBEÑA,ECSOAM)PAÑÍA AGRICOLA INDUSTRIAL CEIBEÑA S.A.  (CAICES,ECSOAM)PAÑÍA AGRICOLA INDUSTRIAL CEIBEÑA S.A.  (CAICES,ECSOAM)PAÑÍA AGRICOLA INDUSTRIAL CEIBEÑA S.A.  (CAICES,ECSOAM)PAÑÍA AGRICOLA INDUSTRIAL CEIBEÑA S.A.  (CAICES,ECSOAM)PAÑÍA AGRICOLA INDUSTRIAL CEIBEÑA S.A.  (CAICES,ECSOAM)PAÑÍA AGRICOLA INDUSTRIAL CEIBEÑA S.A.  (CAICES,ECSOAM)PAÑÍA AGRICOLA INDUSTRIAL CEIBEÑA S.A.  (CAICES,COMPAÑÍA AGRICOLA INDUSTRIAL CEIBEÑA
S.A.  (CAICESA),GRUPO JAREMAR - EXTRACTORA CAICESA,COMPAÃ‘ÃA AGRICOLA INDUSTRIAL CEIBEÃ‘A SA,  (CAICESA),COMPAÃ‘ÃA AGRICOLA INDUSTRIAL CEIBEÃ‘A SA,  (CAICESA),COMPAÃ‘ÃA AGRICOLA INDUSTRIAL CEIBEÃ‘A SA,  (CAICESA),COMPAÃ±Ã­A AGRÃ­COLA INDUSTRIAL CEIBEÃ±A S.A,COMPAFILA INDUSTRIAL CEIBEFIA S.A.,COMPAÑÍA AGRÍCOLA INDUSTRIAL CEIBEÑA S.A,"
PO1000003117,AGRICOLA TORNABE SA DE CV (AGROTOR),GRUPO JAREMAR,Grupo Jaremar,AGRICOLA TORNABE SA DE CV (AGROTOR),,,RSPO Certified,"RSPO Certified, MB",2019-10-31,15.73202000000,-87.58903000000,HND,Honduras,Atlántida,Tela,1-Fully Verified,,,"AGRÃCOLA TORNABE,AGRÍCOLA TORNABE S.A. DE C.V.,,JAREMAR,AGRÍCOLA TORNABE,AGRICOLA TORNABE SA DE CV (AGROTOR,,,,,,,,,,,AGROTOR,AGRÍCOLA TORNABE S.A. DE C.V.
(AGROTOR),AGRICOLA TORNABE - EXTRACTORA AGROTOR,GRUPO JAREMAR - EXTRACTORA AGROTOR,AGRÃ­COLA TORNABE"
PO1000003120,SELANGKUN,CITRA BORNEO INDAH (CBI),CITRA BORNEO INDAH (CBI),SAWIT SUMBERMAS SARANA,,,RSPO Certified,"RSPO Certified, MB",2019-10-31,-2.41722000000,111.55472000000,IDN,Indonesia,Kalimantan Tengah,Kotawaringin Barat,1-Fully Verified,,,"SAWIT SUMBERMAS SARANA,PKS SELANGKUN PT SAWIT SUMBERMAS SARANA TBK,,,LANGKUN PT SAWIT SUMBERMAS SAR,ABDI BUDI MULIA 972"
PO1000003150,MENTAYA SAWIT MAS,WILMAR,Wilmar,MENTAYA SAWIT MAS,,,RSPO Certified,"RSPO Certified, MB",2019-10-31,-2.16469000000,112.56942000000,IDN,Indonesia,Kalimantan Tengah,Kotawaringin Timur,2-High Confidence,,,",,,,,,PT MENTAYA SAWIT MAS,,,,,,,ABDI BUDI MULIA 629"
PO1000003177,EXTRACTORA DEL SUR DE CASANARE S.A.S.,PALMAR DEL ORIENTE / ALIANZA TEAM,PALMAR DEL ORIENTE / ALIANZA TEAM,EXTRACTORA DEL SUR DE CASANARE S.A.S.,,,RSPO Certified,"RSPO Certified, MB",2019-10-31,4.49344000000,-72.84431000000,COL,Colombia,Casanare,Villanueva,1-Fully Verified,,,"EXTRACTORA DEL SUR DE CASANARE,EXTRACTORA SUR DE CASANARE,EXTRACTORA DEL SUR DE CASANARE S.A.,,,,,,,,,,.EXTRACTORA DEL SUR DE CASANARE S.A.,.EXTRACTORA DEL SUR DE CASANARE S.A.,EXTRACTORA DEL SUR DEL CASANARES S.A.S.,EXTRACTORA SUR DEL CASANARES.A.S.,EXTRACTORA DEL SUR DE CASANARE SA,S,,EXTRACTORA DEL SUR DE CASANARE SA,S,,EXTRACTORA DEL SUR DE CASANARE SA,S,,EXTRACTORA DEL SUR DE CASANARE S A,EXTRACTORA SUR DEL CASANARE S.A.S.,EXTRACTORA DEL SUR DE
CASANARE S A,EXTRACTORA SUR DEL CASANARE,EXTRACTORA DEL SUR DEL CASANARES,"
PO1000003196,PONTIAN FICO,FGV HOLDINGS BERHAD,FGV,PONTIAN UNITED PLANTATIONS BERHAD,,,Not RSPO Certified,,2019-10-31,5.42384000000,118.14542000000,MYS,Malaysia,Sabah,Kinabatangan,1-Fully Verified,,,"PONTIAN FICO PLANTATION,PONTIAN FICO PLANTATION SDN BHD,,PONTIAN,,,,,,,,,,,,PONTIAN FICO PLANTATION SDN BHD (PONTIAN UNITED MILL),PONTIAN FICO OIL PALM MILL,,,,,,PONTIAN FICO PLANTATION SDN BHD
(PONTIAN UNITED MILL),K.K.S. PONTIAN FICO PLANTATION,K.K.S. PONTIAN FICO PLANTATION,AIR TAWAR POM,PONTIAN PLANTATION,,,,PONTIAN FICO PLANTATION SDN BHD (PONTIAN
UNITED MILL),(PONTIAN UNITED MILL)"
PO1000003210,GUNUNG BAYU,PTPN III,PTPN III,PERKEBUNAN NUSANTARA IV,PTPN IV,,RSPO Certified,"RSPO Certified, MB",2019-10-31,3.14408000000,99.37348000000,IDN,Indonesia,Sumatera Utara,Simalungun,1-Fully Verified,,,"PT PERKEBUNAN NUSANTARA VI GUNUNG BAYU,AEK TOROP,GUNUNG RAYA,GABUNGAN PERUSAHAAN MINYAKLANGKAP SDN BHD,BUMI SAWINDO PERMAI POM,PERKEBUNAN NUSANTARA IV (GUNUNG BAYU),,,,KEBUNAN NUSANTARA IV (GUNUNG B,ABDI BUDI MULIA 343"
PO1000003254,MUKUT,CARGILL,Cargill,HINDOLI,,,RSPO Certified,"RSPO Certified, IP",2019-10-31,-2.44139000000,104.41944000000,IDN,Indonesia,Sumatera Selatan,Musi Banyuasin,1-Fully Verified,,,"HINDOLI (MUKUT),,PT HINDOLI MUKUT,KEDIPI,,MUKUT MILL,CARGILL INCORPORATED,CARGILL INCORPORATED,HINDOLI (MUKUT MILL),,,MUKUT PALM OIL MILL"
PO1000003257,SUAYAP,CITRA BORNEO INDAH (CBI),CITRA BORNEO INDAH (CBI),MITRA MENDAWAI SEJATI,,,RSPO Certified,"RSPO Certified, MB",2019-10-31,-2.26525000000,111.72308000000,IDN,Indonesia,Kalimantan Tengah,Kotawaringin Barat,1-Fully Verified,,Crusher,"MITRA MENDAWAI SEJATI (SUAYAP),MITRA MENDAWAI SEJATI,PT MITRA MENDAWAI SEJATI-SUAYAP MILL,,,T MITRA MENDAWAI SEJATI-SUAYAP MI,ABDI BUDI MULIA 1067"
PO1000003258,NATAI BARU,CITRA BORNEO INDAH (CBI),CITRA BORNEO INDAH (CBI),KALIMANTAN SAWIT ABADI,,,RSPO Certified,"RSPO Certified, MB",2019-10-31,-2.60415000000,111.66735000000,IDN,Indonesia,Kalimantan Tengah,Kotawaringin Barat,2-High Confidence,,,"KALIMANTAN SAWIT ABADI,PT KALIMANTAN SAWIT ABADI,,,ABDI BUDI MULIA 698"
PO1000003262,TERSANG,FGV HOLDINGS BERHAD,FGV,FGV PALM INDUSTRIES SDN BHD,,,Not RSPO Certified,,2019-10-31,4.10694000000,101.80139000000,MYS,Malaysia,Pahang,Lipis,1-Fully Verified,,,"SG KOYAN POM,KS TERSANG,KILANG SAWIT TERSANG,TERSANG POM,K.K.S. TERSANG,K.K.S. TERSANG,FGV PALM INDUSTIES SDN BHD,K.K.S.TERSANG,,,,,,KS TERSANG-
PAHANG"
PO1000003324,OLEOFLORES,OLEOFLORES,OLEOFLORES,GRUPO OLEOFLORES,,,RSPO Certified,"RSPO Certified, MB",2019-10-31,10.09797000000,-73.23556000000,COL,Colombia,Cesar,La Paz,1-Fully Verified,,,"OLEOFLORES S.A.,,,,OLEOFLORES S.A,OLEOFLORES S.A.S,EXTRACTORA OLEOFLORES S.A.S,GRUPO OLEOFLORES,OLEOFLORES S A S,EXTRACTORA OLEOFLORES S.A.S.,GRUPO EMPRESARIAL OLEOFLORES S.A.S.,"
PO1000003333,SUNGAI BINTI,GOODHOPE,Goodhope,AGRO BUKIT,,,RSPO Certified,"RSPO Certified, MB",2019-10-31,-2.56225000000,112.76807000000,IDN,Indonesia,Kalimantan Tengah,Kotawaringin Timur,1-Fully Verified,,,"AGRO BUKIT,,,KERTAJAYA,,,,,PT. AGRO BUKIT,SUNGAI BINTI PALM OIL MILL - PT AGRO BUKIT,SUNGAI BINTI PALM OIL MILL - PT AGRO BUKIT,AGRO BUKIT - SUNGAI BINTI,AGRO BUKIT SUNGEI BINTI,GOODHOPE ASIA HOLDINGS LTD,,,,,AGRO BUKIT (PKS SUNGAI BINTI),PT AGRO BUKIT - SUNGAI BINTI MILL"
PO1000003359,MAOKIL,FGV HOLDINGS BERHAD,FGV,FGV PALM INDUSTRIES SDN BHD,,,RSPO Certified,"RSPO Certified, MB",2019-10-31,2.29123000000,102.99555000000,MYS,Malaysia,Johor,Muar,1-Fully Verified,,,"KILANG SAWIT MAOKIL,KILANG SAWIT MAOKIL,KILANG SAWIT MOAKIL,KS MAOKIL,,,,,,,,,,,,,,MAOKIL POM,KKS SUBURBAN PROPERTIES SDN BHD,,,KILANG KELAPA SAWIT MOAKIL,K.K.S. MAOKIL,K.K.S. MAOKIL,MOAKIL,"
PO1000003414,AIR TAWAR,FGV HOLDINGS BERHAD,FGV,FGV PALM INDUSTRIES SDN BHD,,,Not RSPO Certified,,2019-10-31,1.66694000000,104.02694000000,MYS,Malaysia,Johor,Kota Tinggi,1-Fully Verified,,,"KILANG KELAPA SAWIT AIR TAWAR,,KILANG SAWIT AIR TAWAR,KS AIR TAWAR,,,,,,,,,,,,,"
PO1000003486,RIMBA HARAPAN SAKTI,WILMAR,Wilmar,RIMBA HARAPAN SAKTI,,,RSPO Certified,"RSPO Certified, MB",2019-10-31,-2.83578000000,112.57178000000,IDN,Indonesia,Kalimantan Tengah,Seruyan,1-Fully Verified,,,",,,,,,AIR ITEM POM,BAH JAMBI POM,GENTING AYER ITEM,,,,,,,ABDI BUDI MULIA 866"
PO1000003491,KENDAWANGAN,BUMITAMA GUNAJAYA AGRO (BGA),Bumitama,GUNAJAYA KARYA GEMILANG,,,RSPO Certified,"RSPO Certified, MB",2019-10-31,-2.44583000000,110.26583000000,IDN,Indonesia,Kalimantan Barat,Ketapang,1-Fully Verified,,,"GUNAJAYA KARYA GEMILANG (KENDAWANGAN),,GUNAJAYA KARYA GEMILANG,,,,,,,,,,,(KENDAWANGAN),GUNAJAYA KARYA GEMILANG
(KENDAWANGAN),,,,,,,ABDI BUDI MULIA 475"
PO1000003496,KRETAM,KRETAM HOLDINGS BERHAD,Kretam Holdings (KHB),SYARIKAT KRETAM MILL SDN BHD,,,RSPO Certified,"RSPO Certified, IP",2019-10-31,5.65717000000,117.83753000000,MYS,Malaysia,Sabah,Sandakan,1-Fully Verified,,,"SYARIKAT KRETAM,,SYARIKAT KRETAM MILL SDN BHD,KRETAM POM,,,,,,,,,,,,,,KRETAM HOLDING BERHAD,KRETAM PALM OIL MILL,SYARIKAT KRETAM MILL SDN. BHD.,SYARIKAT KRETAM MILL SDN. BHD.,KRETAM HOLDINGS BHD,KRETAM HOLDINGS BHD,SYARIKAT KRETAM MILL,SARANA PRIMA MULTI NIAGA POM,,,,,,SYARIKAT KRETAM - KRETAM POM"
PO1000003497,MITRA ANEKA REZEKI BANYUASIN,PASIFIK AGRO SENTOSA,PASIFIK AGRO SENTOSA (PAS),MITRA ANEKA REZEKI,,,Not RSPO Certified,,2019-10-31,-2.72202000000,104.35860000000,IDN,Indonesia,Sumatera Selatan,Banyu Asin,1-Fully Verified,,,"MITRA ANEKA REZEKI - BANYUASIN,MITRA ANEKA REZEKI – BANYUASIN,AGRO PALINDO SAKTI"
PO1000003666,PITAK PALM OIL CO.,UNKNOWN,,PITAK PALM OIL CO.,,,RSPO Certified,"RSPO Certified, IP, MB",2019-10-31,7.74324000000,99.30956000000,THA,Thailand,Trang,Sikao,1-Fully Verified,,,"PITAK PALM OIL CO., LTD.,,,PITAK PALM OIL CO., LTD.,,PITAK,PITAKPALMOIL.,CO.,LTD,PITAKPALMOIL.,CO.,LTD,PITAK PALM OIL CO., LTD.,PITAKPALMOIL.,CO.,LTD,PITAKPALMOIL.,CO.,LTD,PITAK PALM OIL CO., LTD.,PITAK PALM OIL CO., LTD.,PITAKPALMOIL.,CO.,LTD,PITAK PALM OIL CO., LTD.,PITAK PALM OIL CO., LTD.,PITAK PALM OIL CO., LTD.,PITAK PALM OIL CO. LTD.,PITAKPALMOIL.CO.,LTD,PITAKPALMOIL.CO.,LTD,PITAKPALMOIL.CO.,LTD,PITAKPALMOIL.CO.,LTD,PITAKPALMOIL.CO.,LTD,PITAKPALMOIL.CO.,LTD,PITAKPALMOIL.CO.,LTD,PITAKPALMOIL.CO.,LTD,,PITAKPALMOIL.CO.,LTD,PITAKPALMOIL.CO.,LTD"
PO1000003711,KILANG KELAPA SAWIT SIANG,UNKNOWN,AA SAWIT SDN BHD,AA SAWIT SDN BHD,,,Not RSPO Certified,,2019-10-31,1.54539000000,104.20935000000,MYS,Malaysia,Johor,Kota Tinggi,1-Fully Verified,,,"SIANG MILL - PH PALM OIL MILL,SIANG PALM OIL MILL,AA SAWIT SDN BHD"
PO1000003712,ACE OIL MILL,ACE AGRICULTURAL SDN BHD,ACE AGRICULTURAL,ACE OIL MILL SDN BHD,,,Not RSPO Certified,,2019-10-31,2.91192000000,102.77981000000,MYS,Malaysia,Pahang,Rompin,1-Fully Verified,,,"ACE OIL MILL SDN BHD,,ACE OIL MILL SDN. BHD,ACE OIL MILL SDN. BHD,,,,,,,,,,,ACE OIL MILL. SDN. BHD.,,,ACE OIL MILL SDN. BHD.,ACE OIL MILL SDN. BHD.,,ACE OIL MILL KM 22,ACE OIL MILL S/B,ACE OIL"
PO1000003713,JOHOR LABIS,ACHI JAYA PLANTATIONS SDN BHD,Achi Jaya Plantations,ACHI JAYA PLANTATIONS SDN BHD,,,Not RSPO Certified,,2019-10-31,2.25147000000,103.05131000000,MYS,Malaysia,Johor,Segamat,2-High Confidence,,,"ACHI JAYA PLANTATIONS SDN BHD,ACHI JAYA PLANTATIONS SDN BHD,ACHI JAYA,JOHOR LABIS PALM OIL MILL
SDN BHD,,,,,JOHOR LABIS PALM OIL MILL SDN BHD,JOHOR LABIS PALM OIL MILL,,,,,,,,,,JOHORE LABIS PALM OIL MILL,,,KILANG KELAPA SAWIT JOHOR LABIS,KILANG KELAPA SAWIT JOHOR LABIS,ACHI JAYA - LABIS PALM OIL MILL,JOHORE LABIS
POM,ACHI JAYA - LABIS PALM OIL,,,ACHI JAYA JOHOR LABIS POM,,ACHI JAYA PLANTATIONS SDN BHD (JOHORE LABIS POM),LABIS POM"
PO1000003714,ALAMBUMI,ALTO SDN BHD,ALTO,ALAMBUMI PALM OIL MILL SDN BHD,,,Not RSPO Certified,,2019-10-31,3.58544000000,113.67065000000,MYS,Malaysia,Sarawak,Miri,1-Fully Verified,,,"ALAMBUMI PALM OIL MILL SDN BHD,,,,,,,,,ALAMBUMI PALM OIL MILL,ALAMBUMI PALM OIL MILL SDN. BHD.,ALAMBUMI PALM OIL MILL SDN. BHD.,AGRICINAL/ULUAN,ALAM BUMI PALM OIL MILL,,,ALAMBUMI PALM OIL MIL1 SDN BHD,,"
PO1000003715,ARAH KAWASAN,ARAH KAWASAN SDN BHD,ARAH KAWASAN,ARAH KAWASAN SDN BHD,,,Not RSPO Certified,,2019-10-31,5.27879000000,100.68609000000,MYS,Malaysia,Kedah,Bandar Baharu,1-Fully Verified,,,"ARAH KAWASAN SDN BHD,ARAH KAWASAN SDN BHD,,,,ARAH KAWASAN SDN. BHD.,ARAH KAWASAN SDN. BHD.,AGRINDO SAWIT MANDIRI,,ARAH KAWASAN SDN.
BHD.,,ARAH KAWASAN  SDN BHD"
PO1000003716,AWAN TIMUR,AWAN TIMUR GROUP,AWAN TIMUR GROUP,AWAN TIMUR PALM OIL MILL RESOURCES (PERAK) SDN BHD,,,Not RSPO Certified,,2019-10-31,4.53148000000,100.73058000000,MYS,Malaysia,Perak,Larut and Matang,1-Fully Verified,,,"AWAN TIMUR (PANTAI REMIS),,KILANG KELAPA SAWIT TUNJUK LAUT,AWAN TIMUR RESOURCES (PERAK),AWAN TIMUR PALM OIL MILL RESOURCES (PERAK) SDNBHD,AWAN TIMUR PALM OIL MILL RESOURCES (JOHOR) SDN BHD,AWAN TIMUR PALM OIL MILL RESOURCES (JOHOR),,,,,,,,AWAN TIMUR MANAGEMENT SDN
BHD,PAEWRAKN)  TSIMDNU RBHD,AWAN TIMUR PALM OIL MILL RESOURCES (PERAK) SDN. BHD.,AWAN TIMUR PALM OIL MILL RESOURCES (PERAK) SDN. BHD.,HADWAN TIMUR,AWAN TIMUR MANAGEMENT SDN BHD,AWAN TIMUR KKS,AWAN TIMUR PALM OIL MILL RESOURCES
(JOHOR) SDN BHD,ABWHDAN TIMUR,ABWHDAN TIMUR,ABWHDAN TIMUR,ABWHDAN TIMUR,AWAN TIMUR PALM OIL MILL RESOURCES (JOHOR) SDN B,TANJUNG PUTRI/AMAL TANI,AWAN TIMUR PALM OIL MILL RESOURCES (PERAK) SDN BHD,AWAN TIMUR PALM OIL MILL RESOURCES (P,AWAN TIMUR PALM OIL MILL RESOURCES
(PERAK) SDN. BHD.,AWAN TIMUR PALM OIL MILL RESOURCES
(PERAK) SDN. BHD.,,AWAN TIMUR POM,,UR PALM OIL MILL RESOURCES (PERAK"
PO1000003717,BALUNG,MALAYSIAN KUWAIT INVESTMENT CO. SDN BHD,MALAYSIAN KUWAIT INVESTMENT CO.,BALUNG PALM OIL MILL SDN BHD,,,Not RSPO Certified,,2019-10-31,4.37906000000,118.18612000000,MYS,Malaysia,Sabah,Tawau,2-High Confidence,,,"BALUNG PALM OIL MILL SDN BHD,KILANG KELAPA SAWIT TUNJUK LAUT,,,BALUNG PALM OIL MILL,,BALUNG PALM OIL MILL SDN. BHD.,BALUNG PALM OIL MILL SDN. BHD.,,,,,,,BALUNG POM,,"
PO1000003718,BAN DUNG,BAN DUNG PALM OIL INDUSTRIES SDN BHD,BAN DUNG PALM OIL INDUSTRIES,BAN DUNG PALM OIL INDUSTRIES SDN BHD,,,Not RSPO Certified,,2019-10-31,2.04555000000,102.87980000000,MYS,Malaysia,Johor,Batu Pahat,1-Fully Verified,,,"BAN DUNG PALM OIL MILL SDN BHD,BAN DUNG PALM OIL INDUSTRIES SDN BHD,BAN DUNG PALM OIL INDUSTRIES SDN BHD,BANDUNG PALM OIL INDUSTRIES
SDN BHD,,BAN DUNG PALM OIL INDUSTRIES SDN
BHD,BAN DUNG PALM OIL INDUSTRIES SDN
BHD,BANDUNG PALM OIL INDUSTRIES SDN BHD,,,BAN DUNG PALM OIL INDUSTRIES
SDN BHD,BAN DUNG PALM OIL INDUSTRIES SDN.,BANDUNG PALM OIL INDUSTRIES SDN
BHD,BAN DUNG PALM OIL MILL,BAN DUNG PALM OIL INDUSTRIES,BAN DUNG PALM OIL INDUSTRIES SDN.
BHD.,,BANDUNG PALM OIL INDUSTRIES,BAN DUNG PALM OIL INDUSTRIES SDN. BHD.,BAN DUNG PALM OIL INDUSTRIES SDN. BHD.,BANDUNG PALM OIL MILL,BAN DUNG PALM OIL INDUSTRIESSDN BHD,BAN DUNG PALM OIL INDUSTRIES SDN.
BHD."
PO1000003719,BBC,BBC HOLDINGS (SARAWAK) SDN BHD,BBC,BBC PALM OIL MILL SDN BHD,,,Not RSPO Certified,,2019-10-31,3.06321000000,113.06815000000,MYS,Malaysia,Sarawak,Bintulu,1-Fully Verified,,,"BBC PALM OIL MILL,,,,,,BBC PALM OIL MILL SDN. BHD.,BBC PALM OIL MILL SDN. BHD.,PABRIK BINA PITRI JAYA"
PO1000003720,BEAUFORT,NGIN KONG GROUP,NGIN KONG GROUP,BEAUFORT PALM OIL MILL SDN BHD,,,Not RSPO Certified,,2019-10-31,5.30861000000,115.70500000000,MYS,Malaysia,Sabah,Beaufort,1-Fully Verified,,,"BEAUFORT PALM OIL MILL SDN BHD,,,,,,,,,,,,,,,BEAUFORT PALM OIL MILL,BEAUFORT PALM OIL MILL,SAWIT GRAHA MANUNGGAL MILL,,,,,,,"
PO1000003721,SYARIKAT PERUSAHAAN KELAPA SAWIT,BELL GROUP,BELL GROUP,SYARIKAT PERUSAHAAN KELAPA SAWIT SDN BHD,,,Not RSPO Certified,,2019-10-31,2.16697000000,103.05845000000,MYS,Malaysia,Johor,Segamat,2-High Confidence,,,"SYARIKAT PERUSAHAAN KELAPA SAWIT SDN BHD,SYARIKAT PERUSAHAAN KELAPA SAWIT SDN. BHD.,S YBAHRDIKAT PERUSAHAAN KELAPA SAWIT,SBYUAJARINKGA)T PERUSAHAAN KELAPA SAWIT,SYARIKAT PERUSAHAAN
KELAPA SAWIT SDN BHD,,,,,SYARIKAT PERUSAHAAN KELAPA SAWIT
SDN. BHD.,SYARIKAT PERUSAHAAN KELAPA SAWIT
SDN BHD,SYARIKAT PERUSAHAAN KELAPA SAWIT
SDN BHD,SYARIKAT PERUSAHAAN KELAPA SAWIT SDN
BHD,,,,,,,,,,SYARIKAT PERUSAHAAN KELAPA
SAWIT SDN BHD,SYARIKAT PERUSAHAAN KELAPA SAWIT SDN. BH,SPKS,SYARIKAT PERUSAHAAN KELAPA SAWIT SDN BH,SYARIKAT PERUSAHAAN,NS BYAHRDIKAT PERUSAHAAN KELAPA SAWIT,NS BYAHRDIKAT PERUSAHAAN KELAPA SAWIT,NS BYAHRDIKAT PERUSAHAAN KELAPA SAWIT,NS BYAHRDIKAT PERUSAHAAN KELAPA SAWIT,,,SYARIKAT PERUSAHAAN KELAPA SAWIT SDN.,SYARIKAT PERUSAHAAN KELAPA SAWIT SDN.,SYARIKAT PERUSAHAAN KELAPA
SAWIT SDN. BHD.,SYARIKAT PERUSAHAAN KELAPA SAWIT -
SPKS,SYARIKAT PERUSAHAAN
KELAPA SAWIT,TUNG HUP,SAWIT,SYARIKAT PERUSAHAAN KELAPA SAWIT SDN.
BHD.,SYARIKAT PERUSAHAAN KELAPA SAWIT SDN.
BHD.,SYARIKAT PERUSAHAAN KELAPASAWIT,,,SPKS POM,,SYARIKAT PERUSAHAA KELAPA SAWIT,SYARIKAT PERUSAHAAN KELAPA SAWIT - SPKS,SYARIKAT PERUSAHAAN KELAPASAWIT SDN BHD,SYARIKAT PERUSAHAAN KELAPA SAWIT SDN.
BHD.,SYARIKAT PERUSAHAAN KELAPASAWIT SDN. BHD.,SYARIKAT PERUSAHAAN KELAPA SAWIT SDNBHD,SYARIKAT PERUSAHAAN KELAPA SAWITPOM"
PO1000003723,LIMA BLAS,UNITED PLANTATIONS,UNITED PLANTATIONS,UNITED PLANTATIONS BHD,,,Not RSPO Certified,,2019-10-31,3.79220000000,101.35190000000,MYS,Malaysia,Selangor,Hulu Selangor,1-Fully Verified,,,"VICTORY ENGHOE PLANTATIONS SDN BHD,VICTORY ENG HOE PLANTATIONS SDN
BHD,VICTORY ENG HOE PLANTATIONS
SDN BHD,LIMA BELAS,UNITED PLANTATIONS BHD (LIMA BLAS),ABDI BUDI MULIA 578"
PO1000003724,BELL PALM INDUSTRIES,BELL GROUP,BELL GROUP,BELL PALM INDUSTRIES SDN BHD,,,Not RSPO Certified,,2019-10-31,1.91678000000,102.89175000000,MYS,Malaysia,Johor,Batu Pahat,1-Fully Verified,,,"BELL PALM INDUSTRIES SDN BHD,,BELL PALM INDUSTRIES SDN
BHD,,,,,BELL PALM INDUSTRIES SDN BHD (420856-
P),,,,,,,,,,BELL POM,,,BELL PALM INDUSTRIES SDN. BHD.,TASIK RAJA OIL MILL,BELL - BATU PAHAT,,,,,,BELL PALM INDUSTRIES POM"
PO1000003725,BORNEO AGRO-RESOURCES,BORNEO AGRO-RESOURCES SDN BHD,BORNEO AGRO-RESOURCES,BORNEO AGRO-RESOURCES SDN BHD,,,Not RSPO Certified,,2019-10-31,3.27630000000,113.42661000000,MYS,Malaysia,Sarawak,Bintulu,1-Fully Verified,,,"BORNEO AGRO-RESOURCES SDN BHD,,BORNEO AGRO RESOURCES,,,BORNEO AGRO‐RESOURCES,,,,,,BORNEO AGRO-RESOURCES SDN. BHD.,BORNEO AGRO-RESOURCES SDN. BHD.,TAPUNG MILL,,,,"
PO1000003726,APAS BALUNG,SAWIT KINABALU SDN BHD,Sawit Kinabalu (SKSB),SAWIT KINABALU SDN BHD,,,Not RSPO Certified,,2019-10-31,4.37177000000,118.10149000000,MYS,Malaysia,Sabah,Tawau,1-Fully Verified,,,"APAS BALUNG MILL,,K.K.S. APAS BALUNG,,,,,,BORNEO SAMUDERA SDN BHD (APAS BALUNG MILL),,,BORNEO SAMUDERA SDN BHD (APAS
BALUNG MILL),,,,,,,,"
PO1000003727,KUNAK,SAWIT KINABALU SDN BHD,Sawit Kinabalu (SKSB),SAWIT KINABALU SDN BHD,,,Not RSPO Certified,,2019-10-31,4.75734000000,118.13840000000,MYS,Malaysia,Sabah,Kunak,1-Fully Verified,,,"BORNEO SAMUDERA SDN BHD (KUNAK MILL),KUNAK MILL,KILANG KELAPA SAWIT KUNAK,BORNEO SAMUDERA SDN BHD (KUNAK
MILL),CAHAYA SAWIT LESTARI,BORNEO SAMUDERA SDN BHD(KUNAK MILL),,,"
PO1000003728,LANGKON,SAWIT KINABALU SDN BHD,Sawit Kinabalu (SKSB),SAWIT KINABALU SDN BHD,,,Not RSPO Certified,,2019-10-31,6.57174000000,116.70834000000,MYS,Malaysia,Sabah,Kota Marudu,2-High Confidence,,,"BORNEO SAMUDERA SDN BHD (LANGKON,,BORNEO SAMUDERA SDN BHD (LANGKON MILL),LANGKON MILL,,,,,,,,,,,,,,BORNEO SAMUDERA SDN BHD (LANGKON
MILL),K.K.S. LANGKON,K.K.S. LANGKON,ALIANTAN MILL,,,,,,(LANGKON MILL),,"
PO1000003729,LUMADAN,SAWIT KINABALU SDN BHD,Sawit Kinabalu (SKSB),SAWIT KINABALU SDN BHD,,,Not RSPO Certified,,2019-10-31,5.25601000000,115.65627000000,MYS,Malaysia,Sabah,Beaufort,1-Fully Verified,,,"BORNEO SAMUDERA SDN BHD (LUMADAN,BORNEO SAMUDERA SDN BHD (LUMADAN MILL),LUMADAN MILL,,,,,,,,,,,,,BORNEO SAMUDERA SDN BHD (LUMADAN
MILL),K.K.S. LUMADAN,K.K.S. LUMADAN,GEMILANG CAHAYA MENTARI MILL,,,,,,(LUMADAN MILL),,"
PO1000003731,SERUDUNG,GPP RESOURCES BERHAD,GPP RESOURCES BERHAD,GPP SERI SERUDUNG SDN BHD,,,Not RSPO Certified,,2019-10-31,4.35770000000,117.35908000000,MYS,Malaysia,Sabah,Tawau,1-Fully Verified,,,"SERUDUNG MILL,,,,,BORNEO SAMUDERA SDN BHD (SERUDUNG MILL),,SERUDUNG PALM OIL MILL,SERUDUNG PALM OIL MILL,SUNGAI LILIN MILL,,,,,GPP SERUDUNG PALM OIL MILL,GPP SERUDUNG POM,,"
PO1000003732,SANDAU,SAWIT KINABALU SDN BHD,Sawit Kinabalu (SKSB),SAWIT KINABALU SDN BHD,,,Not RSPO Certified,,2019-10-31,5.20433000000,118.13414000000,MYS,Malaysia,Sabah,Lahad Datu,1-Fully Verified,,,"SANDAU (SANDAU),SANDAU MILL SDN BHD (SANDAU),,SANDAU MILL,,,,,,,,,SANDAU MILL SDN BHD,,SANDAU PALM OIL MILL,,,,,,,KKS SANDAU,KKS SANDAU,SELUMPUR SDN BHD,,,,,,,,"
PO1000003733,SEBRANG,SAWIT KINABALU SDN BHD,Sawit Kinabalu (SKSB),SAWIT KINABALU SDN BHD,,,Not RSPO Certified,,2019-10-31,4.98972000000,118.55510000000,MYS,Malaysia,Sabah,Lahad Datu,1-Fully Verified,,,"SANDAU (SEBRANG),SANDAU MILL SDN BHD (SEBRANG),,SEBRANG MILL,,,,,,,,,,SEBRANG PALM OIL MILL,,,,,SEBRANG POM,,,SEBRANG OIL PALM MILL,SEBRANG OIL PALM MILL,SEI NILO POM,,,,,,,"
PO1000003734,SEGARIA,BOUSTEAD PLANTATIONS BERHAD,Boustead,BOUSTEAD EMASTULIN SDN BHD,,,RSPO Certified,"RSPO Certified, IP",2019-10-31,4.48163000000,118.39817000000,MYS,Malaysia,Sabah,Semporna,1-Fully Verified,,,",,,,,,SEGARIA PALM OIL,,BOUSTEAD EMASTULIN SDN BHD (SEGARIA MILL),,,,BOUSTEAD EMASTULIN SDN BHD (SEGARIA
MILL),SEGARIA POM,KILANG KELAPA SAWIT SEGARIA,KILANG KELAPA SAWIT SEGARIA,BOUSTEAD EMASTULIN SDN BHD (SEGARIAMILL),,,BOUSTEAD EMASTULIN SDN BHD,SEGARIA PALM OIL MILL,,"
PO1000003735,PELITA KANOWIT,BOUSTEAD PLANTATIONS BERHAD,Boustead,BOUSTEAD PELITA KANOWIT OIL MILL SDN BHD,,,Not RSPO Certified,,2019-10-31,2.16358000000,112.09952000000,MYS,Malaysia,Sarawak,Kanowit,1-Fully Verified,,,"PELITA KANOWIT OIL MILL,,BOUSTEAD PELITA KANOWIT OIL MILL SDN BHD,BPHELDITA KANOWIT,,,,,,,,BOUSTEAD PELITA KANOWIT OIL MILL SDN.,BOUSTEAD PELITA KANOWIT OIL MILL SDN.,TAPAN MILL,BOUSTEAD PELITA KANOWIT OIL MILL SDN
BHD,BOUSTEAD PELITA KANOWIT OIL MILL SDN. BHD.,BOUSTEAD PELITA KANOWIT OIL MILL SDN. BHD.,BOUSTEAD PELITA KANOWIT OIL MILL SDN BHD (KANOWIT MILL),,,,,KANOWIT,,,BOUSTEAD PELITA KANOWIT OIL MILL SDN BHD(KANOWIT MILL)"
PO1000003736,RIMBA NILAI,BOUSTEAD PLANTATIONS BERHAD,Boustead,BOUSTEAD RIMBA NILAI SDN BHD,,,Not RSPO Certified,,2019-10-31,6.25729000000,117.31320000000,MYS,Malaysia,Sabah,Beluran,1-Fully Verified,,,"BOUSTEAD RIMBA NILAI SDN BHD (RIMBA,,RIMBA,BOUSTEAD RIMBA NILAI SDN BHD (RIMBA NILAIMILL),,,,,,,,,RIMBA NILAI PALM,,BOUSTEAD RIMBA NILAI SDN BHD (RIMBA NILAI MILL),BOUSTEAD RIMBA NILAI SDN BHD (TAWAI MILL),,,,,BOUSTEAD RIMBA NILAI SDN BHD (RIMBA
NILAI MILL),RIMBA NILAI PALM OIL MILL,RIMBA NILAI PALM OIL MILL,PASAMAN (USM) MILL,,,,,,,(RIMBA NILAI MILL),BOUSTEAD RIMBA NILAI SDN BHD (RIMBA NILAI
MILL),,,RIMBA NILA"
PO1000003737,SEGAMAHA,BOUSTEAD PLANTATIONS BERHAD,Boustead,BOUSTEAD RIMBA NILAI SDN BHD,,,RSPO Certified,"RSPO Certified, MB",2019-10-31,5.21041000000,117.80966000000,MYS,Malaysia,Sabah,Lahad Datu,1-Fully Verified,,,"SEGAMAHA MILL,,,,,,,,,,SEGAMAHA PALM OIL,,BOUSTEAD RIMBA NILAI SDN BHD (SEGAMAHA MILL),,,,,BOUSTEAD RIMBA NILAI SDN BHD
(SEGAMAHA MILL),SEGAMAHA POM,SEGAMAHA PALM OIL MILL,KILANG KELAPA SAWIT SEGAMAHA,KILANG KELAPA SAWIT SEGAMAHA,BOUSTEAD PLANTATIONS BERHAD - SEGAMAHA BUSINESS UNIT,SEGAMAHA PALM
OIL MILL,RANTAU BADAK MILL,,,,,BOUSTEAD RIMBA NILAI SDN BHD (SEGAMAHA
MILL),EAD RIMBA NILAI SDN BHD (SEGAMAH"
PO1000003738,TELOK SENGAT,BOUSTEAD PLANTATIONS BERHAD,Boustead,BOUSTEAD TELOK SENGAT SDN BHD,,,RSPO Certified,"RSPO Certified, MB",2019-10-31,1.56693000000,104.04494000000,MYS,Malaysia,Johor,Kota Tinggi,1-Fully Verified,,,"KILANG KELAPA SAWIT TELOK SENGAT,,KKS TELOK SENGAT,KILANG KELAPA SAWIT TELOK
SENGAT,,,,,,,,BOUSTEAD TELOK SENGAT SDN BHD,,,K.K.S. TELOK SENGAT,K.K.S. TELOK SENGAT,BOUSTEAD-TELUK SENGAT - MILL,TELOK SENGAT MILL,,,T.SENGAT POM,"
PO1000003739,SELUMPUR,KILANG KELAPA SAWIT SELUMPUR SDN BHD,KILANG KELAPA SAWIT SELUMPUR,KILANG KELAPA SAWIT SELUMPUR SDN BHD,,,Not RSPO Certified,,2019-10-31,2.66630000000,102.80700000000,MYS,Malaysia,Johor,Segamat,1-Fully Verified,,,"TRONG OIL MILL,KKS SELUMPUR,ANDALAS WAHANA BERJAYA,CLASSIC SEGAMAT"
PO1000003740,CENTRAL,CAM RESOURCES BERHAD,CAM RESOURCES,CENTRAL PALM OIL MILL SDN BHD,,,Not RSPO Certified,,2019-10-31,4.89154000000,100.66898000000,MYS,Malaysia,Perak,Larut and Matang,1-Fully Verified,,,"CENTRAL PALM OIL MILL SDN BHD,CENTRAL PALM OIL MILL SDN BHD,CENTRAL PALM OIL MILL,,,,,,CENTRAL PALM OIL MILL SDN. BHD.,CENTRAL PALM OIL MILL SDN. BHD.,CAM RESOURCES BERHAD,CIPTA AGRO SEJATI MILL,,"
PO1000003741,SABANG 1,IJM PLANTATIONS BERHAD,IJM,IJM EDIBLE OILS SDN BHD,,,Not RSPO Certified,,2019-10-31,6.23380000000,117.52880000000,MYS,Malaysia,Sabah,Beluran,1-Fully Verified,,,"SABANG MILL SDN BHD (MILL 1),SABANG,SABANG PALM OIL MILL I,SABANG PALM OIL MILL I,,,,,,,,,,SABANG 1 POM,,,,,KKS SABANG I,KKS SABANG I,,SABANG PALM OIL MILL 1,,,ABDI BUDI MULIA 883"
PO1000003742,PROLIFIC YIELD,MHC PLANTATIONS BHD,MHC Plantations,CEPATWAWASAN GROUP BERHAD,,,Not RSPO Certified,,2019-10-31,5.71748000000,117.82761000000,MYS,Malaysia,Sabah,Sandakan,1-Fully Verified,,,"PROLIFIC YIELD SDN BHD,,PROLIFIC,,,,,,,,,TAWAI PALM OIL MILL,,,,,,ATLANTICA,GENTING MEWAH OIL,K.K.S. PROLIFIC YIELD,K.K.S. PROLIFIC YIELD,MHC PLANTATIONS BHD,,,,,,,PROLIFIC YIELD PALM OIL MILL,,"
PO1000003743,CLASSIC,CLASSIC PALM OIL MILL SDN BHD,CLASSIC PALM OIL MILL,CLASSIC PALM OIL MILL SDN BHD,,,Not RSPO Certified,,2019-10-31,2.60089000000,102.62464000000,MYS,Malaysia,Negeri Sembilan,Tampin,1-Fully Verified,,,"CLASSIC PALM OIL MILL,CLASSIC PALM OIL MILL SDN BHD,,CLASSIC PALM OIL
MILL,CLASSIC PALM
OIL MILL,,,,,CLASSIC PALM OIL MILL SDN. BHD.,CLASSIC PALM OIL MILL  SDN BHD,CLASSIC PALM OIL MILL SDN BHD (923386-
T),,,,,,,,,,,,CILIANDRA,CLASSIC PALM OIL MILL SDN . BHD.,BUKIT SAWIT SEMESTA MILL,,,,,,CLASSIC POM,CLASSIC PALM OIL
MILL SDN"
PO1000003745,DOMINION SQUARE,LKPP CORPORATION SDN BHD,LKPP Corporation,DOMINION SQUARE SDN BHD,,,Not RSPO Certified,,2019-10-31,3.61977000000,103.16062000000,MYS,Malaysia,Pahang,Kuantan,1-Fully Verified,,,"DOMINION SQUARE SDN BHD,,LKPP CORPORATION SDN BHD (LCSB),KILANG SAWIT DOMINION SQUARE,,,,,,,,,,,DOMINION SQUARE PALM OIL MILL,,,,DOMINION SQUARE SDN. BHD.,DOMINION SQUARE SDN. BHD.,,DOMINION SQUARE SDN.BHD.,,,DOMINION SQUARE POM,"
PO1000003746,GEDOK MAS,DUPONT & LEOSK ENTERPRISES,DUPONT & LEOSK ENTERPRISES,DUPONT & LEOSK ENTERPRISES SDN BHD,,,Not RSPO Certified,,2019-10-31,2.57795000000,102.42393000000,MYS,Malaysia,Negeri Sembilan,Tampin,1-Fully Verified,,,"DUPONT & LEOSK ENTERPRISES SDN BHD,DUPONT & LEOSK ENTERPRISES SDN BHD,KILANG SAWIT GEDOK MAS,DUPONT & LEOSK ENTERPRISE SDN. BHD.,DUPONT & LEOSK ENTERPRISE SDN. BHD.,,,KILANG KELAPA SAWIT GEDOK MAS,,,,,DUPONT & LEOSK ENTERPRISES SDN BHD (KILA,DUPONT & LEOSK ENTERPRISES SDN BHD
(KILANG KELAPA SAWIT GEDOK MAS),GEMENCHECH,,,,,,DUPONT & LEOSK ENTERPRISES,GEDOK MAS/GEMENCHEH"
PO1000003747,LADANG GULA,NEGRI SEMBILAN OIL PALMS BOARD,Negri Sembilan Oil Palms,ENG THYE PLANTATIONS BERHAD,,,Not RSPO Certified,,2019-10-31,4.95496000000,100.46892000000,MYS,Malaysia,Perak,Kerian,1-Fully Verified,,,"GULA,KILANG KELAPA SAWIT GULA,K.K.S.MALPOM INDUSTRIES BHD.,KILANG KELAPA SAWIT CHERSONESE,K.K.S. LADANG GULA,,,SUNGAI LEKO MILL,GULA OIL MILL,,,K.K.S.MALPOM
INDUSTRIES BHD.,,ENG THYE PLANTATIONS BERHAD - LADANG GULA,ENG THYE PLANTATIONS BERHAD - LADANG GULA*,,"
PO1000003749,RISDA SG AMBAT,RISDA ESTATES SDN BHD,RISDA ESTATES,RISDA ESTATES SDN BHD,,,Not RSPO Certified,,2019-10-31,2.19475000000,103.87798000000,MYS,Malaysia,Johor,Mersing,1-Fully Verified,,,"RISDA SUNGAI AMBAT,SUNGAI AMBAT,,ESPEK SDN BHD (SG.AMBAT),KTIINLAGNGGI) SAWIT RISDA SUNGAI AMBAT,KILANG KELAPA SAWIT RISDA SG. AMBAT,,,,,,,,,,,,,,KILANG SAWIT RISDA SUNGAI AMBAT,KILANG KELAPA SAWIT RISDA SG.
AMBAT,,,SG.AMBAT,KILANG SAWIT RISDA SG. AMBAT,KILANG SAWIT
RISDA SG.
AMBAT,RISDA ESTATES SDN BHD (KKS SG. AMBAT),,,,AMBAT PALM OIL MILL,RISDA SG.
AMBAT PALM OIL MILL,,,RISDA SG. AMBAT,RISDA SG.AMBAT POM"
PO1000003750,RISDA ULU KERATONG,RISDA ESTATES SDN BHD,RISDA ESTATES,RISDA ESTATES SDN BHD,,,Not RSPO Certified,,2019-10-31,2.73747000000,102.91056000000,MYS,Malaysia,Pahang,Rompin,1-Fully Verified,,,"KILANG KELAPA SAWIT RISDA ULU KERATONG,ULU KERATONG,KKS RISDA ULU KERATONG,,,,,KILANG SAWIT RISDA ULU KERATONG,KILANG KELAPA SAWIT RISDA ULU
KERATONG,,,,,,,,,,ESPEK SDN BHD (ULU KERATONG),,,KILANG SAWIT
RISDA ULU
KERATONG,KILANG -KILANG RISDA ULU
KERATONG,RISDA ESTATES SDN BHD (KKS ULU KERATONG),,,,KILANG SAWIT RISDA ULE KERATONG,KERATONG PALM OIL MILL,RISDA ULU
KERATONG PALM OIL MILL,,,RISDA ULU KERATONG POM"
PO1000003751,EVER YIELD KKS,BOUSTEAD PLANTATIONS BERHAD,Boustead,EVER YIELD TRADING SDN BHD,,,Not RSPO Certified,,2019-10-31,5.64597000000,117.32800000000,MYS,Malaysia,Sabah,Beluran,1-Fully Verified,,,"EVER-YIELD,EVER-YIELD SDN BHD,,TAWAI (EVERYIELD),TAWAI,,,,,,,,,,,,,,EVERYIELD,EVER‐YIELD,K.K.S. EVER-YIELD,K.K.S. EVER-YIELD,EPA - TEREH,EVER YIELD K.K.S.,,,,,,BOUSTEAD TAWAI ESTATES & PALM OIL,(TAWAI MILL),,"
PO1000003752,SAWIRA MAKMUR,FAR EAST HOLDINGS BERHAD,FEHB,KILANG SAWIRA MAKMUR SDN BHD,,,Not RSPO Certified,,2019-10-31,2.96758000000,103.09244000000,MYS,Malaysia,Pahang,Rompin,1-Fully Verified,,,"KILANG SAWIRA MAKMUR,SAWIRA KKS,,PROSPER GROUP OF COMPANIES SDN BHD,SAWIRA,KILANG SAWIRA MAKMUR SDN BHD,,,,,KILANG SAWIRA MAKMUR SDN
BHD,KILANG SAWIT SAWIRA - MILL,KILANG SAWIT SAWIRA,SAWIRA MAKMUR SDN BHD,,SAWIRA MAKMUR PALM OIL MILL,KILANG SAWIRA MAKMUR SDN.BHD.,KILANG SAWIRA MAKMUR SDN. BHD.,SAWIRA MAKMUR POM"
PO1000003753,FELCRA BUKIT KEPONG,FELCRA BERHAD,FELDA,FELCRA PROCESSING & ENGINEERING SDN BHD,,,Not RSPO Certified,,2019-10-31,2.39068000000,102.88199000000,MYS,Malaysia,Johor,Muar,1-Fully Verified,,,"BUKIT KEPONG,FELCRA BERHAD (BUKIT KEPONG),BFHELDCRA BUKIT KEPONG,KILANG KELAPA SAWIT BUKIT KEPONG FELCRABERHAD,KILANG SAWIT BUKIT KEPONG
FELCRA BERHAD,,,KILANG SAWIT BUKIT KEPONG FELCRA
BERHAD,KILANG SAWIT FELCRA BERHAD BUKIT
KEPONG,,,,,KKS FELCRA BUKIT KEPONG,FELCRA BUKIT KEPONG POM,KILANG KELAPA SAWIT BUKIT KEPONG FELCRA
BERHAD,BFHEDLCRA BUKIT KEPONG,BFHEDLCRA BUKIT KEPONG,BFHEDLCRA BUKIT KEPONG,,,K.K.S. FELCRA BUKIT KEPONG,K.K.S. FELCRA BUKIT KEPONG,KILANG KELAPA SAWIT BUKIT KEPONG FELCRA BERHAD,KILANG SAWIT FELCRA BERHAD BUKIT KEPONG,KILANG SAWIT FELCRA BERHAD BUKIT KEPONG,KILANG SAWIT FELCRA BERHAD BUKIT KEPONG,KILANG SAWIT FELCRA BERHAD
BUKIT KEPONG,KILANG SAWIT FELCRA BKT KEPONG,KILANG SAWIT BUKIT KEPONG FELCRA BERHAD,BKT KEPONG,BUKIT KEPONG (FELCRA BERHAD),,,BUKIT KEPONG POM,,KILANG KELAPA SAWIT BUKIT KEPONG FELCRA BETHAD,,,KILANG SAWIT FELCRA BUKIT KEPONG,KILANG SAWIT BUKIT KEPONG,KILANG SAWIT BUKIT KEPONG FELCRABERHAD"
PO1000003754,FELCRA MARAN,FELCRA BERHAD,FELDA,FELCRA PROCESSING & ENGINEERING SDN BHD,,,Not RSPO Certified,,2019-10-31,3.57092000000,102.68569000000,MYS,Malaysia,Pahang,Maran,1-Fully Verified,,,"MARAN,,KILANG KELAPA SAWIT FELCRA MARAN,KILANG SAWIT MARAN,BFHELDCRA MARAN,FELCRA BERHAD (MARAN),KILANG KELAPA SAWIT FELCRA
MARAN,KILANG SAWIT FELCRA BERHAD
MARAN,,,,KILANG SAWIT FELCRA BERHAD MARAN,KILANG SAWIT FELCRA MARAN,,,,,,,,FELCRA BERHAD KAWASAN MARAN,,BFHEDLCRA MARAN,BFHEDLCRA MARAN,BFHEDLCRA MARAN,,,FELCRA BERHAD,,,,KILANG KELAPA SAWIT
FELCRA MARAN,,,,KILANG SAWIT FELCRA BERHAD 
MARAN,KKS MARAN,KILANG KELAPA SAWIT FELCRAMARAN,KILANG SAWIT
FELCRA MARAN"
PO1000003755,FELCRA NASARUDDIN,FELCRA BERHAD,FELDA,FELCRA PROCESSING & ENGINEERING SDN BHD,,,Not RSPO Certified,,2019-10-31,4.32352000000,100.93831000000,MYS,Malaysia,Perak,Perak Tengah,1-Fully Verified,,,"NASARUDDIN,FELCRA BERHAD (NASARUDDIN),BFHELDCRA NASARUDDIN,KILANG SAWIT FELCRA BERHAD NASARUDDIN,K.K.S. FELCRA NASARUDDIN,KILANG SAWIT
FELCRA
NASARUDDIN,,KILANG SAWIT FELCRA BERHAD
NASARUDDIN,,,FELCRA BERHAD KAWASAN NASARUDDIN,,BFHEDLCRA NASARUDDIN,BFHEDLCRA NASARUDDIN,BFHEDLCRA NASARUDDIN,BFHEDLCRA NASARUDDIN,,,FELCRA BERHAD,,KKS FELCRA NASARUDDIN,KILANG SAWIT FELCRA
NASARUDDIN,KILANG SAWIT FELCRA NASARUDDIN,BUATAN II MILL,NASARUDDIN (FELCRA BERHAD),,,K.K.S. FELCRA
NASARUDDIN,,FELCRA
NASARUDDIN PALM OIL MILL,NASARUDIN"
PO1000003756,FELCRA SEBERANG PERAK,FELCRA BERHAD,FELDA,FELCRA PROCESSING & ENGINEERING SDN BHD,,,Not RSPO Certified,,2019-10-31,4.14811000000,100.83977000000,MYS,Malaysia,Perak,Perak Tengah,1-Fully Verified,,,"SEBERANG PERAK,FELCRA BERHAD (SEBERANG PERAK),BFHELDCRA SEBERANG PERAK,KILANG SAWIT FELCRA BERHAD SEBERANG PERAK,KILANG KELAPA SAWIT FELCRA,KILANG SAWIT
FELCRA SEBERANG
PERAK,,KILANG SAWIT FELCRA BERHAD
SEBERANG PERAK,,,,BFHEDLCRA SEBERANG PERAK,BFHEDLCRA SEBERANG PERAK,BFHEDLCRA SEBERANG PERAK,BFHEDLCRA SEBERANG PERAK,,,KKS FELCRA SEBERANG PERAK,KKS FELCRA SEBERANG PERAK,FELCRA BERHAD,,FELCRA BERHAD KAWASAN SEBERANG PERAK,KILANG SAWIT FELCRA BERHAD SEBERANG
PERAK,KILANG SAWIT
FELCRA SEBERANG PERAK,MUARA BULIAN MILL,SEBERANG PERAK (FELCRA BERHAD),,,KILANG KELAPA SAWIT
FELCRA,,FELCRA SEBERANG PERAK PALM OIL
MILL,KILANG KELAPA SAWIT FELCRA (FELCRA SEBERANG PERAK),KILANG KELAPA SAWIT FELCRA(FELCRA SEBERANG PERAK),KILANG KELAPA SAWIT FELCRA (FELCRA
SEBERANG PERAK)"
PO1000003757,FELCRA SUNGAI MELIKAI,FELCRA BERHAD,FELDA,FELCRA PROCESSING & ENGINEERING SDN BHD,,,Not RSPO Certified,,2019-10-31,2.38824000000,103.80140000000,MYS,Malaysia,Johor,Mersing,1-Fully Verified,,,"SUNGAI MELIKAI,FELCRA BERHAD (SG MELIKAI),,BFHELDCRA SUNGAI MELIKAI,KILANG SAWIT FELCRA BERHAD
SUNGAI MELIKAI,,,,,KILANG SAWIT FELCRA BERHAD SUNGAI
MELIKAI,KILANG SAWIT FELCRA SUNGAI MELIKAI,,,,,,,,,,KILANG SAWIT FELCRA BERHAD SUNGAI MELIKA,BFHEDLCRA SUNGAI MELIKAI,BFHEDLCRA SUNGAI MELIKAI,BFHEDLCRA SUNGAI MELIKAI,,,K.K.S. SUNGAI MELIKAI,K.K.S. SUNGAI MELIKAI,FKEELLCARPAA B SEARWHAITD S (ISNGD OMRAELIKAI),KILANG SAWIT FELCRA BERHAD SUNGAI MELIKAI,KILANG SAWIT FELCRA BERHAD SUNGAI MELIKAI,KILANG SAWIT FELCRA SUNGAI
MELIKAI,FELCRA SUNGAI MELIKAI -  MILL,FELCRA SUNGAI MELIKAI POM,TANJUNG PAUH/SUNGAI POKAHAN MILL,SG MELIKAI,SUNGAI MELIKAI (FELCRA BERHAD),,,,,,KILANG SAWIT FELCRA SUNGAIMELIKAI,KILANG SAWIT FELCRA BERHADSUNGAI MELIKAI,KILANG SAWIT SUNGAI MELIKAI,KILANG SAWIT FELCRA BERHAD SUNGAIMELIKAI"
PO1000003758,FELCRA PROCESSING & ENGINEERING,FELCRA BERHAD,FELDA,FELCRA PROCESSING & ENGINEERING SDN BHD,,,Not RSPO Certified,,2019-10-31,3.99961000000,101.16703000000,MYS,Malaysia,Perak,Hilir Perak,1-Fully Verified,,,"FELCRA PROCESSING & ENGINEERING SDN BHD,FELCRA PROCESSING,BFHELDCRA PROCESSING & ENGINEERING,,FELCRA PROCESSING & ENGINEERING
SDN BHD,,,FELCRA PROCESSING & ENGINEERING SDN BH,FELCRA PROCESSING &
ENGINEERING SDN BHD,KILANG SURI SANTAN,BFHEDLCRA PROCESSING & ENGINEERING,BFHEDLCRA PROCESSING & ENGINEERING,BFHEDLCRA PROCESSING & ENGINEERING,BFHEDLCRA PROCESSING & ENGINEERING,,,FELCRA PROCESSING & ENGINEERING SDN.,FELCRA PROCESSING & ENGINEERING SDN.,FELCRA BERHAD,FELCRA PROCESSING & ENGINEERING SDN
BHD,FELCRA PROCESSING &
ENGINEERING,FELCRA PROCESSING & ENGINEERING SDN,FELCRA PROCESSING & ENGINEERING SDN. BHD.,FELCRA PROCESSING & ENGINEERING SDN.
BHD.,,,,RA PROCESSING & ENGINEERING SDN,FELCRA BERHAD BIDOR,FELCRA PROCESSING & ENGINEERING SDN.
BHD.,FELCRA PROCESSING &ENGINEERING"
PO1000003759,FELCRA JAYA SAMARAHAN,FELCRA BERHAD,FELDA,FELCRA JAYA SAMARAHAN SDN BHD,,,Not RSPO Certified,,2019-10-31,1.39056000000,110.45546000000,MYS,Malaysia,Sarawak,Samarahan,1-Fully Verified,,,"FELCRA SAMARAHAN JAYA SDN BHD,SAMARAHAN JAYA,SAMARAHAN,,,,,,,,,,,KKS SAMARAHAN (FELCRA JAYA SAMARAHAN),KKS SAMARAHAN (FELCRA JAYA SAMARAHAN),TUNGKAL ULU MILL,,,,JAYA SAMARAHAN,KKS SAMARAHAN (FELCRA JAYA
SAMARAHAN)"
PO1000003760,CHINI 3,FGV HOLDINGS BERHAD,FGV,FGV PALM INDUSTRIES SDN BHD,,,RSPO Certified,"RSPO Certified, MB",2019-10-31,3.36649000000,102.93127000000,MYS,Malaysia,Pahang,Pekan,1-Fully Verified,,,"CHINI 2 POM,CHINI 3 POM,KS CHINI 3,KILANG SAWIT CHINI 3,KILANG KELAPA SAWIT CINI 3,NIRMALA AGRO LESTARI,FGVT-CHINI 3,"
PO1000003761,JERAGAN BISTARI,FGV HOLDINGS BERHAD,FGV,FGV PALM INDUSTRIES SDN BHD,,,Not RSPO Certified,,2019-10-31,5.35105000000,119.14400000000,MYS,Malaysia,Sabah,Kinabatangan,1-Fully Verified,,,"JERAGAN,,,,KILANG SAWIT JERAGAN BISTARI,K.K.S. JERAGAN BISTARI (SAHABAT 1),K.K.S. JERAGAN BISTARI (SAHABAT 1)"
PO1000003766,SAMPADI,FGV HOLDINGS BERHAD,FGV,FGV PALM INDUSTRIES SDN BHD,,,Not RSPO Certified,,2019-10-31,1.61955000000,109.94855000000,MYS,Malaysia,Sarawak,Lundu,1-Fully Verified,,,",,,,,SAMPADI MILL,,,SAMPADI POM,KILANG SAWIT SAMPADI,KILANG SAWIT SAMPADI,KILANG KELAPA SAWIT SAMPADI,KILANG KELAPA SAWIT SAMPADI,,"
PO1000003767,TENGGAROH,FGV HOLDINGS BERHAD,FGV,FGV PALM INDUSTRIES SDN BHD,,,RSPO Certified,"RSPO Certified, MB",2019-10-31,2.05401000000,103.93300000000,MYS,Malaysia,Johor,Mersing,2-High Confidence,,,"KILANG SAWIT TENGGAROH,KS TENGGAROH,,,,,,,,,,KILANG KELAPA SAWIT TENGGAROH,,,,,AWAN TIMUR PALM OIL MILL RESOURCES (JOH,K.K.S. TENGGAROH 4,K.K.S. TENGGAROH 4,"
PO1000003769,TENGGAROH TIMOR,FGV HOLDINGS BERHAD,FGV,FGV PALM INDUSTRIES SDN BHD,,,Not RSPO Certified,,2019-10-31,2.08206000000,104.00722000000,MYS,Malaysia,Johor,Mersing,1-Fully Verified,,,"TENGGAROH TIMUR,,KILANG SAWIT TENGGAROH TIMOR,KILANG SAWIT TENGGAROH TIMUR,KS TENGGAROH TIMUR,,,,,,,,KILANG KELAPA SAWIT TENGGAROH TIMUR,,,,K.K.S. TENGGAROH TIMUR 4,K.K.S. TENGGAROH TIMUR 4"
PO1000003770,FOONG LEE SAWI MINYAK,FOONG LEE SAWI MINYAK SDN BHD,FOONG LEE SAWI MINYAK,FOONG LEE SAWI MINYAK SDN BHD,,,Not RSPO Certified,,2019-10-31,4.92421000000,101.10521000000,MYS,Malaysia,Perak,Kuala Kangsar,1-Fully Verified,,,"FOONG LEE SAWIMINYAK,FOONG LEE SAWIMINYAK SDN BHD,FOONG LEE SAWIMINYAK SDN BHD,FOONG LEE SAWIT MINYAK SDN BHD,,,FOONG LEE SAWIMINYAK SDN. BHD.,FOONG LEE SAWIMINYAK SDN. BHD.,BORNEO AGRO-RESOURCES POM,,,FOONG LEE SAWI MINYAK SDN. BHD."
PO1000003771,LANGKAP,JOHAWAKI PLANTATION SDN BHD,JOHAWAKI PLANTATION,GABUNGAN PERUSAHAAN MINYAK LANGKAP SDN BHD,,,Not RSPO Certified,,2019-10-31,4.05651000000,101.13921000000,MYS,Malaysia,Perak,Hilir Perak,1-Fully Verified,,,"HGDABUNGAN PERUSAHAAN MINYAK LANGKAP SDN,GABUNGAN PERUSAHAAN MINYAK LANGKAP SDN BHD,GABUNGAN PERUSAHAAN MINYAK LANGKAP,ALAPN SGDKNA BPHD,K.K.S GABUNGAN P""HAAN MINYAK
LANGKAP S/B,GABUNGAN PERUSAHAAN MINYAK LANGKAP SDN,,GABUNGAN PERUSAHAAN MINYAK
LANGKAP SDN BHD,,,GABUNGAN PERUSAHAAN MINYAK LANGKAP
SDN BHD,GABUNGAN PERUSAHAAN MINYAK LANGKAP SDN
BHD,,LPA SNGDKNA BPHD,LPA SNGDKNA BPHD,,,KKS GABUNGAN PERUSAHAAN MINYAK LANGKAP SDN. BHD.,KKS GABUNGAN PERUSAHAAN MINYAK LANGKAP SDN. BHD.,,K.K.S GABUNGAN P""HAAN MINYAK LANGKAP S/B,GABUNGAN PERUSAHAAN MINYAK LANGKAP S/B,KKS GABUNGAN PERUSAHAAN MINYAK
LANGKAP SDN. BHD.,K.K.S GABUNGAN P""HAAN
MINYAK LANGKAP S/B,K.K.S GABUNGAN PERUSAHAAN MINYAK LANGKAP S/B,,,GABUNGAN PERUSAHAAN MINYAKLANGKAP SDN BHD,K.K.S GABUNGAN PERUSAHAANMINYAK LANGKAP S/B,K.K.S GABUNGAN PERUSAHAAN MINYAK
LANGKAP S/B,GABUNGAN
PERUSAHAAN
MINYAK LANGKAP"
PO1000003776,GENTING INDAH,GENTING PLANTATIONS,Genting,GENTING SDC SDN BHD,,,Not RSPO Certified,,2019-10-31,5.37520000000,116.93497000000,MYS,Malaysia,Sabah,Tongod,1-Fully Verified,,,"INDAH,INDAH MILL,ASIATIC INDAH,GENTING SDC SDN BHD (INDAH MILL),,,,,,,,,GENTING SDC SDN BHD  (INDAH MILL),,,,,GENTING INDAH POM,GENTING INDAH OIL MILL,GENTING INDAH OIL MILL,,,,,,INDAH OIL MILL,,,"
PO1000003777,GENTING JAMBONGAN,GENTING PLANTATIONS,Genting,GENTING SDC SDN BHD,,,RSPO Certified,"RSPO Certified, MB",2019-10-31,6.65184000000,117.44626000000,MYS,Malaysia,Sabah,Beluran,1-Fully Verified,,,"JAMBONGAN,GENTING SDC SDN BHD (JAMBONGAN,GENTING JAMBONGANG,GENTING SDC SDN BHD (JAMBONGAN MILL),GENTING SDC SDN BHD (JAMBONGAN MILL),,,,,,,GENTING SDC SDN BHD  (JAMBONGAN MILL),,,,GENTING SDC SDN BHD
(JAMBONGAN MILL),GENTING JAMBONGAN OIL MILL,GENTING JAMBONGAN OIL MILL,GENTING SDC SDN BHD (JAMBONGAN
MILL),,,,,,JAMBONGAN OIL MILL,,,GENTING SDC SDN BHD (JAMBONGANMILL)"
PO1000003778,GENTING MEWAH,GENTING PLANTATIONS,Genting,GENTING SDC SDN BHD,,,RSPO Certified,"RSPO Certified, MB",2019-10-31,5.51802000000,117.70880000000,MYS,Malaysia,Sabah,Kinabatangan,1-Fully Verified,,,"MEWAH MILL,,ASIATIC MEWAH,GENTING SDC SDN BHD (MEWAH MILL),,,,,,,MEWAH,,,,,,,,,,,,,,GENTING MEWAH POM,GENTING MEWAH OIL MILL,GENTING MEWAH OIL MILL,KANOWIT POM,,,,,,,"
PO1000003781,GLOBAL ENTERPRISE,GLOBAL ENTERPRISE OIL MILL SDN BHD,GLOBAL ENTERPRISE OIL MILL,GLOBAL ENTERPRISE OIL MILL SDN BHD,,,Not RSPO Certified,,2019-10-31,5.49011000000,117.98856000000,MYS,Malaysia,Sabah,Kinabatangan,1-Fully Verified,,,"GLOBAL ENTERPRISE OIL MILL SDN BHD,,GLOBAL,GLOBAL
ENTERPRISE
OIL MILL,,,,,,,,,,,,,,GLOBAL ENTERPRISE OIL MILL SDN
BHD,GLOBAL ENTERPRISE OIL MILL SDN. BHD.,GLOBAL ENTERPRISE OIL MILL SDN. BHD.,GLOBAL
ENTERPRISE OIL
MILL,GLOBAL ENTERPRISE OIL MILL,TELOK SENGAT POM,,,,,GLOBAL ENTERPRISE PALM OIL MILL,,,GLOBAL ENTERPRISE OIL"
PO1000003782,BELIAN,SINAR MAS,GAR,PARAMITRA INTERNUSA PRATAMA,,,Not RSPO Certified,,2019-10-31,0.48703000000,111.84539000000,IDN,Indonesia,Kalimantan Barat,Kapuas Hulu,1-Fully Verified,,,"PARAMITRA INTERNUSA PRATAMA (BELIAN),BELIAN MILL,,PARAMITRA INTERNUSA PRATAMA - BELIAN,,,,,,,,,,PARAMITRA INTERNUSA PRATAMA,PT PARAMITRA INTERNUSA PRATAMA,PARAMITRA INTERNUSA PRATAMA -
BELIAN,PARAMITRA INTERNUSA PRATAMA (BELIAN MILL),,,,PARAMITRA INTERNUSA PRATAMA (BELIAN
MILL),"
PO1000003783,PERSADA GRAHA MANDIRI,SINAR MAS,Sinar Mas,PERSADA GRAHA MANDIRI,,,Not RSPO Certified,,2019-10-31,0.40072000000,111.73071000000,IDN,Indonesia,Kalimantan Barat,Kapuas Hulu,2-High Confidence,,,"PT PERSADA GRAHA MANDIRI,"
PO1000003784,GOLDEN ELATE,BORNEO PACIFIC (HOLDINGS) SDN BHD,Borneo Pacific,GOLDEN ELATE OIL MILL SDN BHD,,,Not RSPO Certified,,2019-10-31,5.13729000000,118.83798000000,MYS,Malaysia,Sabah,Lahad Datu,1-Fully Verified,,,"GOLDEN ELATE POM,,GOLDEN ELATE
PALM OIL MILL,GOLDEN ELATE SDN BHD,,,,,,,,,,,,,,GOLDEN ELATE OIL PALM MILL,GOLDEN ELATE OIL PALM MILL,GOLDEN ELATE
POM,BUANA SAWIT INDAH,,,,GOLDEN ELATE PALM OIL MILL"
PO1000003785,HAVYS,HAVYS OIL MILL SDN BHD,HAVYS OIL MILL,HAVYS OIL MILL SDN BHD,,,Not RSPO Certified,,2019-10-31,2.89234000000,102.66272000000,MYS,Malaysia,Pahang,Bera,2-High Confidence,,,"HAVYS OIL MILL SDN BHD,,HAVYS OIL MILL SDN.BHD.,HAVYS OIL MILL,,,,,,,,,,,,HAVYS OIL MILL SDN. BHD.,HAVYS OIL MILL SDN. BHD.,,AGRO ARTHA SURYA,,,,HAVYS OIL MILL
SDN.BHD.,,HAVYS 0IL MILL SDN BHD,HAVYS PALM OIL MILL,,"
PO1000003787,KLUANG,HOK HUAT GROUP SDN BHD,HOK HUAT GROUP,HOK HUAT OIL MILL SDN BHD,,,Not RSPO Certified,,2019-10-31,2.05869000000,103.36158000000,MYS,Malaysia,Johor,Keluang,1-Fully Verified,,"Crusher,CPO","KLUANG OIL PALM PROCESSING,KLUANG OIL PALM PROCESSING SDN BHD,,KLUANG OIL PALM
PROCESSINNG S/B,KLUANG OIL
PALM
PROCESSING
SDN BHD,,,,KLUANG OIL PALM PROCESSING SDN
BHD,KLUANG OIL PALM PROCESSINNG S/B,PAMOL KLUANG PALM OIL MILL, P.O. BOX
1, 86007, KLUANG, JOHOR, MALAYSIA,PAMOL KLUANG PALM OIL MILL, P.O. BOX
1, 86007, KLUANG, JOHOR, MALAYSIA,,,,,PAMOL KLUANG PALM OIL MILL, P.O. BOX
1, 86007, KLUANG, JOHOR, MALAYSIA,,,,KLUANG OIL PALM PROCESSING  SDN BHD,KLUANG OIL PALM PROCESSING
SDN BHD,PAMOL KLUANG PALM OIL MILL, P.O. BOX
1, 86007, KLUANG, JOHOR, MALAYSIA,K.K.S. KLUANG O.P. PROCESSING SDN. BHD.,K.K.S. KLUANG O.P. PROCESSING SDN. BHD.,KLUANG OIL PALM PROCESSING SDN. BHD,,,KLUANG OIL PALM,,KLUANG OIL PALM PROCESSING SDN.,KLUANG OIL PALM PROCESSING SDN. BHD.,KLUANG OIL PALM PROCESSINNG
S/B,LUANG OIL PALM PROCESSING SDN BH,KLUANG OIL PALM PROCESSING SDNBHD,KLUANG OIL PALM PROCESSINNGS/B"
PO1000003789,DESA TALISAI,IJM PLANTATIONS BERHAD,IJM,IJM EDIBLE OILS SDN BHD,,,Not RSPO Certified,,2019-10-31,5.70636000000,117.53585000000,MYS,Malaysia,Sabah,Beluran,1-Fully Verified,,,"DESA TALISAI PALM OIL MILL SDN BHD,,DESA TALISAI PALM OIL MILL SN BHD,DESA TALISAI PALM OIL MILL SN BHD,,,,,,,,,,,,,,DESA TALISAI PALM OIL MILL,DESA TALISAI PALM OIL MILL,DESA TALISAI PALM OIL MILL SDN. BHD.,DESA TALISAI PALM OIL MILL SDN. BHD.,,,,,"
PO1000003790,MINAT TEGUH,IJM PLANTATIONS BERHAD,IJM,IJM EDIBLE OILS SDN BHD,,,Not RSPO Certified,,2019-10-31,5.81789000000,117.86939000000,MYS,Malaysia,Sabah,Sandakan,1-Fully Verified,,"Crusher,CPO","AKRAB PERKASA,MINAT TEGUH / AKRAB PERKASA,,AKRAB PERKASA POM,MINAT,MINAT TEGUH PALM OIL MILL,MINAT TEGUH PALM OIL MILL,,,,,,,,,,AKRAB PERKASA SDN BHD,,,,,AKRAB PERKASA SDN. BHD.,AKRAB PERKASA SDN. BHD.,MINAT / AKRAB PERKASA,,,,,"
PO1000003792,SABANG 2,IJM PLANTATIONS BERHAD,IJM,IJM EDIBLE OILS SDN BHD,,,Not RSPO Certified,,2019-10-31,6.35182000000,117.47934000000,MYS,Malaysia,Sabah,Beluran,1-Fully Verified,,,"SABANG MILL SDN BHD (MILL 2),SABANG PALM OIL MILL II,SABANG PALM OIL MILL II,,,,,,,,,,SABANG 2 POM,,,,KKS SABANG II,KKS SABANG II,,SABANG PALM OIL MILL 2,,,ABDI BUDI MULIA 884"
PO1000003793,SERIJAYA INDUSTRI SDN BHD,YAYASAN SABAH GROUP,YAYASAN SABAH GROUP,INNOPRISE PLANTATIONS BERHAD,,,Not RSPO Certified,,2019-10-31,4.795233,117.357100,MYS,Malaysia,Sabah,Tongod,1-Fully Verified,,,"SERIJAYA INDUSTRI,,,,SERIJAYA PALM OIL MILL,SERIJAYA PALM OIL MILL,,,,,,SERIJAYA"
PO1000003795,SEPAGAYA,SAWIT KINABALU SDN BHD,Sawit Kinabalu (SKSB),SAWIT KINABALU SDN BHD,,,Not RSPO Certified,,2019-10-31,5.63388000000,118.12495000000,MYS,Malaysia,Sabah,Sandakan,1-Fully Verified,,,"BORNEO SAMUDERA SDN BHD (SEPAGAYA,BORNEO SAMUDERA SDN BHD (SEPAGAYA MILL),SEPAGAYA PALM OIL MILL,,,,,,,BORNEO SAMUDERA SDN BHD (SEPAGAYA
MILL),GEMILANG SAWIT LESTARI MILL,SEPAGAYA MILL,,,,BORNEO SAMUDERA SDN BHD,KILANG SAWIT SEPAGAYA,,"
PO1000003796,UNICO,IOI CORPORATION,IOI,IOI CORPORATION BERHAD,IOI,,RSPO Certified,"RSPO Certified, MB",2019-10-31,5.15006000000,118.22206000000,MYS,Malaysia,Sabah,Lahad Datu,1-Fully Verified,,,"UNICO MILL,,,,,,,,,,,TAMACO POM 2,UNICO PALM OIL MILL,UNICO OIL MILL SDN. BHD.,UNICO PALM OIL
MILL,DHARMA WUNGU GUNA POM,,,"
PO1000003797,UNICO DESA,IOI CORPORATION,IOI,IOI CORPORATION BERHAD,IOI,,RSPO Certified,"RSPO Certified, MB",2019-10-31,5.41309000000,118.52933000000,MYS,Malaysia,Sabah,Kinabatangan,1-Fully Verified,,,"UNICO-DESA,,,,,,,,,,,,UNICO OIL MILL,UNICO,UNICO‐DESA,KKP POM,UNICO -DESA,,,K.K.S. UNICO DESA,ABDI BUDI MULIA 1272"
PO1000003798,WEALTH HOUSES,JAYA TIASA HOLDINGS BERHAD,Jaya Tiasa Holdings (JTH),JT OIL DEVELOPMENT SDN BHD,,,Not RSPO Certified,,2019-10-31,2.38954000000,111.35225000000,MYS,Malaysia,Sarawak,Daro,2-High Confidence,,,"JT OIL DEVELOPMENT,JT OIL DEVELOPMENT SDN BHD,,,,,,,,,JT OIL PALM DEVELOPMENT SDN. BHD.,JT OIL PALM DEVELOPMENT SDN. BHD.,BUMI DAYA AGROTAMAS,JT OIL DEVELOPMENT SDN BHD (WEALTH HOUSES POM),,,WEALTH HOUSE CPO,,,JT OIL DEVELOPMENT SDN BHD (WEALTH HOUSESPOM)"
PO1000003799,MAUJAYA,JAYA TIASA HOLDINGS BERHAD,Jaya Tiasa Holdings (JTH),MAUJAYA SDN BHD,,,Not RSPO Certified,,2019-10-31,2.43893000000,111.52443000000,MYS,Malaysia,Sarawak,Daro,1-Fully Verified,,,"MAUJAYA SDN BHD,,,,,,MAUJAYA SDN. BHD.,MAUJAYA SDN. BHD.,,,DARO JAYA CPO,,"
PO1000003800,LASSA,JAYA TIASA HOLDINGS BERHAD,Jaya Tiasa Holdings (JTH),MAXIWEALTH HOLDINGS SDN BHD,,,Not RSPO Certified,,2019-10-31,2.51972000000,111.64077000000,MYS,Malaysia,Sarawak,Matu,1-Fully Verified,,,"MAXIWEALTH HOLDINGS (LASSA),MAXIWEALTH HOLDINGS SDN BHD,,MAXIWEALTH HOLDINGS,,,,,MAXIWEALTH HOLDINGS SDN. BHD.,MAXIWEALTH HOLDINGS SDN. BHD.,,,MAXIWEALTH HOLDINGS SDN BHD(LASSA),LASSA CPO,,"
PO1000003801,PALM GROUP,MAFRICA CORPORATION SDN BHD / PALMGROUP HOLDINGS SDN BHD,MAFRICA CORPORATION  / PALMGROUP HOLDINGS,PALMGROUP PALM OIL MILL SDN BHD,,,Not RSPO Certified,,2019-10-31,2.82391000000,112.63452000000,MYS,Malaysia,Sarawak,Selangau,1-Fully Verified,,,"PALM GROUP PALM OIL MILL SDN BHD,,MAFRICA,,,,,,,,MAFRICA PALM OIL MILL,PALMGROUP PALM OIL MILL,PALMGROUP PALM OIL MILL,,,,,PALMGROUP,,"
PO1000003803,TAKON,JC CHANG (PTE) LTD,JC CHANG,SANKINA OIL MILLS SDN BHD,,,Not RSPO Certified,,2019-10-31,5.06444000000,118.81222000000,MYS,Malaysia,Sabah,Lahad Datu,1-Fully Verified,,,"SANKINA,SANKINA OIL MILL SDN BHD,,,,,,,,,,,,,,,SANKINA OIL MILL SDN BHD(TAKON),SANKINA OIL MILL SDN. BHD.,SANKINA OIL MILL SDN. BHD.,TAKON PALM OIL MILL SDN BHD,,,SANKINA OIL MILL SDN BHD (TAKON PALM OIL MILL)"
PO1000003804,JENG HUAT,JENG HUAT (BAHAU) REALTY SDN BHD,JENG HUAT (BAHAU) REALTY,JENG HUAT (BAHAU) REALTY SDN BHD,,,Not RSPO Certified,,2019-10-31,3.10381000000,102.45808000000,MYS,Malaysia,Pahang,Bera,1-Fully Verified,,,"JENG HUAT (BAHAU) REALTY,JENG HUAT (BAHAU) REALTY SDN BHD,,JENG HUAT (BAHAU) REALITY SDN BHD,JENG HUAT (BAHAU) REALTY SDN.BHD.,JENG HUAT(BAHAU) REALTY
SDN BHD,KILANG SAWIT
JENG HUAT
PALM OIL MILL,,,,JENG HUAT(BAHAU) REALTY SDN BHD,,,,,,,,KILANG KELAPA SAWIT JENG HUAT,JENG HUAT (BAHAU) REALTY SDN
BHD,JENG HUAT (BAHAU)REALTY SDN BHD,JENG HUAT REALTY SDN BHD,,JENG HUAT (BAHAU) REALTY SDN. BHD.,JENG HUAT (BAHAU) REALTY SDN. BHD.,,JENG HUAT (BAHAU) REALITY SDN
BHD,,,JENG HUAT (BAHAU)
REALTY SDN.BHD.,,KILANG SAWIT JENG HUAT PALM OIL MILL,,,JENG HUAT (BAHAU),JENG HUAT (BAHAU) REALTYSDN.BHD."
PO1000003805,KAHANG,JENG HUAT (BAHAU) REALTY SDN BHD,JENG HUAT (BAHAU) REALTY,KAHANG PALM OIL MILL SDN BHD,,,Not RSPO Certified,,2019-10-31,2.34228000000,103.43840000000,MYS,Malaysia,Johor,Keluang,1-Fully Verified,,,"LADANG BUKIT CANTEK,KAHANG PALM OIL MILL SDN BHD,,LADANG BUKIT CANTIK,KAHANG PALM OIL MILL,LADANG BUKI CANTEK,KAHANG PALM
OIL MILL,,,,,,,,,,,,,,,,KAHANG PALM OIL MILL SDN. BHD.,KAHANG PALM OIL MILL SDN. BHD.,KAHANG PALM OIL - MILL,KAHANG PALM OIL MILL
SDN BHD,ROHUL SAWIT INDUSTRI POM/SUKA DAMAI,,,KAHANG POM,,,"
PO1000003806,ASIAN PLANTATIONS MILLING,FGV HOLDINGS BERHAD,FGV,ASIAN PLANTATIONS MILLING SDN BHD,,,Not RSPO Certified,,2019-10-31,3.58705000000,114.22587000000,MYS,Malaysia,Sarawak,Marudi,1-Fully Verified,,,"ASIAN PLANTATIONS,ASIAN PLANTATIONS MILLING SDN BHD,,,,ASIAN PLANTATION MILLING,,,,,,,ASIAN PLANTATION,ASIAN PLANTATIONS MILLING SDN. BHD.,ASIAN PLANTATIONS MILLING SDN. BHD.,AGRO WIJAYA INDUSTRI,,,,,ASIAN PLANTATIONSING"
PO1000003809,PALOH 3,KESEDAR,KESEDAR,KESEDAR PERKILANGAN SDN BHD,,,Not RSPO Certified,,2019-10-31,4.99986000000,102.27477000000,MYS,Malaysia,Kelantan,Gua Musang,1-Fully Verified,,,"KESEDAR,KESEDAR PERKILANGAN SDN BHD,KESEDAR PERKILANGAN SDN BHD (PALOH 3),KILANG KELAPA SAWIT PALOH 3,,,,PALOH3,,,KILANG SAWIT KPSB PALOH 3,,,KILANG KELAPA SAWIT
PALOH 3,,KESEDAR PERKILANGAN SDN BHD (PAL0H 3),KESEDAR PERKILANGAN SDN BHD (KILANG SAWIT PALOH 3),PALOH 3 PALM OIL MILL,KKS PALOH 3,,,KESEDAR PERKILANGAN SDN BHD(PALOH 3)"
PO1000003811,CORONATION,KIAN HOE PLANTATIONS BHD,KIAN HOE PLANTATIONS,KIAN HOE PLANTATIONS BHD,,,Not RSPO Certified,,2019-10-31,2.02278000000,103.26719000000,MYS,Malaysia,Johor,Keluang,1-Fully Verified,,,"CORONATION PALM OIL MILL,,KIAN HOE PLANTATIONS BHD,KIAN HOE PLANTATION BHD,CORONATION
PALM OIL MILL,,,,,,,,,,,,,,,,K.K.S. CORONATION,K.K.S. CORONATION,CORONATION PALM OIL- MILL,KIAN HOE - CORONATION PALM OIL MILL,CORONATION PALM OIL,,,CORONATION POM,,,"
PO1000003812,BUKIT PASIR,HOK HUAT GROUP SDN BHD,HOK HUAT GROUP,HOK HUAT OIL MILL SDN BHD,,,Not RSPO Certified,,2019-10-31,2.08513000000,102.69762000000,MYS,Malaysia,Johor,Muar,1-Fully Verified,,,"KILANG KELAPA SAWIT BUKIT PASIR,,HOCK HUAT GROUP,KILANG KELAPA SAWIT BUKIT PASIR SDN BHD,KILANG KELAPA SAWIT BUKIT PASIR
SDN.BHD,KILANG KELAPA SAWIT BUKIT
PASIR,KILANG KELAPA
SAWIT BUKIT
PASIR SDN BHD,,,,KILANG KELAPA SAWIT BUKIT PASIR SDN
BHD,KILANG KELAPA SAWIT BUKIT PASIR SDN
BHD,KILANG KELAPA SAWIT BUKIT PASIR SDN
BHD (25939-K),,,,,,,,KILANG KELAPA SAWIT BUKIT PASIR
SDN BHD,HOK HUAT OIL MILL SDN BHD,K.K.S. BUKIT PASIR SDN. BHD.,K.K.S. BUKIT PASIR SDN. BHD.,BUKIT PASIR SDN BHD,BUKIT PASIR SDN BHD,BUKIT PASIR POM,,,,,KILANG KELAPA SAWIT BUKIT PASIR SDN. BHD.,KILANG KELAPA SAWIT BUKIT PASIRSDN BHD"
PO1000003813,FORTUNA,FORTUNA GROUP,FORTUNA GROUP,KILANG KELAPA SAWIT FORTUNA SDN BHD,,,Not RSPO Certified,,2019-10-31,6.04750000000,117.21972000000,MYS,Malaysia,Sabah,Beluran,1-Fully Verified,,,"KILANG KELAPA SAWIT FORTUNA,,,,,,,,,,,,,,FORTUNA PALM OIL MILL,KILANG KELAPA SAWIT FORTUNA SDN. BHD.,KILANG KELAPA SAWIT FORTUNA SDN. BHD.,KIAN HOE,,,,,,SAWIT FORTUNA,KILANG KELAPA SAWIT FORTUNA SDN
BHD,KILANG KELAPA SAWIT FORTUNA SDN BHD"
PO1000003814,KILANG KELAPA SAWIT LADANG SIANG,PH PALM EXPRESS CORPORATION,PH PALM EXPRESS CORPORATION,PH PALM EXPRESS SDN BHD,,,Not RSPO Certified,,2019-10-31,1.63361000000,104.21889000000,MYS,Malaysia,Johor,Kota Tinggi,1-Fully Verified,,,"LADANG SIANG,PH PALM EXPRESS SDN BHD,,KILANG KELAPA SAWIT LADANG SIANG,PH FRUIT EXPRESS - LADANG SIANG,,,,,KILANG KELAPA SAWIT LADANG
SIANG,SIANG,SIANG,SIANG,KILANG KELAPA SAWIT SIANG,KILANG KELAPA SAWIT
LADANG SIANG,NUNUKAN SAWIT MAS MILL,KILANG KELAPA SAWIT LADANGSIANG,,ABDI BUDI MULIA 793,LADANG SIANG POM"
PO1000003815,LEKIR,JOHAWAKI PLANTATION SDN BHD,JOHAWAKI PLANTATION,KILANG KELAPA SAWIT LEKIR SDN BHD,,,Not RSPO Certified,,2019-10-31,4.15120000000,100.78119000000,MYS,Malaysia,Perak,Perak Tengah,1-Fully Verified,,,"KILANG KELAPA SAWIT LEKIR SDN BHD,KILANG KELAPA SAWIT LEKIR SDN BHD,KILANG KELAPA SAWIT LEKIR,KILANG KELAPA
SAWIT LEKIR SDN.
BHD,,,ASTANA ENDAH SDN BHD,,KILANG KELAPA SAWIT LEKIR SDN
BHD,KKS LEKIR,,,,,LEKIR SDN BHD,KILANG KELAPA SAWIT LEKIR SDN. BHD,,KILANG KELAPA SAWIT
LEKIR,,LEKIR PALM OIL MILL,KILANG KELAPA SAWIT LEKIR SDNBHD,KILANG KELAPA
SAWIT LEKIR SDN
BHD"
PO1000003816,SELAMA,FELCRA BERHAD,FELDA,FELCRA BERHAD,,,Not RSPO Certified,,2019-10-31,5.17829000000,100.71667000000,MYS,Malaysia,Perak,Kampar,1-Fully Verified,,,"KILANG KELAPA SAWIT SELAMA,,,SELAMA OIL MILL SDN. BHD.,SELAMA OIL MILL SDN BHD,,,,,SELAMA OIL,SELAMA OIL MILL
SDN BHD"
PO1000003817,KAMUNTING,NGAN & NGAN HOLDINGS SDN BHD,NGAN & NGAN HOLDINGS,KILANG MINYAK SAWIT KAMUNTING SDN BHD,,,Not RSPO Certified,,2019-10-31,4.92271000000,100.71973000000,MYS,Malaysia,Perak,Larut and Matang,1-Fully Verified,,,"KILANG MINYAK SAWIT KAMUNTING SDN BHD,KILANG MINYAK SAWIT KAMUNTING SDN BHD,KILANG MINYAK SAWIT KAMUNTING,KHADMUNTING,KILANG MINYAK SAWIT KAMUNTING
SDN BHD,KILANG MINYAK SAWIT KAMUNTING
SDN BHD,KILANG MINYAK SAWIT KAMUNTING SDN
BHD,KILANG MINYAK SAWIT KAMUNTING SDN
BHD,,HKDAMUNTING,,,KILANG MINYAK SAWIT KAMUNTING SDN.,KILANG MINYAK SAWIT KAMUNTING SDN.,,KAMUNTING SDN BHD,KILANG MINYAK SAWIT KAMUNTING SDN BH,KILANG MINYAK SAWIT KAMUNTING SDN. BHD.,KILANG MINYAK SAWIT KAMUNTING SDN.
BHD.,,KILANG MINYAK SAWIT
KAMUNTING SDN BHD,,KILANG MINYAK SAWIT KAIRIUNTING  SDN BHD,,,KILANG MINYAK SAWIT KAMUNTING SDN.
BHD.,KILANG MINYAK SAWIT KAMUNTINGSDN BHD,KILANG MINYAK
SAWIT KAMUNTING
SDN BHD"
PO1000003818,TG TUALANG,KILANG MINYAK SAWIT TG TUALANG (1997) SDN BHD,KILANG MINYAK SAWIT TG TUALANG (1997),KILANG MINYAK SAWIT TG TUALANG (1997) SDN BHD,,,Not RSPO Certified,,2019-10-31,4.30521000000,101.03902000000,MYS,Malaysia,Perak,Kinta,1-Fully Verified,,,"TANJUNG TUALANG,KILANG MINYAK SAWIT TANJUNG TUALANG (1997),KILANG MINYAK SAWIT TANJUNG TUALANG (1997) SDN BHD,)T SGD TNU BAHLADNG,KILANG MINYAK SAWIT TANJUNG TUALANG (1997)SDN BHD,,KILANG MINYAK SAWIT TANJUNG
TUALANG (1997) SDN BHD,,,KILANG MINYAK SAWIT TANJUNG TUALANG
(1997) SDN BHD,TG. TUALANG,,T) GS DTNU ABLHADNG,,,KILANG MINYAK SAWIT TG. TUALANG,KILANG MINYAK SAWIT TG. TUALANG,,KILANG MINYAK SAWIT TANJUNG TUALANG (1997) SDNBHD,K.K.S. TANJUNG TUALANG (1997) SDN.
BHD.,K.K.S. TANJUNG TUALANG (1997) SDN. BHD.,KILANG MINYAK SAWIT TG. TUALANG (1997) SDN BHD,TANGJUNG TUALANG (1997) SDN BHD (KILANG MINYAK S,TANGJUNG TUALANG (1997) SDN BHD (KILANG MINYAK SAWIT ),TANGJUNG TUALANG (1997) SDN BHD (KILAN,TANJUNG TUALANG (1997) SDN BHD,KILANG MINYAK SAWIT TG. TUALANG
(1997) SDN. BHD.,KILANG MINYAK SAWIT TG. TUALANG
(1997) SDN. BHD.,,K.K.S. TANJUNG TUALANG
(1997) SDN. BHD.,KILANG MINYAK SAWIT TG. TUALANG (1997) SDN. BHD.,KILANG MINYAK SAWIT TG. TUALANG (1997) SDN. BHD.,,KILANG MINYAK SAWIT TG.TUALANG(1997) S/B,,,KILANG MINYAK SAWIT TG. TUALANG
(1997) SDN. BHD.,K.K.S. TANJUNG TUALANG (1997)SDN. BHD.,KILANG MINYAK
SAWIT TG
TUALANG"
PO1000003819,KILANG SAWIT BELL,BELL GROUP,BELL GROUP,KILANG SAWIT BELL SDN BHD,,,Not RSPO Certified,,2019-10-31,5.20470000000,118.07710000000,MYS,Malaysia,Sabah,Kinabatangan,1-Fully Verified,,,"KILANG SAWIT BELL SDN BHD,,KILANG SAWIT
BELL,,,,,,,,,,,,,,KILANG SAWIT BELL SDN. BHD.,KILANG SAWIT BELL SDN. BHD.,,,,,,BELL"
PO1000003820,LEMBING,YUWANG GROUP,Yuwang,KILANG SAWIT LEMBING SDN BHD,,,Not RSPO Certified,,2019-10-31,3.89270000000,103.09959000000,MYS,Malaysia,Pahang,Kuantan,1-Fully Verified,,,"KILANG SAWIT LEMBING SDN BHD,,KILANG SAWIT LEMBING SN BH,,,,KILANG SAWIT LEMBING SN BHD,,,,,,,,KILANG SAWIT LEMBING,KKS LEMBING SDN BHD,KKS LEMBING SDN. BHD.,KKS LEMBING SDN. BHD.,LEMBING SN BHD,LEMBING SDN BHD,KILANG SAWIT LEMBING SDN. BHD.,,,LEMBING POM,,KILANG KELAPA SAWIT LEMBING"
PO1000003821,MUAR,KILANG SAWIT MUAR BHD,KILANG SAWIT MUAR,KILANG SAWIT MUAR BHD,,,Not RSPO Certified,,2019-10-31,2.00942000000,102.67990000000,MYS,Malaysia,Johor,Muar,1-Fully Verified,,,"KILANG SAWIT MUAR,KILANG SAWIT MUAR BHD,,KILANG SAWIT MUAR SDN BHD,KILANG SAWIT MUAR BERHAD,KILANG SAWIT
MUAR,,,,,,,,,,,,,,,,KILANG SAWIT MUAR BHD.,KILANG SAWIT MUAR BHD.,KILANG SAWIT MUAR - MILL,KERATONG POM,MUAR SDN BHD,,,,MUAR PALM OIL MILL,KILANG SAWTT MUAR,MUAR POM"
PO1000003822,PANJI ALAM,KETENGAH HOLDINGS SDN BHD,KETENGAH HOLDINGS,KILANG SAWIT PANJI ALAM SDN BHD,,,Not RSPO Certified,,2019-10-31,4.37444000000,103.34917000000,MYS,Malaysia,Trengganu,Kemaman,1-Fully Verified,,,"KILANG SAWIT PANJI ALAM SDN BHD,,KETENGAH HOLDINGS SDN BHD,K.S. PANJI ALAM,,,,,,,,,,,KILANG SAWIT PANJI ALAM,K.K.S. PANJI ALAM SDN. BHD.,K.K.S. PANJI ALAM SDN. BHD.,KILANG SAWIT PANJI ALAM SDN.BHD.,K.S.MUAR,KILANG SAWIT PANJI ALAM SDN. BHD,SILINDA,PANJI ALAM SDN BHD,,KILANG SAWIT PANJI ALAM SDN BHD*,,,PANJI ALAM PALM OIL MILL,KILANG SAWIT PANJI ALAM SDN.BHD.,PANJI ALAM POM"
PO1000003823,UNITED BELL,BELL GROUP,BELL GROUP,KILANG SAWIT UNITED BELL SDN BHD,,,Not RSPO Certified,,2019-10-31,1.56545000000,103.46798000000,MYS,Malaysia,Johor,Pontian,1-Fully Verified,,,"UNITED BELL,KILANG SAWIT UNITED BELL SDN BHD,,KILANG KELAPA SAWIT UNITED
BELL,,,,KILANG KELAPA SAWIT UNITED BELL,,,,,,,,KILANG SAWIT UNITED BELL SDN
BHD,UHNDITED BELLL,UNITED BELLL,UNITED BELLL,UNITED BELLL,UNITED BELLL,UNITED BELLL,UNITED BELLL,UNITED BELLL,UNITED BELLL,UNITED BELLL,UNITED BELLL,UNITED BELLL,UNITED BELLL,UNITED BELLL,UNITED BELLL,KUTAI BALIAN NAULI POM,UNITED BELL SDN BHD,KILANG SAWIT UNITED BELL SDN. BHD.,,,,,KILANG SAWIT UNITED BELL,,,UNITED BELL POM"
PO1000003824,DESA KIM LOONG,KIM LOONG RESOURCES BERHAD,Kim Loong Resources,DESA KIM LOONG PALM OIL SDN BHD,,,Not RSPO Certified,,2019-10-31,5.12993000000,116.26556000000,MYS,Malaysia,Sabah,Keningau,1-Fully Verified,,,"DESA,DESA KIM LOONG PALM OIL SDN BHD,,,,,,,,,DESA KIM LONG PALM,,DESA KIM LOONG POM S/B,,,,,DESA KIM LOONG PALM OIL SDN
BHD,DESA KIM LOONG POM,KIM LOONG SABAH MILLS SDN BHD,KILANG KELAPA SAWIT DESA KIM LOONG,KILANG KELAPA SAWIT DESA KIM LOONG,DESA KIM LOONGS,CIPTA CHEMICAL MEDAN OIL,,,,,,,,DESA KIM LOONG PALM OIL MILL,,,DESA KIM LOONG PALM OIL SDNBHD"
PO1000003825,KOTA TINGGI,KIM LOONG RESOURCES BERHAD,Kim Loong Resources,KIM LOONG PALM OIL MILLS SDN BHD,,,Not RSPO Certified,,2019-10-31,1.80803000000,103.96197000000,MYS,Malaysia,Johor,Kota Tinggi,1-Fully Verified,,,"KIM LOONG PALM OIL MILLS,KIM LOONG PALM OIL MILLS SDN BHD,,KIM LOONGS,KIM LOONG,KIM LOONG PALM OIL MILLS SDN BHD(KOTA,K.K.S. TAI TAK,K.K.S. TAI TAK,KIM LOONG PALM OIL MILL,,,,,,,,,,,KIM LOONG PALM OIL MILLS SDN
BHD,EPA MANAGEMENT SDN BHD,DESA KIM LOONG PALM OIL MILL SDN BHD,KIM LOONG PALM OIL MILLS SDN BHD(KOTA
TINGGI),,,KIM LOONG PALM OILS MILLS SDN. BHD.,KIM LOONG PALM OIL MILLS SDN BHD(KOTA TINGGI),KIM LOONG PALM OIL SDN BHD,KIM LOONG PALM OIL SDN BHD,KIM LOONG -MILL,KIM LOONG PALM OILL MILL SDN BHD,KIM LOONG PALM OIL MILL SDN BHD,KIM LOONG PALM OIL MILLS SDN. BHD.,,,KIM LOONG PALM OIL MILLS SDN BHD (KOTA TINGGI),KIM LOONG PALM OILS MILL SDN BHD"
PO1000003826,TELUPID,KIM LOONG RESOURCES BERHAD,Kim Loong Resources,KIM LOONG SABAH MILLS SDN BHD,,,Not RSPO Certified,,2019-10-31,5.46728000000,116.98956000000,MYS,Malaysia,Sabah,Tongod,1-Fully Verified,,,"KIM LOONG SABAH,KIM LOONG TELUPID,KIM LOONG SABAH (TELUPID),KIM LOONG SABAH MILL SDN BHD (TELUPID),KIM LOONG SABAH MILL SDN BHD,,,,,,,,,,,,,KIM,KIM LOONG SABAH MILLS SDN. BHD.,KIM LOONG SABAH MILLS SDN. BHD.,KIM LOONG
SABAH MILL,KIM LOONG SABAH MILL,NUSANTARA SAWIT PERSADA POM,,,,,KIM LOONG SABAH PALM OIL MILL"
PO1000003827,PINANGAH,N.Y. HIEW (HOLDINGS) SDN BHD,N.Y. HIEW (HOLDINGS),KILANG KELAPA SAWIT PINANGAH SDN BHD,,,RSPO Certified,"RSPO Certified, MB",2019-10-31,4.49102000000,118.43770000000,MYS,Malaysia,Sabah,Semporna,1-Fully Verified,,,"PINANGAH SDN BHD,KILANG KELAPA SAWIT PINANGAH SDN BHD,,,,,,,,,,PINANG POM,K.K.S. PINANGAH,K.K.S. PINANGAH,N.Y. HIEW (HOLDINGS) SDN. BHD. PINANGAH PALM OIL MILL,,,,,KILANG KELAPA SAWIT PINANGAH SDN,,"
PO1000003828,ABEDOM POM,KRETAM HOLDINGS BERHAD,Kretam Holdings (KHB),ABEDON OIL MILL SDN. BHD.,,,RSPO Certified,"RSPO Certified, MB",2019-10-31,5.31178000000,117.97392000000,MYS,Malaysia,Sabah,Kinabatangan,1-Fully Verified,,,"ABEDON,ABEDON OIL MILL,,ABEDON MILL,ABEDON OIL
MILL SDN.
BHD,,,,,,,,,,,K.K.S.ABEDON,,ABEDON PALM OIL MILL,,,,,,ABEDON POM,,,K.K.S. ABEDON,K.K.S. ABEDON,ABEDON OIL MILL SDN. BHD.,ABEDON OIL
MILL SDN BHD,,,,,,,,,ABEDON OIL"
PO1000003830,PALOH KKS,KUALA LUMPUR KEPONG (KLK),KUALA LUMPUR KEPONG (KLK),KUALA LUMPUR KEPONG BERHAD,,,Not RSPO Certified,,2019-10-31,2.21125000000,103.21312000000,MYS,Malaysia,Johor,Keluang,1-Fully Verified,,,"LADANG PALOH,KILANG SAWIT PALOH,,PALOH PALM OIL MILL,PALOH,KUALA LUMPUR KEPONG BHD (PALOH POM),KILANG KELAPA SAWIT PALOH,PALOH POM,,KUALA LUMPUR KEPONG BHD (PALOH
POM),KUALA LUMPUR KEPONG BERHAD (PALOH),,,,KUALA LUMPUR KEPONG BHD
(PALOH POM),KLK PALOH PALM OIL MILL,,,MSHK ENGINEERING SDN BHD(K.K.SAWIT PALOH),MSHK ENGINEERING SDN BHD(K.K.SAWIT PALOH),MSHK ENGINEERING SDN BHD(K.K.SAWIT PALOH),,,"
PO1000003831,KUANTAN TRADING,KUANTAN TRADING OIL MILL SDN BHD,KUANTAN TRADING OIL MILL,KUANTAN TRADING OIL MILL SDN BHD,,,Not RSPO Certified,,2019-10-31,2.72953000000,102.94003000000,MYS,Malaysia,Pahang,Rompin,1-Fully Verified,,,"KUANTAN TRADING (KERATONG),KUANTAN TRADING OIL MILL,,KUANTAN TRADING OIL MILL SDN BHD,KUANTAN TRADING OIL MILL SDN BHD,KUANTAN TRADING PALM OIL SDN BHD,KUANTAN TRADING OIL,KUANTAN
TRADING OIL
MILL SDN BHD,,,,,,,,,,,,,,KUANTAN TRADING OILL MILL SDN BHD,KUANTAN TRADING OIL MILL SDN
BHD,KERATONG,,,KUANTAN TRADING PALM OIL MILL SDN.,KUANTAN TRADING PALM OIL MILL SDN.,KUANTAN TRADING PALM OIL SDN
BHD,SENTOSA BUMI WIJAYA MILL,KUANTAN TRADING PALM OIL MILL SDN.
BHD.,KUANTAN TRADING PALM OIL MILL SDN.
BHD.,KUANTAN TRADING OIL MILL SDN. BHD.,,,KUANTAN TRADING PALM OIL MILL SDN. BHD.,KUANTAN TRADING PALM OIL MILL SDN. BHD.,,KUANTAN TRADING 0IL MILL SDN BHD,KUANTAN TRADING PALM OIL MILL,KUANTAN TRADING OIL/KERATONG,KUANTAN TRADING
OIL MILL SDN BHD"
PO1000003833,LADANG RAKYAT,LADANG RAKYAT TERENGGANU SDN BHD,Ladang Rakyat Trengganu,LADANG RAKYAT TERENGGANU SDN BHD,,,Not RSPO Certified,,2019-10-31,4.14074000000,103.21899000000,MYS,Malaysia,Trengganu,Kemaman,1-Fully Verified,,,"BUKIT BANDI,,LADANG RAKYAT TERENGGANU SDN BHD,LADANG RAKYAT TERENGGANU SDN BHD,KILANG SAWIT BUKIT BANDI,,,,LADANG RAKYAT TRENGGANU SDN BHD,,,,,,,,,,LADANG RAKYAT TRENGGANU SDN
BHD,LANDING RAKYAT,LADANG RAKYAT TERENGGANU,TRADEWINDS-ULU SEBOL,,,,LADANG RAKYAT TERENGGANU SDN BHD (KS BUKIT BANDI),KILANG SAWIT
LADANG RAKYAT TERENGGANU"
PO1000003834,TAI TAK,LADANG TAI TAK (KOTA TINGGI) SDN BHD,LADANG TAI TAK (KOTA TINGGI),LADANG TAI TAK (KOTA TINGGI) SDN BHD,,,Not RSPO Certified,,2019-10-31,1.69389000000,103.85861000000,MYS,Malaysia,Johor,Kota Tinggi,1-Fully Verified,,,"LADANG TAI TAK (KOTA TINGGI) SDN BHD,,LADANG TAI TAK SDN BHD,,,,KOTA TINGGI,,,,,,,,TAI TAK PALM OIL MILL,KKS TAI TAK,LADANG TAI TAK (KOTA TINGGI) SDN
BHD,LADANG TAI TAK SDN. BHD.,LADANG TAI TAK ( KOTA TINGGI SDN BHD ),TAI TAK SDN BHD,,LADANG TAI TAK"
PO1000003835,LAM SOON,LAM SOON (M) BERHAD,LAM SOON (M),LAM SOON PLANTATIONS SDN BHD,,,RSPO Certified,"RSPO Certified, IP",2019-10-31,5.25483000000,118.17517000000,MYS,Malaysia,Sabah,Kinabatangan,1-Fully Verified,,,"LAM SOON PLANTATION,LAM SOON PLANTATION SDN BHD,,LAM SOON
PALM OIL MILL,,,,,,,LAM SOON PALM OIL MILL,,,,,LAM SOON POM,LAM SOON PALM
OIL MILLS,LAM SOON PALM OIL MILLS,SONDAI MUARA,LAM SOON PLANTATIONS,,"
PO1000003836,LENGA,LENGA PALMOIL INDUSTRIES SDN BHD,LENGA PALMOIL INDUSTRIES,LENGA PALMOIL INDUSTRIES SDN BHD,,,Not RSPO Certified,,2019-10-31,2.22636000000,102.56933000000,MYS,Malaysia,Johor,Ledang,1-Fully Verified,,,"LENGA PALM OIL INDUSTRIES SDN BHD,,LENGA PALM OIL INDUSTRIES SDN.BHD,LENGA PALM OIL MILL,LENGA PALMOIL,,,,,,,,,,,,,,LENGA KKS,LENGA PALMOIL INDUSTRIES SDN BHD,LENGA PALM OIL INDUSTRIES SDN
BHD,LENGA PALM OIL MILL SDN BHD,,,LENGA PALMOIL MILL,LENGA PALMOIL MILL,LENGA PALM OIL INDUSTRIES SDN. BHD,LENGA PALM OIL INDUSTRIES,,,,,LENGA PALM OIL,,"
PO1000003838,LADANG MILL,LFK GROUP,LFK GROUP,LADANG MILLS SDN BHD,,,Not RSPO Certified,,2019-10-31,5.61828000000,117.64528000000,MYS,Malaysia,Sabah,Kinabatangan,1-Fully Verified,,,"LADANG MILL SDN BHD,,LADANG,,,,,,,,,,,,,,K.K.S. LADANG MILLS,K.K.S. LADANG MILLS,,,,,,LADANG MILLS SDN BHD,,,LADANGS SDN BHD"
PO1000003839,LIZIZ,LIZIZ PLANTATION SDN BHD,LIZIZ PLANTATION,LIZIZ PLANTATION SDN BHD,,,Not RSPO Certified,,2019-10-31,4.87182000000,101.80558000000,MYS,Malaysia,Kelantan,Gua Musang,1-Fully Verified,,,"KILANG KELAPA SAWIT LIZIZ,KILANG SWIT LIZIZ,KILANG SAWIT LIZIZ,KILANG LIZIZ,,,,,LIQUID PALM MILLER (KILANG SAWIT LIZIZ),LIZIZ PLANTATION,,IKHASAS SDN BHD,BENGALON,LIQUID PALM MILLER SDN BHD,IKHASAS GROUP,,,,LIQUID PALM MILLER SDN BHD (KKS LIZIZ),LIZIZ PALM OIL MILL"
PO1000003840,LCSB LEPAR,LKPP CORPORATION SDN BHD,LKPP Corporation,LKPP CORPORATION SDN BHD,,,Not RSPO Certified,,2019-10-31,3.59264000000,103.08300000000,MYS,Malaysia,Pahang,Pekan,2-High Confidence,,,"LEPAR,LEPAR LCSB POM,,LKPP CORPORATION SDN BHD (LCSB),LKPP CORPORATION SDN BHD,KILANG SAWIT LCSB, LEPAR,ULU LEPAR,K.S. LKPP CORPORATION SDN. BHD.,K.S. LKPP CORPORATION SDN. BHD.,,,,,,,KILANG SAWIT LCSB, LEPAR,,,,,KILANG SAWIT LCSB LEPAR,LKPP CORPORATION,KKS LEPAR,KILANG SAWIT LCSB, LEPAR,KILANG SAWIT LCSB, LEPAR,KILANG SAWIT LCSB, LEPAR,,,KILANG SAWIT LCSB, LEPAR,KILANG SAWIT LCSB, LEPAR,KILANG SAWIT LCSB, LEPAR,KILANG SAWIT LCSB, LEPAR,KILANG SAWIT LCSB, LEPAR,KILANG SAWIT LCSB, LEPAR,,,LKPP (KILANG SAWIT LCSB LEPAR),,LKPP COPORATION SDN BHD"
PO1000003841,SUKAU,MALBUMI GROUP,MALBUMI GROUP,SUKAU PALM OIL MILL SDN BHD,,,Not RSPO Certified,,2019-10-31,5.56841000000,118.20566000000,MYS,Malaysia,Sabah,Sandakan,1-Fully Verified,,,"SUKAU POM (MALBUMI),,,,,,,,,,,,SUKAU PALM OIL MILL,,,,,,,SUKAU PALM OIL MILL SDN. BHD.,SUKAU PALM OIL MILL SDN. BHD.,BRAHMA BINABAKTI MILL,,,,,,SUKAU P0M (MALBUMI),,"
PO1000003842,MALMAJU BINA,MALMAJU BINA SDN BHD,MALMAJU BINA,MALMAJU BINA SDN BHD,,,Not RSPO Certified,,2019-10-31,5.17480000000,100.67410000000,MYS,Malaysia,Perak,Kampar,1-Fully Verified,,,"MALMAJU BINA SDN BHD,MALMAJU BINA SDN BHD,,,MALMAJU BINA SDN. BHD.,MALMAJU BINA SDN. BHD.,EPA - PASIR PANJANG,MALMAJU BINA SDN.BHD.,,,MALMAJU BINS SDN BHD,,"
PO1000003843,MALPOM INDUSTRIES,MALPOM INDUSTRIES BHD,MALPOM INDUSTRIES,MALPOM INDUSTRIES BHD,,,Not RSPO Certified,,2019-10-31,5.20778000000,100.48389000000,MYS,Malaysia,Pulau Pinang,Seberang Perai Selatan,1-Fully Verified,,,"MALPOM INDUSTRIES BHD,MALPOM INDUSTRIES BHD,MALPOM,MALPOM INDUSTRIES BERHAD,KKS MALPOM INDUSTRIES BHD.,KKS MALPOM INDUSTRIES BHD.,SINTONG ABADI MILL,,,,,,MALPOM
INDUSTRIES"
PO1000003844,MALSA,MALSA CORPORATION SDN BHD,MALSA CORPORATION,MALSA CORPORATION SDN BHD,,,Not RSPO Certified,,2019-10-31,5.78193000000,117.65721000000,MYS,Malaysia,Sabah,Beluran,1-Fully Verified,,,"MALSA CORPORATION,MALSA CORPORATION SDN BHD,,,,,,,,,,,,,,,K.K.S. MALSA CORPORATION,K.K.S. MALSA CORPORATION,,,,,,,,MALSA CORPORATION PALM OIL MILL,,"
PO1000003845,AUMKAR,MANILAL & SONS (MALAYA) SDN BHD,Aumkar Plantations,AUMKAR PLANTATIONS SDN BHD,,,Not RSPO Certified,,2019-10-31,4.74744000000,117.86882000000,MYS,Malaysia,Sabah,Lahad Datu,1-Fully Verified,,"Crusher,CPO","AUMKAR OIL MILL,,,,,,,,,AUMKAR PLANTATIONS SDN BHD,AUMKAR PALM OIL MILL,,,,,MANILAL & SONS (MALAYA) SDN BHD,MANILAL & SONS (MALAYA) SDN BHD,AUMKAR PALM
OIL MILL,AGUNG AGRO LESTARI,,,,,,,,AUMKAR POM,AUMKAR OIL"
PO1000003846,NAM BEE,MELAKA TONG BEE SDN BHD,MELAKA TONG BEE,NAM BEE COMPANY SDN BHD,,,Not RSPO Certified,,2019-10-31,2.49667000000,102.49058000000,MYS,Malaysia,Negeri Sembilan,Tampin,1-Fully Verified,,"Crusher,CPO","KKS NAM BEE,,MELAKA TONG BEE SDN BHD,MELAKA TONG BEE SDN BHD,NAM BEE COMPANY SDN BHD,KILANG KELAPA SAWIT NAM BEE,NAM BEE SDN BHD,,,,,,,,,,,AIR KUNING  SELATAN,,,,K.K.S. NAM BEE,K.K.S. NAM BEE,,NAMBEE COMPANY SDN BHD,NAM BEE PALM OIL MILL,NAM BEE COMPANY SENDIRIAN
BERHAD,,,,,"
PO1000003849,MINSAWI,MINSAWI INDUSTRIES (KUALA KANGSAR) SDN BHD,MINSAWI INDUSTRIES (KUALA KANGSAR),MINSAWI INDUSTRIES (KUALA KANGSAR) SDN BHD,,,Not RSPO Certified,,2019-10-31,4.90360000000,100.90698000000,MYS,Malaysia,Perak,Kuala Kangsar,1-Fully Verified,,,"MINSAWI INDUSTRIES (KUALA KANGSAR) SDN BHD,KUALA KANGSAR,MINSAWI INDUSTRIES (KUALA KANGSAR),DMNI NBSHADWI,,MINSAWI INDUSTRIES (KUALA KANGSAR)
SDN BHD,,,MINSAWI INDUSTRIES (KUALA
KANGSAR) SDN BHD,MINSAWI INDUSTRIES (KUALA KANGSAR) SDN B,MN IBNSHADWI,,,MINSAWI INDUSTRIES (K. KANGSAR) SDN.,MINSAWI INDUSTRIES (KUALA KANGSAR) SD,MINSAWI INDUSTRIES (K. KANGSAR) SDN.
BHD.,MINSAWI INDUSTRIES (K. KANGSAR) SDN. BHD.,MINSAWI INDUSTRIES (K. KANGSAR) SDN. BHD.,MINSAWI INDUSTRIES (KUALA KANGSAR) SDN
BHD,MINSAWI INDUSTRIES (KUALAKANGSAR) SDN BHD,MINSAWI INDUSTRIES (K. KANGSAR) SDN.
BHD."
PO1000003850,MJM,PUI GROUPS,PUI GROUPS,MJM (PALM OIL MILL) SDN BHD,,,Not RSPO Certified,,2019-10-31,3.96092000000,113.79154000000,MYS,Malaysia,Sarawak,Miri,1-Fully Verified,,,"MEGA JUDAMAS,MJM (POM) SDN BHD,,,,,,,,,MJM (PALM OIL MILL) SDN. BHD.,MJM (PALM OIL MILL) SDN. BHD.,ENG HONG,,,MJM (POM  SDN BHD,,"
PO1000003851,TANAH EMAS,GOLDEN LAND BERHAD,Golden Land,TANAH EMAS OIL PALM PROCESSING SDN BHD,,,Not RSPO Certified,,2019-10-31,5.64699000000,117.29287000000,MYS,Malaysia,Sabah,Beluran,1-Fully Verified,,,"TANAH EMAS OIL PALM PROCESSING SDN,,TANAH,THADNAH EMAS,TANAH EMAS OIL PALM PROCESSING SDN BHD,,,,,,,,,,,,,,TANAH EMAS OIL PALM PROCESSING SDN
BHD,MONSOK,TANAH EMAS OIL PALM
PROCESSING SDN BHD,TBAHNDAH EMAS,TBAHNDAH EMAS,K.K.S. TANAH EMAS OIL PALM PROCESSING,K.K.S. TANAH EMAS OIL PALM PROCESSING,,,,TANAH EMAS MILL,TANAH EMAS OIL PALM PROCESSING,TANAH EMAS OIL PALM PROCESSING SDNBHD"
PO1000003853,TEMERLOH,NGAN & NGAN HOLDINGS SDN BHD,NGAN & NGAN HOLDINGS,TEMERLOH MILL SDN BHD,,,Not RSPO Certified,,2019-10-31,4.64803000000,100.69497000000,MYS,Malaysia,Perak,Larut and Matang,1-Fully Verified,,,"TEMERLOH (TOPAZ EMAS),TEMERLOH MILL SDN BHD,TEMERLOH MILL SDN BHD,,,,,,TEMERLOH MILL SDN. BHD.,TEMERLOH MILL SDN. BHD.,NGAN & NGAN HOLDING SDN BHD,,,,"
PO1000003854,PITAS,NGIN KONG GROUP,NGIN KONG GROUP,PITAS PALM OIL MILL SDN BHD,,,Not RSPO Certified,,2019-10-31,6.67520000000,116.96010000000,MYS,Malaysia,Sabah,Pitas,1-Fully Verified,,,"PITAS PALM OIL MILL SDN BHD,,,,,,,,,,,,,,,PITAS PALM OIL MILL SDN. BHD.,PITAS PALM OIL MILL SDN. BHD.,,,,,,,PITAS PALM 0IL MILL SDN BHD,,"
PO1000003855,BERKAT SETIA,NPC RESOURCES BERHAD,NPC Resources,BERKAT SETIA SDN BHD,,,Not RSPO Certified,,2019-10-31,5.71003000000,117.62077000000,MYS,Malaysia,Sabah,Beluran,1-Fully Verified,,,"BERKAT SETIA SDN BHD,,,,,,,,,,,,,,,BERKAT SETIA SDN. BHD.,BERKAT SETIA SDN. BHD.,BSS II MILL,,,,,,,"
PO1000003856,SUNGAI RUKU,BUDAYA POTENSI SDN BHD,BUDAYA POTENSI,SUNGAI RUKU OIL PALM PLANTATION SDN BHD,,,Not RSPO Certified,,2019-10-31,5.56367000000,117.90028000000,MYS,Malaysia,Sabah,Kinabatangan,1-Fully Verified,,,"SG RUKU OIL PALM PLANTATION SDN BHD,,BSHUDNGAI RUKU,SUNGAI RUKU PALM OIL MILL,SUNGAI RUKU PALM OIL MILL,,,,,,,,,,,SUNGAI RUKU OIL,,SG RUKU OIL MILL,,,,,,,,SUNGAI RUKU OIL PALM PLANTATION SDN BHD,K.K.S. SUNGAI RUKU,K.K.S. SUNGAI RUKU,DJAJA PUTRA INDONESIA MILL,SUNGAI RUKU MILL,,,,,,SG RUKU OIL PALM PLANTATION SDN,SG RUKU 0IL PALM PLANTATION SDN BHD,,"
PO1000003857,PANTAI REMIS,PANTAI REMIS PALM OIL MILL SDN BHD,PANTAI REMIS PALM OIL MILL,PANTAI REMIS PALM OIL MILL SDN BHD,,,Not RSPO Certified,,2019-10-31,4.36716000000,100.69615000000,MYS,Malaysia,Perak,Manjung,1-Fully Verified,,,"PANTAI REMIS PALM OIL MILL SDN BHD,PANTAI REMIS PALM OIL MILL SDN BHD,,,,PANTAI REMIS PALM OIL MILL SDN
BHD,K.K.S. PANTAI REMIS,KOSMA POM,,,,"
PO1000003858,LADANG HASSAN,PEMBANGUNAN LADANG HASSAN SDN BHD,PEMBANGUNAN LADANG HASSAN,PEMBANGUNAN LADANG HASSAN SDN BHD,,,Not RSPO Certified,,2019-10-31,5.78435000000,117.70015000000,MYS,Malaysia,Sabah,Sandakan,1-Fully Verified,,,"PEMBANGUNAN LADANG HASSAN,PEMBANGUNAN LADANG HASSAN SDN BHD,,PEMBANGUNAN,DLADANG HASSAN,,,,,,,,,,,,,,PEMBANGUNAN LADANG HASSAN
SDN BHD,LDADANG HASSAN,LADANG HASSAN PALM OIL MILL,PEMBANGUNAN LADANG HASSAN PALM OIL,PEMBANGUNAN LADANG HASSAN PALM OIL,PEMBANGUNAN LADANG HASSAN SDN
BHD,PEMBANGUNAN LADANG HASSAN PALM OIL MILL,PEMBANGUNAN LADANG HASSAN PALM OIL MILL,,,,,,PEMBANGUNAN LADANG HASSAN MILL,,,PEMBANGUNAN LADANG HASSANSDN BHD,PEMBANGUNAN LADANG HASSAN PALM OIL
MILL"
PO1000003859,KAMPUNG GAJAH,PERAK AGRO OIL FARM SDN BHD,PERAK AGRO OIL FARM,PERAK AGRO MILLS SDN BHD,,,Not RSPO Certified,,2019-10-31,4.24280000000,100.96890000000,MYS,Malaysia,Perak,Perak Tengah,1-Fully Verified,,,"SADC,PERAK AGRO MILLS SDN BHD (SADC),PERAK AGRO MILLS SDN BHD (SADC),PERAK AGRO MILLS (SADC),PERAK AGRO MILLS SDN BHD (SADC)-KAMPUNGGAJAH,KILANG KELAPA
SAWIT KG GAJAH,,,,PERAK AGRO MILLS SDN BHD
(SADC),KAMPONG GAJAH,KG. GAJAH,,,KILANG KELAPA SAWIT KAMPUNG GAJAH,PERAK AGRO MILLS SDN BHD,KILANG KELAPA SAWIT KG GAJAH,,,PERAK AGRA MILLS SDN BHD (SADC)-KAMPUNG GAJAH,PERAK AGRO MILLS SDN BHD (SADC)-KAMPUNG GAJAH,PERAK AGRO MILLS SDN BHD (SADC) (KKS KAMPUNG
GAJAH),KAMPUNG GAJAH PALM OIL MILL,,,PERAK AGRO OIL PALM SDN BHD"
PO1000003860,PERAK MOTOR,PERAK MOTOR COMPANY SDN BHD,PERAK MOTOR COMPANY,PERAK MOTOR COMPANY SDN BHD,,,Not RSPO Certified,,2019-10-31,3.96498000000,101.17839000000,MYS,Malaysia,Perak,Hilir Perak,1-Fully Verified,,,"PERAK MOTOR CO. SDN BHD,PERAK MOTOR CO. SDN BHD,PERAK MOTOR CO.,PERAK MOTOR CO.
SDN BHD (PALM
OIL MILL DIV),PERAK MOTOR PALM OIL MILL,,,KKS PERAK MOTOR CO. SDN.BHD.,KKS PERAK MOTOR CO. SDN.BHD.,PERAK MOTOR CO. SDN BHD (PALM OIL MILL DIV),,"
PO1000003861,PPNJ BUKIT BUJANG,PERTUBUHAN PELADANG NEGERI JOHOR (PPNJ),PPNJ,PERTUBUHAN PELADANG NEGERI JOHOR (PPNJ),,,Not RSPO Certified,,2019-10-31,2.79989000000,102.75841000000,MYS,Malaysia,Johor,Segamat,1-Fully Verified,,,"BUKIT BUJANG,,APNEGR)TUBUHAN PELADANG NEGERI JOHOR,PERTUBUHAN PELADANG NEGERI JOHOR (BKT BUJANG),PPNNJ)J BUKIT BUJANG,PERTUBUHAN PELADANG NEGERI JOHOR (BKT,KILANG KELAPA SAWIT BUKIT
BUJANG,,,,,KILANG KELAPA SAWIT BUKIT BUJANG,PERTUBUHAN PELADANG NEGERI JOHOR
(BKT BUJANG),PERTUBUHAN PELADANG NEGERI JOHOR
(BKT BUJANG),,,,,,,,,,PERTUBUHAN PELADANG NEGERI
JOHOR (BKT BUJANG),PERTUBUHAN PELADANG NEGERI JOHOR (BKT
BUJANG),PNPJN)J BUKIT BUJANG,PNPJN)J BUKIT BUJANG,PNPJN)J BUKIT BUJANG,,,KKS PPNJ KAHANG,PPNJ - BUKIT BUJANG PALM OIL,PPNJ - BUKIT BUJANG PALM OIL MILL,PERTUBUHAN PELADANG NEGERI JOHOR (BUKIT BUJANG),PERTUBUHAN PELADANG NEGERI JOHOR (B,,BUKIT BUJANG POM,PPNJ BUKIT BUJANG POM"
PO1000003862,PPNJ KAHANG,PERTUBUHAN PELADANG NEGERI JOHOR (PPNJ),PPNJ,PERTUBUHAN PELADANG NEGERI JOHOR (PPNJ),,,Not RSPO Certified,,2019-10-31,2.17140000000,103.47960000000,MYS,Malaysia,Johor,Keluang,1-Fully Verified,,,"PERTUBUHAN PELADANG NEGERI JOHOR (KAHANG),PPNJ (KAHANG),,)PERTUBUHAN PELADANG NEGERI JOHOR,PPNNJ)J KAHANG,KILANG SAWIT PPNJ KAHANG,PERTUBUHAN PELADANG NEGERI JOHOR,PERTUBUHAN PELADANG NEGERI JOHOR,,,,,PERTUBUHAN PELADANG NEGERI JOHOR
(KAHANG),PERTUBUHAN PELADANG NEGERI JOHOR
(KAHANG),,,,,,,,,,PERTUBUHAN PELADANG NEGERI
JOHOR (KAHANG),(KAHANG),PNPJN)J KAHANG,PNPJN)J KAHANG,PNPJN)J KAHANG,,,KILANG KELAPA SAWIT PPNJ KAHANG,KKS BUKIT BUJANG,PPNJ - KAHANG MILL,PERTUBUHAN PELADANG NEGERI JOHOR (K,,PPNJ KAHANG POM,PPJ KAHAG PALM OIL MILL"
PO1000003863,BINTANG PALM OIL MILL,BELL GROUP,BELL GROUP,PERUSAHAAN MINYAK SAWIT BINTANG SDN BHD,,,Not RSPO Certified,,2019-10-31,2.159132,103.121813,MYS,Malaysia,Johor,Batu Pahat,1-Fully Verified,,,"PERUSAHAAN MINYAK SAWIT BINTANG,,PERUSAHAAN MINYAK SAWIT BINTANG SDN BHD,BELL PALM RESOURCES SDN BHD,KILANG SAWIT BINTANG SDN BHD,KKS BINTANG,,,,,PERUSAHAAN MINYAK SAWIT BINTANG
SDN BHD,PERUSAHAAN MINYAK SAWIT BINTANG
SDN BHD,KILANG KELAPA SAWIT BINTANG,,,,,,,,,,BINTANG MILL,PERUSAHAAN MINYAK SAWIT
BINTANG SDN BHD,KKS BINTANG SDP,PERUSAHAAN MINYAK SAWIT BINTAN,,,PERUSAHAAN MINYAK SAWIT BINTANG SDN.,PERUSAHAAN MINYAK SAWIT BINTANG SDN.,BELL PALM RESOURCES SDN BHD - BINTANG MILL,BELL PALM RESOURCES SDN BHD - BINTANG MILL,BELL PALM RESOURCES SDN BHD - BINTANG MILL,BELL PALM RESOURCES SDN BHD - BINTANG MILL,PERUSAHAAN MINYAK SAWIT
BINTANG,BLANKAHAN OIL MILL,BINTANG POM,BINTANG,PERUSAHAAN MINYAK SAWIT BINTANG SDN.
BHD.,PERUSAHAAN MINYAK SAWIT BINTANG SDN.
BHD.,,,PMS BINTANG POM,PERUSAHAAN MINYAK SAWIT BINTANG SDN. BHD.,PERUSAHAAN MINYAK SAWIT BINTANG SDN. BHD.,,PERUSAHAAN MINYAK SAWIT BINTANG SDN
BHD"
PO1000003864,PINEHILL,PINEHILL PACIFIC BERHAD,Pinehill Pacific,PINEHILL PLANTATIONS (MALAYSIA) SDN BHD,,,Not RSPO Certified,,2019-10-31,3.96994000000,101.09662000000,MYS,Malaysia,Perak,Hilir Perak,1-Fully Verified,,,"PINEHILL PLANTATIONS (MALAYSIA),PINEHILL PACIFIC BERHAD,PINEHILL PLANTATIONS (M),PDINEHILL,PINEHILL PLANTATIONS (MALAYSIA) SDN BHD,PINEHILL PLANTATIONS (MALAYSIA) SDN
BHD,PINEHILL PLANTATIONS (MALAYSIA)
SDN BHD,PINEHILL PLANTATIONS (MALAYSIA) SDN.,PINEHILL PLANTATIONS,PINEHILL PLANTATIONS (MALAYSIA) SDN. BHD."
PO1000003866,SUBURMAS,WILMAR,Wilmar,SUBURMAS PLANTATIONS SDN BHD,,,Not RSPO Certified,,2019-10-31,3.52525000000,113.35753000000,MYS,Malaysia,Sarawak,Bintulu,1-Fully Verified,,,"SUBURMAS PLANTATIONS,SUBURMAS PLANTATIONS SDN BHD,,PPB OIL PALMS BERHAD - SUBURMAS PLANTATIONS,,,,,,,,SUBURMAS PALM OIL MILL SDN. BHD.,SUBURMAS PALM OIL MILL SDN. BHD.,PPB OIL PALMS BERHAD - SUBURMAS
PLANTATIONS,SUBURBAN,PLANTATIONS,,,,,,"
PO1000003868,CHEEKAH-KEMAYAN,PROSPER GROUP,Prosper Group,CHEEKAH-KEMAYAN PLANTATIONS SDN BHD,,,RSPO Certified,"RSPO Certified, MB",2019-10-31,3.14858000000,102.47536000000,MYS,Malaysia,Pahang,Bera,1-Fully Verified,,,"CHEEKAH KEMAYAN PLANTATION SDN BHD,CHEEKAH-KEMAYAN PLANTATIONS SDN BHD,CHEEKAH-KEMAYAN PLANTATIONS SDN
BHD,CHEEKAH‐KEMAYAN,CHEEKAH-KEMAYAN PLANTATIONS
SDN BHD,KEMAYAN,KEMAYAN PALM OIL MILL,KEMAYAN PALM OIL MILL,PROSPER GROUP,CHEEKAH-KEMAYAN PLANTATIONS SDN.BHD.,CHEEKAH- KEMAYAN
PLANTATIONS SDN BHD,CHEEKAH KEMAYAN PLANTATION,ASIA SAWIT LESTARI MILL,CHEEKAH KEMAYAN PALM OIL MILL,CHEEKAH - KEMAYAN PLANTATION,,KILANG KELAPA SAWIT CHEEKAH-KEMAYAN,CHEEKAH KEMAYAN,CHEEKAH
KEMAYAN PALM
OIL MILL"
PO1000003869,ENDAU,FAR EAST HOLDINGS BERHAD,FEHB,ENDAU PALM OIL MILL SDN BHD,,,Not RSPO Certified,,2019-10-31,2.67994000000,103.50536000000,MYS,Malaysia,Pahang,Rompin,1-Fully Verified,,,"ENDAU POM,,ENDAU PALM OIL MILL SDN BHD,ENDAU PALM OIL MILL SDN BHD,,,,ENDAU PALM OIL MILL SDN BHD (450858-P),,,,,,,,ENDAU PALM OIL MILL,,,ENDAU PALM OILS MILL SDN BHD,DUPONT & LEOSK,"
PO1000003871,KOSFARM,FAR EAST HOLDINGS BERHAD,FEHB,KILANG KOSFARM SDN BHD,,,Not RSPO Certified,,2019-10-31,2.99340000000,102.82000000000,MYS,Malaysia,Pahang,Rompin,1-Fully Verified,,,"KILANG KOSFARM,KILANG KOSFARM SDN BHD,,,,,,,,,KILANG KOSFARM SDN BHD*,,KILANG KOSFARM SDN. BHD.,KILANG KOSFARM SDN. BHD.,PROSPER GROUP OF COMPANIES ANIES SDN BHD,,KILANG KOSFARM SENDIRIAN BERHAD,TANJUNG DALAM POM,,,KILANG KOSFARM SDN
BHD,,KOSFARM PALM OIL MILL,KOSFARM POM"
PO1000003872,PROSPER,FAR EAST HOLDINGS BERHAD,FEHB,PROSPER PALM OIL MILL SDN BHD,,,Not RSPO Certified,,2019-10-31,2.89080000000,102.52201000000,MYS,Malaysia,Negeri Sembilan,Jempol,1-Fully Verified,,,"PROSPER PALM OIL MILL,PROSPER PALM OIL MILL SDN BHD,,KILANG KELAPA SAWIT PROSPER SDN BHD,,,,PROSPER PALM OIL MILL SDN BHD (37206-
D),,,,,,,,PROSPER TRADING SDN BHD,KILANG KELAPA SAWIT SAWIRA,PROSPER PALM OIL MILL SDN. BHD.,,,KILANG KELAPA SAWIT PROSPER SDN. BHD.,PROSPER GROUP,KILANG KELAPA SAWIT PROSPER SDN
BHD,PROSPER PALM OIL
MILL SDN BHD,PROSPER PALM OIL MILL / SAWIRA,,PROSPER POM"
PO1000003873,ROMPIN,FAR EAST HOLDINGS BERHAD,FEHB,ROMPIN PALM OIL MILL SDN BHD,,,Not RSPO Certified,,2019-10-31,3.07722000000,103.17472000000,MYS,Malaysia,Pahang,Pekan,1-Fully Verified,,,"ROMPIN PALM OIL MILL,,KKS ROMPIN,ROMPIN PALM OIL MILL SDN BHD,,,ROMPIN PALM OIL MILL SDN BHD (288511-
T),,,,,,,,K.K.S. ROMPIN,PMKS PORTIBI,,,,,,ROMPIN PALM OIL
MILL SDN BHD"
PO1000003874,KOSMA / WUJUD WAWASAN,FAR EAST HOLDINGS BERHAD,FEHB,WUJUD WAWASAN SDN BHD,,,Not RSPO Certified,,2019-10-31,3.03393000000,102.84036000000,MYS,Malaysia,Pahang,Rompin,1-Fully Verified,,,"WUJUD WAWASAN (KOSMA),WUJUD WAWASAN SDN BHD,,WUJUD WAWASAN SDN BHD (KOSMA PALM OIL MILL),WUJUD WAWASAN SDN BHD (KOSMA PALM OIL,,,WUJUD WAWASAN SDN BHD (KOSMA
PALM OIL MILL),WUJUD WAWASAN SDN BHD (716234-P),,,,,,WUJUD WAWASAN SDN BHD
(KOSMA PALM OIL MILL),WUJUD WAWASAN SDN BHD (KOSMA PALM OI,HARN LEN PALM OIL MILL,,,WUJUD WAWASAN SDN BHD (KOSMA PALM OIL MILL,WUJUD WAWASAN SDN. BHD.,WUJUD WAWASAN SDN. BHD.,PROSPER GROUP OF COMPANIES ANIES SDN BHD,WUJUD WAWASAN,KOSMA / WUJUD
WAWASAN,KOSMA PALM OIL MILL-WUJUD WAWASAN,,,,WUJUD WAWASAN PALM OIL MILL,,,KOSMA PALM OIL MILL-WUJUDWAWASAN,WUJUD WAWASAN POM"
PO1000003875,PSS,PALMHEAD HOLDINGS,PALMHEAD HOLDINGS,PSS OIL MILL SDN BHD,,,Not RSPO Certified,,2019-10-31,3.39676000000,113.28772000000,MYS,Malaysia,Sarawak,Bintulu,1-Fully Verified,,,"PSS OIL MILL,PSS OIL MILL SDN BHD,,,,,,,,,PSS OIL MILL SDN. BHD.,PSS OIL MILL SDN. BHD.,CHEEKAH KEMAYAN POM,,,,,PSS OIL SDN BHD,,"
PO1000003876,QL MILL 1,QL RESOURCES,QL Resources,QL PLANTATION SDN BHD,,,Not RSPO Certified,,2019-10-31,4.47646000000,118.19808000000,MYS,Malaysia,Sabah,Tawau,1-Fully Verified,,,"QL PLANTATIONS,QL PLANTATION,MILL 1,QL PLANTATIONS SDN BHD,,,QL PALM OIL MIL,QL PALM OIL MILL 1,,QL PLANTATIONS SDN BHD (MILL 1),,,,,,QL POM 1,,,QL 1"
PO1000003877,SRI GANDA,RADIANT RESPONSE SDN BHD / SRI GANDA OIL MILL SDN BHD,RADIANT RESPONSE  / SRI GANDA OIL MILL,SRI GANDA OIL MILL SDN BHD,,,Not RSPO Certified,,2019-10-31,3.91310000000,101.19875000000,MYS,Malaysia,Perak,Hilir Perak,2-High Confidence,,,"GANDA,,SRI GANDA PALM OIL MILL SDN BHD,RADIANT RESPONSE GANDA (SRI GANDA),SRI GANDA OIL MILL SDN. BHD.,SRI GANDA OIL MILL SDN BHD,,SRI GANDA PALAM OIL MILL,,,,RADIANT RESPONSE SDN BHD,RADIANT RESPONSE SDN BHD GANDA,,,SRI GANDA PALM OIL MILL,GANDA),,,,,SRI GANDA PALM 0IL MILL SDN BHD,,"
PO1000003878,RAKYAT KETENGAH PERWIRA,KETENGAH HOLDINGS SDN BHD,KETENGAH HOLDINGS,RAKYAT KETENGAH PERWIRA SDN BHD,,,Not RSPO Certified,,2019-10-31,4.11915000000,103.20351000000,MYS,Malaysia,Trengganu,Kemaman,1-Fully Verified,,,"RAKYAT KETENGAH PERWIRA SDN BHD,,RKT KETENGAH PERWIRA,,,,,,,,,,,RAKYAT KETENGAH PERWIRA SDN
BHD,,,RAKYAT KETENGAH PERWIRA SDN. BHD.,RAKYAT KETENGAH PERWIRA SDN. BHD.,RAKYAT KETENGAH PERWIRA SDN.BHD.,RAKYAT KETENGAH
PERWIRA,PKS 2 KOTA TENGAH,,,RAKYAT KETERNGAH PERWIRA (RKP),,,,RAKYAT KETENGAHPERWIRA SDN. BHD.,RAKYAT KETENGAH PERWIRA SDNBHD,RAKYAT KETENGAH PERWIRA POM"
PO1000003879,PALM DISCOVERY / KULAI MAS,DUPONT & LEOSK ENTERPRISES,DUPONT & LEOSK ENTERPRISES,PALM DISCOVERY SDN BHD,,,Not RSPO Certified,,2019-10-31,1.80237000000,103.62389000000,MYS,Malaysia,Johor,Keluang,1-Fully Verified,,,"REVENUE DIRECTION,PALM DISCOVERY,KULAIMAS,DUPONT - PALM DISCOVERY,PALMS DISCOVERY SDN BHD (KILANG KELAPA
SAWIT KULAI MAS),K.S KULAI MAS,PALM DISCOVERY SDN BHD,REVENUE DIRECTION PALM OIL MILL SDN BHD,PALMS DISCOVERY PALM OIL MILL SDN BHD,,KULAI MAS,ABDI BUDI MULIA 721"
PO1000003880,DUMPAS,YAYASAN SABAH GROUP,YAYASAN SABAH GROUP,REGIONAL HARVEST SDN BHD,,,Not RSPO Certified,,2019-10-31,4.53491000000,117.70514000000,MYS,Malaysia,Sabah,Tawau,1-Fully Verified,,,"RENTAK HASIL,,,,,REGIONAL HARVEST (DUMPAS PALM OIL MILL),,,SABAH SOFTWOOD,RENTAK HASIL SDN BHD (DUMPAS),DUMPAS PALM OIL MILL,DUMPAS PALM OIL MILL,DUMPAS POM,TANTAHAN PANDUHUP ASI,RENTAK HASIL SDN BHD,REGIONAL HARVEST SDN BHD (DUMPAS PALM OIL MILL),,,,,(DUMPAS PALM OIL MILL),RENTAK BASIL SDN BHD (DUMPAS)"
PO1000003881,RH BALINGIAN,RIMBUNAN HIJAU GROUP,Rimbunan Hijau Group,RH BALINGIAN PALM OIL MILL SDN BHD,,,Not RSPO Certified,,2019-10-31,2.87216400,112.45237800,MYS,Malaysia,Sarawak,Mukah,1-Fully Verified,,,"RH BALINGIAN PALM OIL MILL SDN BHD,,BALINGIAN,,,,,BALINGIAN POM,RH BALINGIAN PALM OIL MILL SDN. BHD.,RH BALINGIAN PALM OIL MILL SDN. BHD.,RH BALINGIAN MILL,,,,,,"
PO1000003882,RHP,RIMBUNAN SAWIT BERHAD,Rimbunan Hijau Group,R.H. PLANTATIONS SDN BHD,,,Not RSPO Certified,,2019-10-31,3.77504000000,114.10401000000,MYS,Malaysia,Sarawak,Marudi,1-Fully Verified,,,"RH PLANTATION,MIRI (RH KKS),,RH PLANTATION SDN BHD,RIMBUNAN SAWIT PLANTATION,,,,,,,,K.K.S. R.H,K.K.S. R.H,SRIWIJAYA PALM OIL INDONESIA,,,R H BALINGIAN,,"
PO1000003883,RH SELANGAU,RIMBUNAN HIJAU GROUP,Rimbunan Hijau Group,RH SELANGAU PALM OIL MILL SDN BHD,,,Not RSPO Certified,,2019-10-31,2.58482000000,112.33457000000,MYS,Malaysia,Sarawak,Mukah,1-Fully Verified,,,"RH SELANGAU PALM OIL MILL SDN BHD,,,,,,RH SELANGAU PALM OIL MILL SDN. BHD.,RH SELANGAU PALM OIL MILL SDN. BHD.,,,,,R H SELANGAU,,"
PO1000003884,SACHIEW,YUWANG GROUP,Yuwang,SACHIEW PLANTATIONS SDN BHD,,,Not RSPO Certified,,2019-10-31,3.76455000000,113.70266000000,MYS,Malaysia,Sarawak,Miri,1-Fully Verified,,,"SACHIEW PLANTATION,SACHIEW PLANTATION SDN BHD,,,,,,,,,SACHIEW PLANTATIONS SDN. BHD.,SACHIEW PLANTATIONS SDN. BHD."
PO1000003886,BAU,SARAWAK LAND CONSOLIDATION AND REHABILITATION AUTHORITY (SALCRA),SARAWAK LAND CONSOLIDATION AND REHABILITATION AUTHORITY (SALCRA),BAU PALM OIL MILL SDN BHD,,,Not RSPO Certified,,2019-10-31,1.49007000000,109.98520000000,MYS,Malaysia,Sarawak,Lundu,1-Fully Verified,,,"BAU PALM OIL MILL SDN BHD,BAU PALM OIL MILL,,BAALUCRA),,,,,,,,KILANG KELAPA SAWIT BAU,KILANG KELAPA SAWIT BAU,BAN DUNG PALM OIL,ANEKA PURA MULTI KERTA,BAU POM,,BOARUI TPYA L(SMA LOCIRL AM) ILL SDN BHD,"
PO1000003887,SERIAN,SARAWAK LAND CONSOLIDATION AND REHABILITATION AUTHORITY (SALCRA),SARAWAK LAND CONSOLIDATION AND REHABILITATION AUTHORITY (SALCRA),SERIAN PALM OIL MILL SDN BHD,,,Not RSPO Certified,,2019-10-31,0.95614000000,110.62263000000,MYS,Malaysia,Sarawak,Serian,1-Fully Verified,,,"SERIAN PALM OIL MILL SDN BHD,,SAELRICANRA),,,,,,,,SERIAN PALM OIL MILL,KILANG KELAPA SAWIT SERIAN,KILANG KELAPA SAWIT SERIAN,SERIAN POM,,SOE RIIATNY  (PSALMCR OAI)L MILL SDN BHD,,SERIAN PALM 0IL MILL SDN BHD,,"
PO1000003888,SUNGEI KAHANG,SAYONG PLANTATION SDN BHD,SAYONG PLANTATION,SUNGEI KAHANG PALM OIL SDN BHD,,,Not RSPO Certified,,2019-10-31,2.23185000000,103.52601000000,MYS,Malaysia,Johor,Keluang,1-Fully Verified,,,"SUNGEI KAHANG PALM OIL SDN BHD,,SUNGEI KAHANG
PALM OIL MILL,,,,,,,,,,,,,,SUNGEI KAHANG PALM OIL MILL,,,KILANG KELAPA SAWIT SUNGEI KAHANG,KILANG KELAPA SAWIT SUNGEI KAHANG,SUNGEI KAHANG PALM OIL SDN
BHD,SUNGAI KAHANG PALM OIL SDN BHD,SUNGEI KAHANG POM,SUNGAI KAHANG PALM OIL MILL,GEMAREKSA MEKARSARI,SUNGEI KAHANG SDN BHD,KILANG KELAPA SAWIT SUNGEI KAHANG
SDN. BHD.,KILANG KELAPA SAWIT SUNGEI KAHANG
SDN. BHD.,SUNGEI KAHANG PALM OIL SDN.BHD,,SUNGEI KAHANG PALM OIL,,KILANG KELAPA SAWIT SUNGEI KAHANG SDN. BHD.,KILANG KELAPA SAWIT SUNGEI KAHANG SDN. BHD.,,SUGAI KAHAG POM"
PO1000003889,GALASAH,SARAWAK OIL PALMS BERHAD,Sarawak Oil Palms,SARAWAK OIL PALMS BERHAD,,,Not RSPO Certified,,2019-10-31,3.61104000000,113.66138000000,MYS,Malaysia,Sarawak,Miri,1-Fully Verified,,,"GALASAH POM,GALASAH P.O.M,GALASAH P.O.M,SURYA UTAMA NABATI"
PO1000003890,LADANG PADANG KAHANG,SEONG THYE PLANTATIONS SDN BHD,SEONG THYE PLANTATIONS,SEONG THYE PLANTATIONS SDN BHD,,,Not RSPO Certified,,2019-10-31,2.30960000000,103.52920000000,MYS,Malaysia,Johor,Keluang,2-High Confidence,,,"SEONG THYE (KAHANG),KKS LADANG PADANG KAHANG,,SEONG THYE PLANTATIONS SDN BHD,KKS LADANG PADANG,SEONG THYE KAHANG,,,,,,,,,,,,,,,,K.K.S. LADANG PADANG KAHANG,K.K.S. LADANG PADANG KAHANG,LADANG PAHANG,LADANG PAHANG,SEONG THYE KAHANG (LADANG PADANG PALM OIL MILL),LADANG PADANG,,,,SEONG THYE PLANTATIONS SDN BHD (LADANG PADANG POM),LADANG KAHANG,LDG PADAG,,,SEONG THYE (KLUANG)"
PO1000003891,SETIA KAWAN,SETIA KAWAN KILANG KELAPA SAWIT SDN BHD,SETIA KAWAN KILANG KELAPA SAWIT,SETIA KAWAN KILANG KELAPA SAWIT SDN BHD,,,Not RSPO Certified,,2019-10-31,5.44129000000,100.62742000000,MYS,Malaysia,Kedah,Kulim,1-Fully Verified,,,"SETIA KAWAN KILANG KELAPA SAWIT SDN BHD,SETIA KAWAN KILANG KELAPA SAWIT SDN BHD,SETIA KAWAN KILANG KELAPA SAWIT,BSHEDTIA KAWAN,SETIA KAWAN KILANG KELAPA SAWIT
SDN BHD,,SETIA KAWAN KILANG KELAPA SAWIT SDN
BHD,,,SETIA KAWAN KILANG KELAPA
SAWIT SDN BHD,SBEHTDIA KAWAN,,,SETIA KAWAN KILANG KELAPA SAWIT SDN.,SETIA KAWAN KILANG KELAPA SAWIT SDN.,DAMASRAYA SAWIT LESTARI MILL,SETIA KAWAN  SDN BHD,SETIA KAWAN KILANG KELAPA SAWIT SDN. BHD.,SETIA KAWAN KILANG KELAPA SAWIT SDN. BHD.,,,,"
PO1000003892,SOLID ORIENT,SOLID ORIENT HOLDINGS SDN BHD,SOLID ORIENT HOLDINGS,SOLID ORIENT HOLDINGS SDN BHD,,,Not RSPO Certified,,2019-10-31,5.56990000000,100.69926000000,MYS,Malaysia,Kedah,Baling,1-Fully Verified,,,"SOLID ORIENT HOLDINGS SDN BHD,SOLID ORIENT HOLDINGS SDN BHD,SOLID ORIENT PALM OIL MILL,SOLID ORIENT HOLDINGS,,,,,,SOLID ORIENT HOLDINGS SDN. BHD.,SOLID ORIENT HOLDINGS SDN. BHD.,,,SOLID 0RIENT HOLDINGS SDN BHD"
PO1000003893,SOLID,SOLID ORIENT HOLDINGS SDN BHD,SOLID ORIENT HOLDINGS,SOLID OIL PALM PLANTATION SDN BHD,,,Not RSPO Certified,,2019-10-31,3.73694000000,113.59033000000,MYS,Malaysia,Sarawak,Miri,2-High Confidence,,,"SOLID PALM OIL MILL,SOLID POM BERHAD,,,,,,,,,SOLID PALM OIL MILL BERHAD,SOLID PALM OIL MILL BERHAD,,,,"
PO1000003894,SOOK OIL MILL,CHELLAM PLANTATIONS,CHELLAM PLANTATIONS,CHELLAM PLANTATIONS (SABAH) SDN BHD,,,Not RSPO Certified,,2019-10-31,5.33436000000,116.36261000000,MYS,Malaysia,Sabah,Keningau,1-Fully Verified,,,"SOOK,SOOK OIL MILL SDN BHD,,,,,SOOK OIL MILLS SDN BHD,,,BINU POM,,,,SOOK OIL"
PO1000003895,BUKIT BEREMBUN,SOUTHERN KERATONG PLANTATIONS SDN BHD,SOUTHERN KERATONG PLANTATIONS,SOUTHERN KERATONG PLANTATIONS SDN BHD,,,Not RSPO Certified,,2019-10-31,3.07540000000,102.76616000000,MYS,Malaysia,Pahang,Rompin,1-Fully Verified,,,"SOUTHERN KERATONG PLANTATIONS SDN BHD,KILANG KELAPA SAWIT BUKIT BEREMBUN,BBHUDKIT BEREMBUN,SOUTHERN KERATONG  (KILANG
KELAPA SAWIT BUKIT
BEREMBUN),,SOUTHERN KERATONG  (KILANG KELAPA
SAWIT BUKIT BEREMBUN),KILANG SAWIT BUKIT BEREMBUN,,,,BUKIT BEREMBUN PALM OIL MILL,KILANG KELAPA SAWIT BUKIT
BEREMBUN,SOUTHERN KERATONG  (KILANG
KELAPA SAWIT BUKIT BEREMBUN),SOUTHERN KERATONG  (KILANG KELAPA SAWIT BUKIT BEREMBUN),SOUTHERN
KERATONG
PLANTATION SDN
BHD,SOUTHERN KERATONG PLANTATIONS -
MILL,,,KILANG KELAPA SAWIT
BUKIT BEREMBUN,,SOUTHERN KERATONG  (KILANG KELAPA SAWIT BUKIT
BEREMBUN),KILANG KELAPA SAWIT BUKITBEREMBUN,SOUTHERN KERATONG  (KILANG KELAPASAWIT BUKIT BEREMBUN),BUKIT BEREMBUN POM"
PO1000003896,SOUTHERN PERAK,SOUTHERN GROUP,SOUTHERN GROUP,SOUTHERN PERAK PLANTATIONS SDN BHD,,,Not RSPO Certified,,2019-10-31,3.80689000000,101.02936000000,MYS,Malaysia,Perak,Hilir Perak,1-Fully Verified,,,"SOUTHERN PERAK PLANTATIONS SDN BHD,SOUTHERN PERAK PLANTATION SDN BHD,SOUTHERN PERAK PLANTATION,KILANG KELAPA SAWIT SOUTHERN
PERAK,SOUTHERN PERAK
PALM OIL MILL,,KILANG KELAPA SAWIT SOUTHERN PERAK,,,SOUTHERN PERAK PLANTATIONS,SOUTHERN PERAK PLANTATION SDN
BHD,,,SOUTHERN PERAK PALM OIL MILL,KAUBUN MILL,KILANG KELAPA SAWIT
SOUTHERN PERAK,SOUTHERN PERAK PALM OIL,KILANG KELAPA SAWIT SOUTHERNPERAK"
PO1000003897,MUKAH,SARAWAK PLANTATION BERHAD,Sarawak Plantation (SPB),SARAWAK PLANTATION AGRICULTURE DEVELOPMENT (SPAD) SDN BHD,,,Not RSPO Certified,,2019-10-31,2.65083000000,112.33009000000,MYS,Malaysia,Sarawak,Mukah,1-Fully Verified,,,"SPAD (MUKAH),SARAWAK PLANTATION AGRICULTURE,,SARAWAK PLANTATION AGRICULTURE DEVELOPMENT (MUKAH MILL),MUKAH MILL,EMLOUPKMAHENT (SPAD) SDN BHD,,,,,,SARAWAK PLANTATION AGRICULTURE DEVELOPMENT (MUKAH
MILL),,,SARAWAK PLANTATION AGRICULTURE DEVELOP,KILANG KELAPA SAWIT MUKAH,KILANG KELAPA SAWIT MUKAH,MADU)K SADHN BHD,SARAWAK PLANTATION AGRICULTURE
DEVELOPMENT (MUKAH MILL),PMADUK) ASHDN BHD,PMADUK) ASHDN BHD,PMADUK) ASHDN BHD,PMADUK) ASHDN BHD,PMADUK) ASHDN BHD,PMADUK) ASHDN BHD,PMADUK) ASHDN BHD,PMADUK) ASHDN BHD,PMADUK) ASHDN BHD,PMADUK) ASHDN BHD,SPAD MUKAH PALM OIL MILL,,,,"
PO1000003898,NIAH,SARAWAK PLANTATION BERHAD,Sarawak Plantation (SPB),SARAWAK PLANTATION AGRICULTURE DEVELOPMENT (SPAD) SDN BHD,,,Not RSPO Certified,,2019-10-31,3.87418000000,113.86136000000,MYS,Malaysia,Sarawak,Miri,1-Fully Verified,,,"SPAD (NIAH),SARAWAK PLANTATION AGRICULTURE,,SARAWAK PLANTATION AGRICULTURE DEVELOPMENT (NIAH MILL),NIAH MILL,ENLIOAPHMENT (SPAD) SDN BHD,,,,,,,,SARAWAK PLANTATION AGRICULTURE DEVELOP,SARAWAK PLANTATION AGRICULTURE DEVELOPMENT
(NIAH MILL),KILANG KELAPA SAWIT NIAH,KILANG KELAPA SAWIT NIAH,NAIDA)H SDN BHD,SARAWAK PLANTATION AGRICULTURE DEVELOPMENT(NIAH MILL),SARAWAK PLANTATION AGRICULTURE
DEVELOPMENT (NIAH MILL),PNAIDAH) SDN BHD,PNAIDAH) SDN BHD,PNAIDAH) SDN BHD,PNAIDAH) SDN BHD,PNAIDAH) SDN BHD,PNAIDAH) SDN BHD,PNAIDAH) SDN BHD,PNAIDAH) SDN BHD,PNAIDAH) SDN BHD,PNAIDAH) SDN BHD,SARAWAK PLANTATION AGRICULTURE DEVELOPMENT (NIAH      SPAD,SARAWAK PLANTATION AGRICULTURE DEVELOPMENT,SPAD NIAH PALM OIL MILL,,,SARAWAK PLANTATION AGRICULTURE
DEVELOPMENT,,,,,(SMARUAKWAAHK M PLIALLN) TATION AGRICULTURE DEVELOPMENT"
PO1000003899,SRI JELUTUNG,IKHASAS GROUP / TANAH MAKMUR BERHAD,IKHASAS GROUP / TANAH MAKMUR,TANAH MAKMUR BERHAD,,,Not RSPO Certified,,2019-10-31,3.35153000000,103.12782000000,MYS,Malaysia,Pahang,Pekan,1-Fully Verified,,,"SRI JELUTONG,SRI JELUTUNG PALM OIL MILL SDN BHD,,SRI JELUTONG PALM OIL SDN BHD,SRI JELUTUNG PALM OIL MILL,SRI JELUTUNG
PALM OIL MILL,,,,,,,,,,,,,,SRI JELUTUNG PALM OIL MILL SDN. BHD.,SRI JELUTUNG PALM OIL MILL SDN
BHD,,,,,SRI JELUTUNG PALM OIL MILL SDN.
BHD.,SRI JELUTUNG- MILL,SEI SEJUK MILL,SRI JELUTUNG PALM OIL SDN BHD,IKHASAS GROUP,,,,SRI JELUTUNG PALM 0IL MILL SDN BHD,SRI JELUTING PALM OIL MILL SDN BHD,,"
PO1000003900,ST PALM OIL MILL,SERN LEE ENTERPRISE SDN BHD,SERN LEE ENTERPRISE,ST PALM OIL MILL SDN BHD,,,Not RSPO Certified,,2019-10-31,3.83421000000,101.17452000000,MYS,Malaysia,Perak,Hilir Perak,1-Fully Verified,,,"ST PALM OIL MILL SDN BHD,,,,,,,ST PALM OIL MILL SDN. BHD.,ST PALM OIL MILL SDN. BHD.,,ST PALM,BUKIT PAYUNG MILL (PKS I),SRI SENGGORA,ST POM,,,,ST PALM 0IL MILL SDN BHD,,"
PO1000003901,SUBURBAN PROPERTIES,SUBURBAN PROPERTIES SDN BHD,SUBURBAN PROPERTIES,SUBURBAN PROPERTIES SDN BHD,,,Not RSPO Certified,,2019-10-31,2.74899000000,102.98929000000,MYS,Malaysia,Pahang,Rompin,1-Fully Verified,,,"SUBURBAN PROPERTIES SDN BHD,,SUBURBAN PALM OIL MILL,SUBURBAN
POM,,,,,,,,,,,,,,,,KKS SUBURBAN PROPERTIES SDN. BHD.,KKS SUBURBAN PROPERTIES SDN. BHD.,CENDERAWASIH (SUBURBAN) PALM
OIL MILL,IBUL MILL (PKS II),SUBURBAN POM,,SUBURBAN PROPERTIES PALM OIL MILL,SUBURBAN
PROPERTIES PALM OIL MILL,SUBURBA PROPERTIES"
PO1000003902,SUNGAI KERANG,SUNGAI KERANG DEVELOPMENT SDN BHD,SUNGAI KERANG DEVELOPMENT,SUNGAI KERANG DEVELOPMENT SDN BHD,,,Not RSPO Certified,,2019-10-31,4.40348000000,100.83596000000,MYS,Malaysia,Perak,Perak Tengah,1-Fully Verified,,,"SUNGAI KERANG DEVELOPMENT SDN BHD,SUNGAI KERANG DEVELOPMENT SDN BHD,SUNGAI KERANG DEVELOPMENT,SUNGAI KERANG DEVELOPMENT
SDN.BHD.,,SUNGAI KERANG DEVELOPMENT SDN.BHD.,SUNGAI KERANG DEVELOPMENT SDN
BHD,,,SUNGAI KERANG DEVELOPMENT
SDN BHD,,,,K.K.S. SUNGAI KERANG DEVELOPMENT,K.K.S. SUNGAI KERANG DEVELOPMENT,,GAWI BAHANDEP SAWIT MEKAR MILL,K.K.S. SUNGAI KERANG DEVELOPMENT SDN. BHD.,K.K.S. SUNGAI KERANG DEVELOPMENT
SDN. BHD.,,SUNGAI KERANG
DEVELOPMENT SDN.BHD.,,SG KERANG DEVELOPMENT SDN BHD,,,SUNGAI KERANG DEVELOPMENTSDN.BHD.,SUNGAI KERANG
DEVELOPMENT SDN
BHD"
PO1000003903,KILANG SAWIT SUNGAI TERAH,KUMPULAN PERLADANGAN PKINK BHD,KUMPULAN PERLADANGAN PKINK,SYARIKAT LADANG SUNGAI TERAH SDN BHD,,,Not RSPO Certified,,2019-10-31,4.97787000000,101.95508000000,MYS,Malaysia,Kelantan,Gua Musang,1-Fully Verified,,,"SYARIKAT LADANG SUNGAI TERAH SDN BHD,SYARIKAT LADANG (SUNGAI TERAH),SUNGAI TERAH PALM OIL MILL SDN BHD,SYARIKAT LADANG SUNGAI TERAH,SUNGAI TERAH PALM OIL MILL
SDN.BHD,SUNGAI TERAH
PALM OIL MILL SDN
BHD,,SUNGAI TERAH,SUNGAI TERAH PALM OIL MILL SDN.BHD,,,SUNGAI TERAH PALM OIL MILL SDN
BHD,SYARIKAT LADANG SUNGAI TERAH PALM OIL MI,,DKILANG SAWIT SUNGAI TERAH,DKILANG SAWIT SUNGAI TERAH,,,SUNGAI TERAH PALM OIL MILL SDN. BHD.,SUNGAI TERAH PALM OIL MILL SDN. BHD.,,SUNGAI TERAH PALM OIL MILL,,,,,,,SUNGAI TERAH PALM OIL MILL SDNBHD"
PO1000003905,CAHAYA MUDA PERAK,NGAN & NGAN HOLDINGS SDN BHD,NGAN & NGAN HOLDINGS,SYARIKAT CAHAYA MUDA PERAK (OIL MILL) SDN BHD,,,Not RSPO Certified,,2019-10-31,4.16096700,101.28292100,MYS,Malaysia,Perak,Batang Padang,1-Fully Verified,,,"SYARIKAT CAHAYA MUDA PERAK,SYARIKAT CAHAYA MUDA PERAK (OIL MILL) SDN BHD,CSADHNA BYHAD MUDA PERAK,SYKT.CHAYA MUDA PERAK (OIL
MILL)SDN.BHD.,SYARIKAT CAHAYA
MUDA PERAK (OIL
MILL) SDN BHD,SYARIKAT CAHAYA MUDA PERAK (OIL MILL) SDN,SYARIKAT CAHAYA MUDA PERAK (OIL
MILL) SDN BHD,SYARIKAT CAHAYA MUDA PERAK (OIL MILL)
SDN BHD,SYARIKAT CAHAYA MUDA PERAK
(OIL MILL) SDN BHD,,,,SYKT. CAHAYA MUDA PERAK (OIL MIL) SDN.,SYKT. CAHAYA MUDA PERAK (OIL MIL) SDN.,,PERAK,SYARIKAT CAHAYA MUDA PERAK (OM) SDN BHD,SYKT.CHAYA MUDA PERAK (OIL MILL)SDN.BHD.,CAHAYA MUDA,SYKT. CAHAYA MUDA PERAK (OIL MIL) SDN.
BHD.,SYKT. CAHAYA MUDA PERAK (OIL MIL) SDN.
BHD.,,SYKT.CHAYA MUDA
PERAK (OIL
MILL)SDN.BHD.,SYKT. CAHAYA MUDA PERAK (OIL MIL) SDN. BHD.,SYKT. CAHAYA MUDA PERAK (OIL MIL) SDN. BHD.,,CAHAYA MUDA PERAK PALM OIL MILL,SYARIKAT CAHAYA MUDA PERAK(OIL MILL) S/B,,,SYKT.CHAYA MUDA PERAK (OILMILL)SDN.BHD.,SYKT.CHAYA MUDA PERAK (OIL
MILL)SDN.BHD.,SYARIKAT CAHAYA
MUDA PERAK"
PO1000003906,SYARIKAT PELADANG & PERUSAHAAN MINYAK,SYARIKAT PELADANG & PERUSAHAAN MINYAK SDN BHD,SYARIKAT PELADANG & PERUSAHAAN MINYAK,SYARIKAT PELADANG & PERUSAHAAN MINYAK SDN BHD,,,Not RSPO Certified,,2019-10-31,3.97966000000,100.99056000000,MYS,Malaysia,Perak,Hilir Perak,1-Fully Verified,,,"SYARIKAT PELADANG & PERUSAHAAN,SYARIKAT PELADANG & PERUSAHAAN MINYAK SDN BHD,SYARIKAT PELADANG & PERUSAHAAN MINYAK SDN BHD,YSAYKA SRDIKNA TB HPDELADANG & PERUSAHAAN MI,K.K.S. PELADANG & PERUSHAAN
MINYAK S/B.,,K.K.S. PELADANG & PERUSHAAN MINYAK
S/B.,SYARIKAT PELADANG & PERUSAHAAN
MINYAK SDN BHD,SYARIKAT PELADANG & PERUSAHAAN MIN,,,SYARIKAT PELADANG DAN PERUSAHAAN
MINYAK PALM OIL MILL,SYARIKAT PELADANG &
PERUSAHAAN MINYAK SDN BHD,SYARIKAT PELADANG & PERUSAHAAN MINYAK SDN BH,SPPM,SYARIKAT PELADANG & PERUSAHAAN MINYAK SDN
BHD,,SAKY ASRDIKNA TB PHEDLADANG & PERUSAHAAN MI,KKS PELADANG & PERUSAHAAN MINYAK,KKS PELADANG & PERUSAHAAN MINYAK,,SYARIKAT PELADANG DAN PERUSAHAAN MINYAK PALM OIL
MILL,K.K.S. PELADANG & PERUSHAAN MINYAK S/B.,DSYARIKAT PELADANG & PERUSAHAAN MINYAK,DSYARIKAT PELADANG & PERUSAHAAN MINYAK,DSYARIKAT PELADANG & PERUSAHAAN MINYAK,DSYARIKAT PELADANG & PERUSAHAAN MINYAK,DSYARIKAT PELADANG & PERUSAHAAN MINYAK,DSYARIKAT PELADANG & PERUSAHAAN MINYAK,DSYARIKAT PELADANG & PERUSAHAAN MINYAK,DSYARIKAT PELADANG & PERUSAHAAN MINYAK,DSYARIKAT PELADANG & PERUSAHAAN MINYAK,SYARIKAT PELADANG DAN PERUSAHAAN MINYAK PALM OIL MILL,SYARIKAT PELADANG DAN PERUSAHAAN MINYAK SDN BH,SYARIKAT PELADANG DAN PERUSAHAAN MINYAK SDN BHD,SYARIKAT PELADANG DAN PERUSAHAAN MI,SYARIKAT PELADANG & PERUSAHAAN
MINYAK,KKS PELADANG & PERUSAHAAN MINYAK SDN. BHD.,KKS PELADANG & PERUSAHAAN MINYAK
SDN. BHD.,SYARIKAT PELADANG & PERUSAHAANMINYAK,SDN BHD,,,SYARIKAT PELADANG& PERUSAHAANMINYAK SDN BHD,KKS PELADANG & PERUSAHAAN MINYAK
SDN. BHD.,K.K.S. PELADANG & PERUSHAANMINYAK S/B."
PO1000003907,SYNN,SYNN HENG TRADING COMPANY SDN BHD,SYNN HENG TRADING COMPANY,SYNN PALM OIL SDN BHD,,,Not RSPO Certified,,2019-10-31,4.83140000000,100.69841000000,MYS,Malaysia,Perak,Larut and Matang,1-Fully Verified,,,"SYNN PALM OIL SDN BHD,SYNN PALM EDIBLE OIL,SYNN PALM EDIBLE OIL SDN BHD,SYNN PALM OIL SDN. BHD.,SYNN PALM OIL SDN. BHD.,SYNN PALM OIL MIL,GRAHA CAKRA MULIA MILL"
PO1000003908,MANIS,TA ANN HOLDINGS BHD,Ta Ann Holdings,MANIS OIL SDN BHD,,,Not RSPO Certified,,2019-10-31,2.13118000000,111.89308000000,MYS,Malaysia,Sarawak,Sibu,1-Fully Verified,,,"MANIS OIL,MANIS OIL SDN BHD,,,,,,,,,MANIS OIL SDN. BHD.,MANIS OIL SDN. BHD.,GUNUNG SELAMAT LESTARI MILL,,,,,,"
PO1000003909,TACLICO,TACLICO COMPANY SDN BHD,TACLICO COMPANY,TACLICO COMPANY SDN BHD,,,Not RSPO Certified,,2019-10-31,5.50757000000,100.59959000000,MYS,Malaysia,Kedah,Kulim,1-Fully Verified,,,"TACLICO COMPANY SDN BHD,TACLICO COMPANY SDN BHD,TACLICO COMPANY,K.K.S. TACLICO COMPANY SDN.BHD.,,,,,K.K.S. TACLICO COMPANY SDN. BHD.,K.K.S. TACLICO COMPANY SDN. BHD.,,HARAPAN HIBRIDA KALBAR MILL,,,K.K.S. TACLICO
COMPANY SDN.BHD.,"
PO1000003910,TAMACO 1,TAMACO PLANTATION SDN BHD,Tamaco Plantation,TAMACO OIL MILL SDN BHD,,,Not RSPO Certified,,2019-10-31,5.24400000000,118.32600000000,MYS,Malaysia,Sabah,Lahad Datu,1-Fully Verified,,,"TAMACO,TAMACO OIL MILL SDN BHD,,TAMACO
POM 1,,,,,,,,,TAMACO OIL MILL 1,,TAMACO PALM OIL MILL 1,,,,,TAMACO MILL 1,,,KILANG KELAPA SAWIT TAMACO MILL 1,KILANG KELAPA SAWIT TAMACO MILL 1,TAMACO POM 1,SALONOK LADANG MAS MILL,,,,,,,TAMACO OIL MILL SDN BHD - MILL 1,TAMACO 1 PALM OIL MILL"
PO1000003911,TAMACO 2,TAMACO PLANTATION SDN BHD,Tamaco Plantation,TAMACO OIL MILL SDN BHD,,,Not RSPO Certified,,2019-10-31,5.15406000000,118.22848000000,MYS,Malaysia,Sabah,Lahad Datu,1-Fully Verified,,,"TAMACO OIL MILL SDN BHD (MILL 2),,TAMACO
POM 2,,,,,,,,,TAMACO OIL MILL 2,,TAMACO PALM OIL MILL 2,,,,,,,TAMACO OIL MILL II,TAMACO OIL MILL II,5.15406,TAMACO PLANTATION SDN BHD,,,,,,TAMACO OIL MILL SDN BHD - MILL 2,TAMACO 2 PALM OIL MILL"
PO1000003912,TANJUNG PANJANG,TACLICO COMPANY SDN BHD,TACLICO COMPANY,TACLICO COMPANY SDN BHD,,,Not RSPO Certified,,2019-10-31,5.64434000000,118.33305000000,MYS,Malaysia,Sabah,Kinabatangan,1-Fully Verified,,,"TANJUNG PANJANG PALM OIL MILL SDN,,TANJUNG PANJANG PALM OIL MILL SDN BHD,,,,,,,,,,,,,,TANJUNG PANJANG PALM OIL MILL
SDN BHD,TANJUNG PANJANG PALM OIL MILL SDN.,TANJUNG PANJANG PALM OIL MILL SDN.,TANJUNG PANJANG PALM OIL MILL SDN
BHD,UIE 1 POM,TANJUNG PANJANG PALM OIL MILL SDN. BHD.,TANJUNG PANJANG PALM OIL MILL SDN.
BHD.,,,,,TANJUNG PANJANG PALM 0IL MILL SDN BHD,,,TANJUNG PANJANG PALM OIL MILL SDNBHD"
PO1000003914,ATLANTICA,TECK GUAN GROUP,TECK GUAN GROUP,ATLANTICA SDN BHD,,,Not RSPO Certified,,2019-10-31,5.71214000000,117.68663000000,MYS,Malaysia,Sabah,Beluran,1-Fully Verified,,,"ATLANTICA SDN BHD,,,,,,,,ATLANTICA POM,,,,,K.K.S. ATLANTICA,K.K.S. ATLANTICA,AGRO WIRA LIGATSA,,,,,,"
PO1000003915,BRANTIAN,TECK GUAN GROUP,TECK GUAN GROUP,BRANTIAN PALM OIL SDN BHD,,,Not RSPO Certified,,2019-10-31,4.43661000000,117.51681000000,MYS,Malaysia,Sabah,Tawau,1-Fully Verified,,,"BRANTIAN PALM OIL MILL SDH BHD,,,,,,BRANTIAN PALM OIL,,BRANTIAN PALM OIL MILL,,,BRANTIAN PALM OIL SDN BHD,BRANTIAN POM,KILANG KELAPA SAWIT BRANTIAN,KILANG KELAPA SAWIT BRANTIAN,ANUGRAH TANJUNG MEDAN MILL,,,,"
PO1000003916,REX,TECK GUAN GROUP,TECK GUAN GROUP,KONSEP MUKTAMAD SDN BHD,,,Not RSPO Certified,,2019-10-31,4.48720000000,117.59855000000,MYS,Malaysia,Sabah,Tawau,1-Fully Verified,,,"KONSEP MUKTAMAD,KONSEP MUKTAMAD SDN BHD,,,,,,REX PALM OIL MILL,,REX MILL,,,KONSEP MUKTAMAD SDN BHD (REX),KUTAI AGRO LESTARI,,,,"
PO1000003917,PROSPEROUS SEBATIK,TECK GUAN GROUP,TECK GUAN GROUP,PROSPEROUS SEBATIK SDN BHD,,,Not RSPO Certified,,2019-10-31,4.18921000000,117.78767000000,MYS,Malaysia,Sabah,Tawau,1-Fully Verified,,,"PROSPEROUS SEBATIK SDN BHD,,,,,SEBATIK PALM OIL MILL,,PROSPEROUS SEBATIK PALM OIL MILL,,,,"
PO1000003918,SUNGAI BURUNG,TECK GUAN GROUP,TECK GUAN GROUP,SUNGAI BURUNG INDUSTRIES SDN BHD,,,Not RSPO Certified,,2019-10-31,4.40428000000,118.13786000000,MYS,Malaysia,Sabah,Tawau,1-Fully Verified,,,"SUNGAI BURUNG INDUSTRIES,SG BURUNG INDUSTRIES SDN BHD,,,,,,,,SUNGAI BURUNG PALM,,SUNGAI BURUNG PALM OIL MILL,,,,KKS SUNGAI BURUNG,KKS SUNGAI BURUNG,FIRST LAMANDAU TIMBER,,,,"
PO1000003922,TEE TEH,TEE TEH SDN BHD,TEE TEH,TEE TEH SDN BHD,,,Not RSPO Certified,,2019-10-31,2.84073000000,102.86588000000,MYS,Malaysia,Pahang,Rompin,1-Fully Verified,,,"TEE TEH PALM OIL MILL,,,,,,,,,,,,,,,TEE TEH SDN BHD,,,,TT - KERATONG,,,,,TEE TEH PALM 0IL MILL,TEE THE"
PO1000003923,GEDONG,TH PLANTATIONS BERHAD,TH Plantations Berhad (THP),THP SARIBAS SDN BHD,,,Not RSPO Certified,,2019-10-31,1.15527000000,110.67624000000,MYS,Malaysia,Sarawak,Serian,1-Fully Verified,,,"PELITA GEDONG,,TH PELITA GEDONG SDN BHD,,,,,,,,GEDONG OIL MILL,GEDONG OIL MILL,,,PELITA GEDONG/ GEDONG SERIAN,,"
PO1000003924,BUKIT LAWIANG,TH PLANTATIONS BERHAD,TH Plantations Berhad (THP),TH PLANTATIONS BERHAD,,,Not RSPO Certified,,2019-10-31,1.96594000000,103.43430000000,MYS,Malaysia,Johor,Keluang,1-Fully Verified,,,"KILANG SAWIT BUKIT LAWIANG,,TH PLANTATIONS SDN BHD - BKT LAWIANG,TH PLANTATIONS SDN BHD - BKT LAWIANG,KILANG SAWIT
BUKIT LAWIANG,,,TH PLANTATIONS SDN BHD - BKT
LAWIANG,,,,,,LADANG BUKIT LAWIANG,,BUKIT LAWIANG POM"
PO1000003925,PASIR BESAR,TH PLANTATIONS BERHAD,TH Plantations Berhad (THP),TH PLANTATIONS BERHAD,,,Not RSPO Certified,,2019-10-31,2.61944000000,102.51167000000,MYS,Malaysia,Negeri Sembilan,Tampin,1-Fully Verified,,,"LADANG PASIR BESAR,KILANG SAWIT LADANG PASIR BESAR,KILANG SAWIT LADANG PASIR
BESAR,THP GEMAS SDN BHD (KILANG SAWIT LADANG
PASIR BESAR),TH PLANTATIONS BHD"
PO1000003926,KOTA BAHAGIA,TH PLANTATIONS BERHAD,TH Plantations Berhad (THP),THP KOTA BAHAGIA SDN BHD,,,Not RSPO Certified,,2019-10-31,2.98651000000,102.92703000000,MYS,Malaysia,Pahang,Rompin,1-Fully Verified,,,"LADANG TABUNG HAJI (KOTA BAHAGIA),THP KOTA BAHAGIA,,TH PLANTATION BHD,TH PLANTATIONS SDN  BHD - KOTA BAHAGIA,KILANG SAWIT KOTA BAHAGIA,KILANG KELAPA SAWIT KOTA BAHAGIA,KILANG KELAPA SAWIT KOTA BAHAGIA,2.9863,,,,,,,,KILANG SAWIT KOTA BAHAGIA SDN.BHD,KILANG KELAPA SAWIT KOTA
BAHAGIA,THP KOTA BAHAGIA*,TH PLANTATIONS SDN BHD - KOTA BAHAGIA,KOTA BAHAGIA
POM,,,KOTA BAHAGIA POM,"
PO1000003927,BUKIT SANTUAI,GOODHOPE,Goodhope,AGRO WANA LESTARI,,,RSPO Certified,"RSPO Certified, MB",2019-10-31,-1.857639,112.397722,IDN,Indonesia,Kalimantan Tengah,Kotawaringin Timur,1-Fully Verified,,,"AGRO WANA LESTARI (BUKIT SANTUAI),AGRO WANA LESTARI BUKIT SANTUAI,AGRO WANA LESTARI,,,,SUNGAI RANGIT,,,,,,,PT AGRO WANA LESTARI,PT AGRO WANA LESTARI,AGRO WANA LESTARI - BUKIT SANTUAI,,,,,,BUKIT SANTUAI MILL,AGRO WANA LESTARI (PKS BUKIT SANTUAI),PT AGRO WANA LESTARI - BUKIT SANTUAI MILL,ABDI BUDI MULIA 174"
PO1000003928,LADANG MAMAHAT,TH PLANTATIONS BERHAD,TH Plantations Berhad (THP),THP SABACO SDN BHD,,,Not RSPO Certified,,2019-10-31,6.46610000000,117.56882000000,MYS,Malaysia,Sabah,Beluran,1-Fully Verified,,,"MAMAHAT,THP SABACO SDN BHD (MAMAHAT MILL),MAMAHAT MILL,,,,,,,KILANG SAWIT LADANG MAMAHAT,KILANG SAWIT LADANG MAMAHAT,WEE TEE TONG,THP SABACO SDN BHD (MAMAHAT"
PO1000003929,SUNGAI TENEGANG,TH PLANTATIONS BERHAD,TH Plantations Berhad (THP),THP SABACO SDN BHD,,,Not RSPO Certified,,2019-10-31,5.21809000000,118.03136000000,MYS,Malaysia,Sabah,Kinabatangan,1-Fully Verified,,,"THP SABACO SDN BHD (SG TENEGANG,KILANG SAWIT
SUNGAI
TENEGANG,,,KILANG SAWIT SUNGAI TENEGANG,,SG TENEGANG POM,KILANG SAWIT
SUNGAI TENEGANG,SYARIKAT SABACO SDN. BHD.,SYARIKAT SABACO SDN. BHD.,THP SABACO SDN BHD (SG TENEGANG
MILL),THP SABACO SDN BHD (SG TENEGANG MILL),S. TENEGANG (THP SABACO),THP SABACO SDN BHD (SG"
PO1000003931,TIAN SIANG PERAK,TIAN SIANG HOLDINGS SDN BHD,Tian Siang Holdings,TIAN SIANG OILL MILL (PERAK) SDN BHD,,,Not RSPO Certified,,2019-10-31,4.59298000000,100.73229000000,MYS,Malaysia,Perak,Larut and Matang,1-Fully Verified,,,"TIAN SIANG HOLDINGS SDN BHD,TIAN SIANG OIL MILL (PERAK) SDN BHD,TIAN SIANG (PERAK),TIAN SIANG OIL MILL (PERAK)SDN.BHD.,,,,TIAN SIANG OIL MILL (PERAK) SDN
BHD,,,,TIAN SIANG OIL MILL (PERAK) SDN. BHD.,TIAN SIANG OIL MILL (PERAK) SDN. BHD.,,TIAN SIANG PERK,TIAN SIANG OIL MIL (PERAK) SDN BHD,,TIAN SIANG OIL MILL
(PERAK)SDN.BHD.,,TIAN SIANG 0IL MILL (PERAK) SDN BHD,TIAN SIANG OILL MILL (PERAK) SDN BHD,TIAN SIANG OIL (PERAK),TIAN SIANG OIL MILL(PERAK)SDN.BHD.,TIAN SIANG OIL
MILL (PERAK) SDN
BHD"
PO1000003932,TIMORA,GLENEALY PLANTATIONS SDN BHD,Glenealy Plantations (GPSB),TIMOR ENTERPRISE SDN BHD,,,Not RSPO Certified,,2019-10-31,5.30472000000,118.34008000000,MYS,Malaysia,Sabah,Kinabatangan,1-Fully Verified,,,"TIMOR ENTERPRISE SDN BHD,,LAHAD DATU MILL,TIMORA PALM
OIL MILL,,,,,,,,,,,,,,TIMORA PALM OIL MILL,TIMORA PALM OIL
MILL,SAREMAS,ABDI BUDI MULIA 1231"
PO1000003933,TOPAZ EMAS,HOK HUAT GROUP SDN BHD,HOK HUAT GROUP,TOPAZ EMAS SDN BHD,,,Not RSPO Certified,,2019-10-31,4.55337000000,100.72559000000,MYS,Malaysia,Perak,Larut and Matang,1-Fully Verified,,,"TOPAZ EMAS SDN BHD,HOCK HUAT GROUP,TOPAZ EMAS SDN.BHD.,,,,TOPAZ EMAS SDN. BHD.,TOPAZ EMAS SDN. BHD.,,,,,,,"
PO1000003935,KUALA SUAI,TRADEWINDS PLANTATION BERHAD,Tradewinds Plantations (TPB),ARAH BERSAMA SDN BHD,,,Not RSPO Certified,,2019-10-31,3.67658000000,113.46447000000,MYS,Malaysia,Sarawak,Bintulu,1-Fully Verified,,,"ARAH BERSAMA,KUALA SUAI PALM OIL MILL,,,,,,,,,ARAH BERSAMA SDN BHD (KUALA SUAI),RWK MILL,ARAH BERSAMA SDN BHD,,,,"
PO1000003936,BINU,TRADEWINDS PLANTATION BERHAD,Tradewinds Plantations (TPB),BINU PLANTATION SDN BHD,,,Not RSPO Certified,,2019-10-31,3.94173000000,114.02654000000,MYS,Malaysia,Sarawak,Marudi,1-Fully Verified,,,"BINU PLANTATIONS,BINU PLANTATIONS SDN BHD,,,,,,,,,BINU PALM OIL MILL,K.K.S BINU,K.K.S BINU,BINA MITRA MAKMUR MILL,,,,"
PO1000003937,TRUSAN,TRADEWINDS PLANTATION BERHAD,Tradewinds Plantations (TPB),KUMPULAN KRIS JATI SDN BHD,,,Not RSPO Certified,,2019-10-31,4.82863000000,115.26507000000,MYS,Malaysia,Sarawak,Lawas,1-Fully Verified,,,"KUMPULAN KRISJATI (TRUSAN),KUMPULAN KRISJATI SDN BHD (TRUSAN),,KRIS JATI TRUSAN,TRUSAN PALM OIL MILL,,,,,,,,,,,,,,,,TRUSAN POM,,,,,,KUMPULAN KRISJATI SDN BHD,,"
PO1000003938,BATU PUTIH,TRADEWINDS PLANTATION BERHAD,Tradewinds Plantations (TPB),LADANG PERMAI SDN BHD,,,Not RSPO Certified,,2019-10-31,5.58000000000,117.94600000000,MYS,Malaysia,Sabah,Sandakan,1-Fully Verified,,,"LADANG PERMAI (BATU PUTIH),LADANG PERMAI SDN BHD (BATU PUTIH),,BATU PUTIH
PALM OIL MILL,,,,,,,,,BATU PUTIH PALM OIL,,,,,,BATU PUTIH POM,KKS BATU PUTEH,KKS BATU PUTEH,BATU PUTIH PALM
OIL MILL,BATU PUTIH PALM OIL MILL,,,,,,,LADANG PERMAI SDN BHD (BATH PUTIH),LADANG PERMAI SDN BHD (BATU,,"
PO1000003939,PERMAI,TRADEWINDS PLANTATION BERHAD,Tradewinds Plantations (TPB),LADANG PERMAI SDN BHD,,,Not RSPO Certified,,2019-10-31,5.18733000000,118.44029000000,MYS,Malaysia,Sabah,Lahad Datu,1-Fully Verified,,,"LADANG PERMAI (PERMAI),PERMAI MILL,,LADANG PERMAI,5.18744,,,,,,,,,PERMAI PALM OIL,,LADANG PERMAI SDN BHD (PERMAI MILL),,,,,LADANG PERMAI SDN. BHD.,LADANG PERMAI SDN. BHD.,PERMAI PALM
OIL MILL,PERMAI PALM OIL MILL,POM 1,,,,LADANG PERMAI SDN BHD (PERMAI"
PO1000003941,SERASA,TRADEWINDS PLANTATION BERHAD,Tradewinds Plantations (TPB),LADANG SERASA SDN BHD,,,Not RSPO Certified,,2019-10-31,5.09950000000,102.17583000000,MYS,Malaysia,Kelantan,Gua Musang,1-Fully Verified,,,"LADANG SERASA SDN BHD,KILANG KELAPA SAWIT SERASA,SERASA PALM OIL
MILL,,,,SERASA PALM OIL MILL,,,,,SIMPANG HULU BARAT,,,KILANG KELAPA SAWIT
SERASA,,SERASA POM"
PO1000003942,MELUR GEMILANG,TRADEWINDS PLANTATION BERHAD,Tradewinds Plantations (TPB),MELUR GEMILANG SDN BHD,,,Not RSPO Certified,,2019-10-31,1.20970000000,110.81396000000,MYS,Malaysia,Sarawak,Simunjan,1-Fully Verified,,,"MELUR GEMILANG PALM OIL MILL SDN BHD,,,,MELUR GEMILANG PALM OIL MILL SDN
BHD,,,,,,MELUR GEMILANG PALM OIL MILL
SDN BHD,MELUR GEMILANG PALM OIL MILL,,,MELUR GEMILANG PALM OIL MILL SDN.,MELUR GEMILANG PALM OIL MILL SDN.,MELUR GEMILANG SDN BHD- MILL,MELUR GEMILANG PALM OIL MILL SDN.
BHD.,MELUR GEMILANG PALM OIL MILL SDN.
BHD.,,,MELUR GEMILANG PALM OIL MILL SDN. BHD.,MELUR GEMILANG PALM OIL MILL SDN. BHD.,,,,,"
PO1000003943,RETUS,TRADEWINDS PLANTATION BERHAD,Tradewinds Plantations (TPB),RETUS PLANTATION SDN BHD,,,Not RSPO Certified,,2019-10-31,2.46558000000,111.93126000000,MYS,Malaysia,Sarawak,Sibu,1-Fully Verified,,,"RETUS PLANTATION,RETUS PLANTATION SDN BHD,,RETUS PALM OIL MILL,,,,,,,,RETUS PLANTATION SDN BHD-MILL,SUMBER KENCANA INDO PALMA/RINGIN,,,,"
PO1000003944,JUDAN,TRADEWINDS PLANTATION BERHAD,Tradewinds Plantations (TPB),SOLAR GREEN SDN BHD,,,Not RSPO Certified,,2019-10-31,2.77600000000,112.02600000000,MYS,Malaysia,Sarawak,Dalat,2-High Confidence,,,"SOLAR GREEN SDN BHD (JUDAN),SOLAR GREEN (JUDAN),SOLAR (JUDAN)"
PO1000003945,SUNGAI KACHUR,TRADEWINDS PLANTATION BERHAD,Tradewinds Plantations (TPB),LADANG PETRI TENGGARA SDN BHD,,,Not RSPO Certified,,2019-10-31,1.78333000000,103.76266000000,MYS,Malaysia,Johor,Kota Tinggi,1-Fully Verified,,,"LADANG PETRI TENGGARA (SUNGAI KACHUR),LADANG PETRI TENGGARA SDN BHD (SG.,,LADANG PETRI TENGGARA SDN BHD (SG. KACHUR),SG. KACHUR PALM OIL MILL,KILANG SAWIT SUNGAI KACHUR,SG KACHUR
PALM OIL MILL,,,LADANG PETRI TENGGARA SDN BHD (SG.
KACHUR),LADANG PETRI TENGGARA SDN BHD (SG.
KACHUR),,,,,,LADANG PETRI TENGGARA SDN BHD
(SG. KACHUR),SG KACHUR PALM OIL MILL,,,SUNGAI KACHUR PALM OIL MILL,SUNGAI KACHUR PALM OIL MILL,SUNGAI KACHUR SDN BHD - MILL,LADANG PETRI TENGGARA (SUNGAI
KACHUR),,SUNGAI KACHUR POM"
PO1000003947,TUNG HUP,TUNG HUP ENTERPRISE SDN BHD,TUNG HUP ENTERPRISE,TUNG HUP PALM OIL MILL SDN BHD,,,Not RSPO Certified,,2019-10-31,5.28245000000,117.86801000000,MYS,Malaysia,Sabah,Kinabatangan,1-Fully Verified,,,"TUNG HUP POM,,TUNGHUP,TUNG HUP
PALM OIL MILL,,,,,,,,,TUNG HUP PALM OIL,,TUNG HUP PALM OIL MILL SDN BHD,,,,,GENTING TRUSHIDUP,TUNG HUP PALM OIL SDN BHD,KKS TUNG HUP,KKS TUNG HUP,TUNG HUP PALM
OIL MILL,TUNG HUP PALM OIL MILL,,,,"
PO1000003948,UNIQUE,UNIQUE PALM OIL MILL SDN BHD,UNIQUE PALM OIL MILL,UNIQUE PALM OIL MILL SDN BHD,,,Not RSPO Certified,,2019-10-31,2.78178000000,112.29097000000,MYS,Malaysia,Sarawak,Mukah,2-High Confidence,,,"UNIQUE PALM OIL MILL,UNIQUE POM SDN BHD,,,,,,,,,UNIQUE PALM OIL MILL SDN. BHD.,UNIQUE PALM OIL MILL SDN. BHD.,UNIIQUE POM,,,,,,"
PO1000003949,MERIDIAN,UNITED MALACCA BHD (UMB),UNITED MALACCA BHD (UMB),MERIDIAN PLANTATIONS SDN BHD,,,Not RSPO Certified,,2019-10-31,6.45475000000,117.43118000000,MYS,Malaysia,Sabah,Beluran,1-Fully Verified,,,"MERIDIAN PLANTATIONS SDN BHD,,,,,,,,,,,,,,,MERIDIAN PALM OIL MILL,MERIDIAN PALM OIL MILL,SENYIUR POM,,,,,,"
PO1000003950,BUKIT SENORANG,UNITED MALACCA BHD (UMB),UNITED MALACCA BHD (UMB),SYARIKAT PENANAMAN BUKIT SENORANG SDN BHD,,,Not RSPO Certified,,2019-10-31,3.09746000000,102.42668000000,MYS,Malaysia,Pahang,Bera,1-Fully Verified,,,"SYARIKAT PENANAMAN BUKIT SENORANG,,SYARIKAT PENANAMAN BUKIT SENORANG SDN BHD,SYKT PENANAMAN BUKIT SENORANG SDN BHD,SBDUNK BITH SDENORANG,SYARIKAT PENANAMAN
BKT.SENORANG SDN.BHD.,BUKIT SENORANG
PALM OIL MILL,BUKIT
SENORANG
PALM OIL MILL,SYARIKAT PENANAMAN BUKIT SENORANG SDN,SYARIKAT PENANAMAN BUKIT SENORANG SDN,,,,SYKT PENANAMAN BUKIT SENORANG
SDN BHD,SYARIKAT PENANAMAN BKT.SENORANG
SDN.BHD.,SYARIKAT PENANAMAN BUKIT
SENORANG SDN BHD,SYARIKAT PENANAMAN BUKIT
SENORANG SDN BHD,SYARIKAT PENANAMAN BUKIT SENORANG
SDN BHD,,,,,,,,,SYARIKAT PENANAMAN BKT. SENORANG
SDN. BHD.,,BDUNK BIT HSDENORANG,BDUNK BIT HSDENORANG,BDUNK BIT HSDENORANG,BDUNK BIT HSDENORANG,SYARIKAT PENANAMAN BKT. SENORANG,SYARIKAT PENANAMAN BKT. SENORANG,UNITED MALACCA BHD,,SYARIKAT PENANAMAN BKT. SENORANG SDN. BHD.,SYARIKAT PENANAMAN BUKIT SENORANG SDN.
BHD.,SYARIKAT PENANAMAN BKT.SENORANG SDN.BHD.,SYARIKAT PENANAMAN BKT.SENORANG SDN.BHD.,BUKIT SENORANG PALM OIL MILL,SYARIKAT PENANAMAN BKT.SENORANG SDN.BHD,SYARIKAT PENANAMAN BUKIT
SENORANG,SYARIKAT PENANAMAN BKT. SENORANG
SDN. BHD.,,,SYARIKAT PENANAMAN
BKT.SENORANG
SDN.BHD.,,SYARIKAT PENANAMAN BUKITSENORANG,SYKT PENANAMAN BUKIT SENORANGSDN BHD,SYARIKAT PENANAMANBKT.SENORANG SDN.BHD.,BUKIT SENORANG POM,SYARIKAT PENANAMAN BKT.SENORANG
SDN.BHD.,SYARIKAT
PENANAMAN BUKIT
SENORANG SDN
BHD"
PO1000003951,UNITED OIL PALM,UNITED OIL PALM INDUSTRIES SDN BHD,UNITED OIL PALM INDUSTRIES,UNITED OIL PALM INDUSTRIES SDN BHD,,,Not RSPO Certified,,2019-10-31,5.15484000000,100.50777000000,MYS,Malaysia,Pulau Pinang,Seberang Perai Selatan,1-Fully Verified,,,"UNITED OIL PALM INDUSTRIES SDN BHD,UNITED OIL PALM INDUSTRIES SDN BHD,UNITED OIL PALM INDUSTRIES,UNITED OIL PALM INDUSTRIES SDN
BHD,MALPOM INDUSTRIES,,,UNITED OIL PALM INDUSTRIES SDN. BHD.,UNITED OIL PALM INDUSTRIES SDN. BHD.,PERMATANG LIMAU POM,UNITED 0IL PALM INDUSTRIES SDN BHD,UNITED OIL PALM INDUSTRY"
PO1000003952,VEETAR,VEE SENG DEVELOPMENT SDN BHD,VEE SENG DEVELOPMENT,VEETAR PALM OIL MILL SDN BHD,,,Not RSPO Certified,,2019-10-31,5.33640000000,116.94254000000,MYS,Malaysia,Sabah,Tongod,1-Fully Verified,,,"VEETAR PALM OIL MILL SDN BHD,,,,,,,,,,VEETAR PALM OIL,,,,,,GENTING INDAH OIL,VEETAR PALM OIL MILL,VEETAR PALM OIL MILL,VEETAR PALM OIL
MILL SDN BHD,DELTA-PELITA SEBAKING POM,,,,,,VEETAR PALM 0IL MILL SDN BHD,,"
PO1000003953,SOUTHERN MALAY,VICTORY ENGHOE PLANTATIONS SDN BHD,VICTORY ENGHOE PLANTATIONS,VICTORY ENGHOE PLANTATIONS SDN BHD,,,Not RSPO Certified,,2019-10-31,1.79100000000,103.36256000000,MYS,Malaysia,Johor,Keluang,1-Fully Verified,,,"VICTORY ENG HOE,KILANG KELAPA SAWIT SOUTHERN MALAY,VICTORY ENG HOE PLANTATIONS,SOUTHERN MALAY PALM OIL
MILL,,,,,KILANG KELAPA SAWIT SOUTHERN
MALAY,SOUTHERN MALAY PALM OIL MILL,LADANG SOUTHERN MALAY,,,,,,,,,,ENG HOE,VICTORY ENG HOE PLANTATIONS SDN BHD,VICTORY ENG HOE(SOUTHERN MALAY),,,K.K.S SOUTHERN MALAY,VICTORY ENG HOE (SOUTHERN MALAY),VICTORY ENG HOE (SOUTHERN
MALAY),ENG HOE POM,,,,VICTORY EGHOE,,,KILANG KELAPA SAWIT SOUTHERNMALAY,SOUTHERN MALAY POM"
PO1000003954,BUKIT KAPAH,VILA SUTERA SDN BHD,VILA SUTERA,VILA SUTERA SDN BHD,,,Not RSPO Certified,,2019-10-31,5.10942000000,102.89700000000,MYS,Malaysia,Trengganu,Hulu Terengganu,1-Fully Verified,,,"KILANG SAWIT BUKIT KAPAH,,KILANG KELAPA SAWIT BUKIT KAPAH,KILANG KELAPA SAWIT BUKIT KAPAH,KILANG SAWIT BUKIT KEPAH,,,,,,,,,,,BUKIT KAPAH KKS,VILA SUTERA SDN BHD KILANG SAWIT BUKIT KE,RH BAKONG PALM OIL MILL,,,K.K.S. BUKIT KAPAH,K.K.S. BUKIT KAPAH,VILA SUTERA SDN BHD,VILA SUTERA (KILANG SAWIT BUKIT KAPAH),BUKIT KEPAH,,,,BUKIT KAPAH PALM OIL MILL,KILAG SAWIT BUKIT KAPAH,KILANG KELAPA SAWIT KAPAH"
PO1000003956,WINSOME HARVEST,WINSOME HARVEST PALM OIL MILL SDN BHD,WINSOME HARVEST PALM OIL MILL,WINSOME HARVEST PALM OIL MILL SDN BHD,,,Not RSPO Certified,,2019-10-31,4.55332000000,118.35898000000,MYS,Malaysia,Sabah,Semporna,1-Fully Verified,,,"WINSOME HARVEST PALM OIL MILL SDN,WDINSOME HARVEST,,,WINSOME HARVEST PALM OIL MILL SDN BHD,WINSOME HARVEST PALM OIL,,WINSOME HARVEST PALM OIL MILL,WINSOME HARVEST PALM OIL MILL,WINSOME HARVEST PALM OIL MILL SDN
BHD,SUAJAYA MAHIR CROP,,"
PO1000003957,ADONG,WOODMAN SDN BHD,Woodman,WOODMAN KUALA BARAM ESTATES SDN BHD,,,Not RSPO Certified,,2019-10-31,4.54104000000,114.11910000000,MYS,Malaysia,Sarawak,Miri,1-Fully Verified,,,"KUALA BARAM ESTATES (ADONG),WOODMAN KUALA BARAM ESTATES SDN,,WOODMAN KUALA BARAM ESTATES SDN BHD (ADONG MILL),HADONG,ADONG MILL,,,,,,,,WOODMAN KUALA BARAM ESTATES SDN BHD (,WOODMAN KUALA BARAM ESTATES SDN BHD
(ADONG MILL),ADONG PALM OIL MILL,ADONG PALM OIL MILL,WOODMAN KUALA BARAM ESTATES SDN BHD (ADONGMILL),WOODMAN KUALA BARAM ESTATES SDN
BHD (ADONG MILL),WOODMAN KUALA BARAM ESTATES SDNBHD (ADONG MILL),YEE LEE,WOODMAN KUALA BARAM ESTATES SDN BHD (ADONG M,WOODMAN KUALA BARAM ESTATES SDN BH,BHD (ADONG MILL),,,KUALA BARAM ESTATES SDN BHD (A,,,WOODMAN KUALA BARAM ESTATES SDN BHD"
PO1000003958,SEMANOK,WOODMAN SDN BHD,Woodman,WOODMAN KUALA BARAM ESTATES SDN BHD,,,Not RSPO Certified,,2019-10-31,3.00524000000,112.89855000000,MYS,Malaysia,Sarawak,Tatau,1-Fully Verified,,,"KUALA BARAM ESTATES (SEMANOK),WOODMAN KUALA BARAM ESTATES SDN,,WOODMAN KUALA BARAM ESTATES SDN BHD (SEMANOK MILL),HSEDMANOK,SEMANOK MILL,,,,,,,,WOODMAN KUALA BARAM ESTATES SDN BHD
(SEMANOK MILL),KILANG KELAPA SAWIT SEMANOK,KILANG KELAPA SAWIT SEMANOK,WOODMAN KUALA BARAM ESTATES SDN BHD(SEMANOK MILL),WOODMAN KUALA BARAM ESTATES SDN
BHD (SEMANOK MILL),WOODMAN KUALA BARAM ESTATES SDNBHD (SEMANOK MILL),WOODMAN KUALA BARAM ESTATES SDN BHD (SEMANOK,WOODMAN KUALA BARAM ESTATES SDN BH,,,KUALA BARAM ESTATES SDN BHD (SE,,,(WADOOONDGM MANIL LK)UALA BARAM ESTATES SDN BHD"
PO1000003959,USAHA SEPADAN,WOODMAN SDN BHD,Woodman,WOODMAN KUALA BARAM ESTATES SDN BHD,,,Not RSPO Certified,,2019-10-31,3.34218000000,113.18811000000,MYS,Malaysia,Sarawak,Bintulu,1-Fully Verified,,,"KUALA BARAM ESTATES (USAHA),WOODMAN KUALA BARAM ESTATES SDN,,USAHA,HUDSAHA SEPADAN,USAHA MILL,,,,WOODMAN KUALA BARAM ESTATES SDN BHD (USAHA MILL),,WOODMAN KUALA BARAM ESTATES SDN BHD (,WOODMAN KUALA BARAM ESTATE,WOODMAN KUALA BARAM ESTATE,WOODMAN KUALA BARAM ESTATES SDN
BHD (USAHA MILL),WOODMAN KUALA BARAM ESTATES SDNBHD (USAHA MILL),WOODMAN KUALA BARAM ESTATES SDN BHD (USAHA MI,,,KUALA BARAM ESTATES SDN BHD (U,,,W(SEOMODAMNOAKN M KUILAL)LA BARAM ESTATES SDN BHD"
PO1000003961,WEALTH LEAP (HARVARD MASTER),WTK HOLDINGS BHD,WTK,WEALTH LEAP SDN BHD (HARVARD MASTER),,,Not RSPO Certified,,2019-10-31,3.75460000000,113.84912000000,MYS,Malaysia,Sarawak,Miri,1-Fully Verified,,,"WEALTH LEAP SDN BHD (HARVARD,,WEALTH LEAP SDN BHD  (HARVARD MASTER),WEALTH LEAP,RW) EALTH LEAP (HARVARD MASTER),,,,,,,,K.K.S. BATU NIAH,K.K.S. BATU NIAH,WEALTH LEAP SDN BHD (HARVARD
MASTER),WEALTH LEAP SDN BHD (HARVARD MASTER),WEALTH LEAP SDN BHD  (HARVARDMASTER),WEALTH LEAP SDN BHD  (HARVARD MASTER,MASTER),HARVARD MASTER SDN BHD,,,ALTH LEAP SDN BHD  (HARVARD MAST,HARVARD MASTER,,"
PO1000003962,WTK OIL MILL,WTK HOLDINGS BHD,WTK,WTK OIL MILL SDN BHD,,,Not RSPO Certified,,2019-10-31,3.57663000000,113.48808000000,MYS,Malaysia,Sarawak,Bintulu,1-Fully Verified,,,"WTK OIL MILL SDN BHD,,WTK,,,,,,,,KILANG KELAPA SAWIT IMBOK,KILANG KELAPA SAWIT IMBOK,WTK OIL MIL,,,,,W(UTSAKH OAI LM MILILL)L SDN BHD"
PO1000003963,YEE LEE,YEE LEE CORPORATION BHD,YEE LEE CORPORATION (YLCB),YEE LEE PALM OIL INDUSTRIES SDN BHD,,,Not RSPO Certified,,2019-10-31,4.08574000000,101.28028000000,MYS,Malaysia,Perak,Batang Padang,1-Fully Verified,,,"YEE LEE PALM OIL MILL SDN BHD,,,,YEE LEE PALM OIL INDUSTRIES,YEE LEE PALM OIL SDN BHD,K.K.S. YEE LEE PALM OIL INDUSTRIES SDN.,K.K.S. YEE LEE PALM OIL INDUSTRIES SDN.,YEE LEE PALM OIL INDUSTRIES SDN BHD,K.K.S. YEE LEE PALM OIL INDUSTRIES SDN. BHD.,K.K.S. YEE LEE PALM OIL INDUSTRIES SDN. BHD.,,,YEE LEE PALM 0IL MILL SDN BHD,YEE LEE PALM OIL INDUSTRIES SDN.
BHD.,,,K.K.S. YEE LEE PALM OIL INDUSTRIES SDN.
BHD.,YEE LEE PALM OIL INDUSTRIES SDNBHD"
PO1000003964,ALAF,YPJ PLANTATIONS SDN BHD,YPJ PLANTATIONS,YPJ PLANTATIONS SDN BHD,,,Not RSPO Certified,,2019-10-31,1.71868000000,103.78237000000,MYS,Malaysia,Johor,Kota Tinggi,1-Fully Verified,,,"SAWIT ALAF,YPJ PALM INTERNATIONAL SDN BHD,YPJ PALM INTERNATIONAL SDN BHD,KILANG KELAPA SAWIT ALAF,KILANG KELAPA SAWIT ALAF,KILANG SAWIT ALAF,,,,,,,YPJ ALAF MILL,,,,AJAF"
PO1000003965,YUWANG,YUWANG GROUP,Yuwang,YUWANG PALM OIL MILL SDN BHD,,,Not RSPO Certified,,2019-10-31,4.77676000000,117.93445000000,MYS,Malaysia,Sabah,Lahad Datu,1-Fully Verified,,,"YUWANG PALM OIL MILL SDN BHD,,,EMPRESA (M) SDN BHD,YUWANG PALM OIL MILL,,,,,,,,,YUWANG POM,,"
PO1000003966,TALI AYER,HILLTOP PALMS SDN BHD,HILLTOP PALMS,HILLTOP PALMS SDN BHD,,,Not RSPO Certified,,2019-10-31,5.05230000000,100.51560000000,MYS,Malaysia,Perak,Kerian,1-Fully Verified,,,"HILLTOP PALMS,HILLTOP PALMS SDN BHD,HILLTOP KELAPA SAWIT BATU LINTANG (TALI AYER),KILANG KELAPA SAWIT TALI AYER,EMPRESA PALM OIL MILL,,,TALI AYER PALM OIL,HILLTOP PALMS SDN BHD (TALI AYER MILL),,HILL TOP PALMS SDN BHD,,HILLTOP KELAPA SAWIT BATH LINTANG (TALI AYER)"
PO1000003970,SUMBER SAWIT,SAMPOERNA AGRO,Sampoerna Agro,GUNUNG TUA ABADI,,,RSPO Certified,"RSPO Certified, MB",2019-10-31,-3.81000000000,105.17000000000,IDN,Indonesia,Sumatera Selatan,Ogan Komering Ilir,1-Fully Verified,,,"GUNUNG TUA ABADI (SUMBER SAWIT),GUNUNG TUA ABADI,,,GUNUNG TUA ABADI-SUMBER SAWIT,,,,,SINAR UTAMA NABATI,,GUNUNG TUA ABADI PT.,OUNUNG TUA ABADI PT."
PO1000003976,SARANA PRIMA MULTI NIAGA,TSH RESOURCES,TSH Resources ,SARANA PRIMA MULTI NIAGA,,,RSPO Certified,"RSPO Certified, MB",2019-10-31,-1.996731,112.927169,IDN,Indonesia,Kalimantan Tengah,Kotawaringin Timur,1-Fully Verified,,,"SEI GALUH POM,SARANA PRIMA MULTI NIAGA
SARANA TITIAN PERMATA 1 TANJUNG,,,PT. SARANA PRIMA MULTI NIAGA,,ABDI BUDI MULIA 906"
PO1000003978,POLIGROW COLOMBIA LTDA,UNKNOWN,Poligrow Colombia,POLIGROW COLOMBIA LTDA,,,Not RSPO Certified,,2019-10-31,3.012836,-72.203053,COL,Colombia,Meta,Mapiripán,3-Low Confidence,,,"OLIOMAPI,,,,,,,,,,POLIGROW COLOMBIA,POLIGROW COLOMBIA LTA"
PO1000003979,ACEITES CIMARRONES SAS,UNKNOWN,Agropecuaria Santamaria,AGROPECUARIA SANTA MARIA S.A.,,,RSPO Certified,"RSPO Certified, IP",2019-10-31,3.03559000000,-73.11147000000,COL,Colombia,Meta,Puerto Rico,1-Fully Verified,,,"ACEITES CIMARRONES,ACEITES CIMARRONES S.A.S.,,,,,,,,,AGROPECUARIA SANTA MARIA,ACEITES CIMARRONES S.A.S ZONA FRANCA,ACEITES S.A. 2,ACEITES CIMARRONES
SAS,AGROPECUARIA SANTA MARIA S.A.,ACEITES S.A."
PO1000003980,AGROPECUARIA LA RIVERA GAITAN SAS,C.I BIOCOSTA S.A,C.I BIOCOSTA,AGROPECUARIA LA RIVERA GAITAN SAS,,,Not RSPO Certified,,2019-10-31,3.40954000000,-73.74954000000,COL,Colombia,Meta,Fuente de Oro,1-Fully Verified,,,"AGROPECUARIA LA RIVERA GAITAN,APROPECUARIA LA RIVERA GAITÁN,AGROPECUARIA LA RIVERA GAITAN S.A.S."
PO1000003981,AGROPECUARIA SANTA MARIA S.A. (SAN MARTIN),C.I BIOCOSTA S.A,C.I BIOCOSTA,AGROPECUARIA SANTA MARIA S.A. SAN MARTIN,,,RSPO Certified,"RSPO Certified, IP",2019-10-31,3.51586000000,-73.55833000000,COL,Colombia,Meta,San Martín,1-Fully Verified,,,"SAN MARTIN,AGROPECUARIA SANTA MARIA S.A. SAN,AGROPECUARIA SANTA MARIA (SAN MARTIN),AARGTRINOPECUARIA SANTA MARIA S.A. (SAN,AGROPECUARIA SANTA MARIA S.A. SAN MARTIN,,,,AGROPECUARIA SANTA MARIA S.A. (SAN,,,,,,,AGROPECUARIA SANTA MARIA S.A. (SAN
MARTIN),AGROPECUARIA SANTAMARIA S.A.,AGROPECUARIA SANTA MARIA S.A. SAN
MARTIN,AGROPECUARIA SANTA MARIA S.A. (SAN MARTIN) - ACEITES CIMARRONES,AGROPECUARIA SANTAMARIA,AGROPECUARIA SANTAMARÍA S.A.,AGROPECUARIA SANTA
MARIA S.A. (SAN MARTIN),AGROPECUARIA SANTA MARIA S.A.SAN MARTIN,AGROPECUARIA SANTA MARIA SA, (SAN MARTIN),AGROPECUARIA SANTA MARIA SA, (SAN MARTIN),AGROPECUARIA SANTA MARIA SA, (SAN MARTIN),AGROPECUARIA SANTA MARIA
S.A.,PLANTA DE BENEFICIO AGROPECUARIA SANTAMARIA,PLANTA DE BENEFICIO AGROPECUARIA SANTAMARIA S.A"
PO1000003982,COOPEAGROPAL EL ROBEL,UNKNOWN,Coopeagropal,COOPERATIVA AGROINDUSTRIAL DE PRODUCTORES DE PALMA ACEITERA R.L. (COOPEAGROPAL R.L.),,,Not RSPO Certified,,2019-10-31,8.43580000000,-82.94470000000,CRI,Costa Rica,Puntarenas,Corredores,1-Fully Verified,,,"COOPEAGROPAL EL ROBLE,CCCOTOOPPREEASG DRREO PPALLM  REA.L .RA)OCEBIETLERA R.L. (COOP,,,,,,,POCEREOASOG PRDOEEPA APGLRA ORLMP.LAA.L )AECL ERIOTEBREAL R.L. (COOPE,COOPEAGROPAL RL,ACLOMOAP EAACGERITOEPRAL R E.L.  R(COOBOELPEAGROPAL R.L.),COOPERATIVA AGROINDUSTRIAL DE SERVICIOS MULTIPLESDE PRPDUCTORES DE PALMA ACEITERA R.L,ACLMOOAP AECAEGIRTOEPRA LR E.LL R. (OCBOEOLPEAGROPAL R.L.),ACLMOOAP AECAEGIRTOEPRA LR E.LL R. (OCBOEOLPEAGROPAL R.L.),ACLMOOAP AECAEGIRTOEPRA LR E.LL R. (OCBOEOLPEAGROPAL R.L.),ACLMOOAP AECAEGIRTOEPRA LR E.LL R. (OCBOEOLPEAGROPAL R.L.),ACLMOOAP AECAEGIRTOEPRA LR E.LL R. (OCBOEOLPEAGROPAL R.L.),ACLMOOAP AECAEGIRTOEPRA LR E.LL R. (OCBOEOLPEAGROPAL R.L.),ACLMOOAP AECAEGIRTOEPRA LR E.LL R. (OCBOEOLPEAGROPAL R.L.),ACLMOOAP AECAEGIRTOEPRA LR E.LL R. (OCBOEOLPEAGROPAL R.L.),ACLMOOAP AECAEGIRTOEPRA LR E.LL R. (OCBOEOLPEAGROPAL R.L.),COOPERATIVA AGROINDUSTRIAL DE SERVICIOS MULTIPLES DE,"
PO1000003983,ENTREPALMAS S.A.S.,UNKNOWN,C.I BIOCOSTA,ENTREPALMAS S.A.S.,,,RSPO Certified,"RSPO Certified, IP",2019-10-31,3.56458000000,-73.57942000000,COL,Colombia,Meta,San Martín,1-Fully Verified,,,"ENTREPALMAS,,,,,,,,,,,,ENTREPALMAS S.A,ENTREPALMAS SAS,ENTREPALMAS SA,S,,ENTREPALMAS SA,S,,ENTREPALMAS SA,S,,ENTREPALMAS S.A.,"
PO1000003984,PALMATEC CORPORATION DE COSTA RICA S.A.,UNKNOWN,Coopeagropal,PALMATEC CORPORATION DE COSTA RICA S.A.,,,Not RSPO Certified,,2019-10-31,8.42120000000,-82.96860000000,CRI,Costa Rica,Puntarenas,Corredores,2-High Confidence,,,"PLANTA ACETEIRA PALMATEC,PALMATEC CORPORATION DE COSTA RICA SA,SP.A.LMATEC CORPORATION DE COSTA RIC,PALMATEC CORPORATION DE COSTA RICA,P.AA.LMATEC CORPORATION DE COSTA RICA,P.AA.LMATEC CORPORATION DE COSTA RICA,PALMATEC CORPORATION DE COSTA RICA
S.A.,PALMATEC CORPORATION DE COSTA RICA S.A,"
PO1000003985,EXTRACTORA LA PAZ S.A.,UNKNOWN,,EXTRACTORA LA PAZ S.A.,,,Not RSPO Certified,,2019-10-31,3.71118000000,-73.27217000000,COL,Colombia,Meta,San Carlos de Guaroa,1-Fully Verified,,,"EXTRACTORA LA PAZ,EXTRACTORA LA PAZ S.A,AGROINCE LTDA Y CIA SCA"
PO1000003988,ACEITES MORICHAL,UNKNOWN,Aceites Morichal,ACEITES MORICHAL S.A.,,,Not RSPO Certified,,2019-10-31,3.92985000000,-73.24278000000,COL,Colombia,Meta,San Carlos de Guaroa,1-Fully Verified,,,"ACEITES MORICHAL S.A.S.,,,,ACEITES MORICHAL S.A.S,"
PO1000003989,QUEVEPALMA,UNKNOWN,OLEANA,CIECOPALMA,OLEANA,,Not RSPO Certified,,2019-10-31,-0.96576000000,-79.47003000000,ECU,Ecuador,Los Rios,Quevedo,1-Fully Verified,,,"EXTRACTORA QUEVEPALMA,EXTRACTORA QUEVEPALMA S.A."
PO1000003990,INVERSIONES LA MEJORANA S.A.S,C.I BIOCOSTA S.A,C.I BIOCOSTA,INVERSIONES LA MEJORANA S.A.S,,,Not RSPO Certified,,2019-10-31,3.96128000000,-73.62678000000,COL,Colombia,Meta,Acacías,1-Fully Verified,,,"INVERSIONES LA MEJORANA,INVERSIONES LA MEJORANA S.A.S.,,,,,,,,,,,,INVERSIONES LA MEJORANA LTDA,PALMERAS DEL LLANO,PALMERAS DEL LLANO S.A.,INVERSIONES LA MEJORANA LTDA.,"
PO1000003991,EXTRACTORA RIO COCA,OLEANA/GRUPO ALZAMORA,OLEANA,EXTRACTOCOCA EXTRACTORA RIO COCA S.A.,,,Not RSPO Certified,,2019-10-31,-0.38250000000,-76.99548000000,ECU,Ecuador,Orellana,Orellana,1-Fully Verified,,,EXTRACTORA RIO COCA S.A.
PO1000003992,ALIANZA ORIENTAL S.A.,UNKNOWN,MANUELITA,ALIANZA ORIENTAL S.A.,,,RSPO Certified,"RSPO Certified, IP",2019-10-31,3.99508000000,-73.58075000000,COL,Colombia,Meta,Villavicencio,2-High Confidence,,,"ALIANZA ORIENTAL,,,,,,ALIANZA ORIENTAL S.A,ALIAZA ORIENTAL S.A,ALIANZA ORIENTAL SA,,ALIANZA ORIENTAL SA,,ALIANZA ORIENTAL SA,,ALIANZA ORIENTAL S A,"
PO1000003993,LA SEXTA,OLEANA/GRUPO ALZAMORA,OLEANA,EXTRACTORA LA SEXTA S.A.,,,Not RSPO Certified,,2019-10-31,0.29003000000,-79.27319000000,ECU,Ecuador,Esmeraldas,Quinindé,1-Fully Verified,,,EXTRACTORA LA SEXTA
PO1000003994,ACEITES LAS COLOMBIANAS,C.I BIOCOSTA S.A,C.I BIOCOSTA,ACEITES LAS COLOMBIANAS (ALASCOL) S.A.S.,,,Not RSPO Certified,,2019-10-31,4.07908000000,-73.69364000000,COL,Colombia,Meta,Villavicencio,1-Fully Verified,,,"ACEITES LAS COLOMBIANAS S.A.S,OLEOCOA,ACEITES LAS COLOMBIANAS S.A.S.,OLEAGOSINAS DEL OCOA,ARCA DEL LLANO S.A.S"
PO1000003995,TEOBROMA,OLEANA/GRUPO ALZAMORA,OLEANA,ALCOPALMA S.A.,,,RSPO Certified,"RSPO Certified, IP",2019-10-31,-0.04669000000,-79.35214000000,ECU,Ecuador,Santo Domingo de los Tsachilas,La Concordia,3-Low Confidence,,,EXTRACTORA TEOBROMA
PO1000003996,SAPUGA S.A.,UNKNOWN,SAPUGA S.A.,SAPUGA S.A.,SAPUGA S.A.,,Not RSPO Certified,,2019-10-31,4.14798000000,-72.03718000000,COL,Colombia,Meta,Puerto Gaitán,2-High Confidence,,,"SAPUGA,,,,,,"
PO1000003997,EXTRACTORA LA FRANCIA,AGROAMERICA,AGROAMERICA,EXTRACTORA LA FRANCIA / AGROCARIBE,,,RSPO Certified,"RSPO Certified, IP",2019-10-31,15.46847000000,-88.80942000000,GTM,Guatemala,Izabal,Morales,1-Fully Verified,,,"EXTRACTORA LA FRANCIA S.A.,,,,AGROCARIBE,AGROCARIBE,PLANTA EXTRACTORA LA FRANCIA,EXTRACTORA LA FRANCIA
S.A.,EXTRACTORA LA FRANCIA S. A.,EXTRACTORA LA
FRANCIA S.A.,EXTRACTORA LA
FRANCIA S.A.,EXTRACTORA LA
FRANCIA S.A.,EXTRACTORA LA
FRANCIA S.A.,PLANTA EXTRACTORA LA
FRANCIA,"
PO1000003998,REPSA I,GRUPO HAME,GRUPO HAME,REFORESTADORA DE PALMA DEL PETEN S.A. (REPSA),,,Not RSPO Certified,,2019-10-31,16.11867000000,-90.07181000000,GTM,Guatemala,Petén,Sayaxché,2-High Confidence,,,"REFORESTADORA DE PALMAS DE EL PETEN,REFORESTADORA DE PALMAS DE EL PETEN SA,REFORESTADORA DE PALMAS DELPETEN S.A. (REPSA),REFORESTADORA DE PALMAS DE EL PETEN
S.A. I"
PO1000003999,HACIENDA LA CABAÑA S.A.,INPARME S.A.,INPARME,HACIENDA LA CABAÑA S.A.,,,RSPO Certified,"RSPO Certified, MB",2019-10-31,4.30119000000,-73.35635000000,COL,Colombia,Cundinamarca,Paratebueno,2-High Confidence,,,"HACIENDA LA CABAÑA,,,,,,,,,,,HACIENDA LA CABAÃ‘A,HACIENDA LA CABAÃ±A S.A.,HACIENDA LA CABANA S.A.,HACIENDA LA CABAÃ‘A SA,,HACIENDA LA CABAÃ‘A SA,,HACIENDA LA CABAÃ‘A SA,,HACIENDA LA CABAÃ‘A S.A.,"
PO1000004000,FRAY MILL / YALCOBE,NATURACEITES S.A.,NATURACEITES,NATURACEITES S.A.,NATURACEITES,,Not RSPO Certified,,2019-10-31,15.78769000000,-89.84794000000,GTM,Guatemala,Alta Verapaz,Fray Bartolomé de las Casas,1-Fully Verified,,,"YALCOBE,,,,,,,,,,,FRAY MILL,FRAY,YALCOBE/ PLANTA EXTRACTORA FRAY BARTOLOME DE LAS CASAS,FRAY MILL/YALCOBE,FRAY MILL/ YALCOBE"
PO1000004002,REPSA II,GRUPO HAME,GRUPO HAME,REFORESTADORA DE PALMA DEL PETEN S.A. (REPSA),,,RSPO Certified,"RSPO Certified, IP",2019-10-31,16.13970000000,-90.16580000000,GTM,Guatemala,Petén,Sayaxché,2-High Confidence,,,"REFORESTADORA DE PALMAS DE EL PETEN
S.A. II"
PO1000004003,PALMERAS SANTANA LTDA,UNKNOWN,C.I BIOCOSTA,PALMERAS SANTANA LTDA,,,RSPO Certified,"RSPO Certified, MB",2019-10-31,4.56413000000,-72.90762000000,COL,Colombia,Casanare,Villanueva,1-Fully Verified,,,"PALMERAS SANTANA,,,,,,PALMERAS SANTANA LTDA.,PALMERAS SANTANA S.A.S"
PO1000004004,AGROINDUSTRIAL PALMA REAL S.A. DE C.V. (AGROPALMA),GRUPO JAREMAR,Grupo Jaremar,AGROINDUSTRIAL PALMA REAL S.A. DE C.V.,,,Not RSPO Certified,,2019-10-31,15.84883000000,-85.87554000000,HND,Honduras,Colón,Trujillo,1-Fully Verified,,,"AGROINDUSTRIAL PALMA REAL,AGROINDUSTRIAL PALMA REAL S.A.,,.AGROINDUSTRIAL PALMA REAL S.A. DE C.,,,,,A. GROINDUSTRIAL PALMA REAL S.A. DE,AGROINDUSTRIAL PALMA REAL S.A. DE C.V.,AGROINDUSTRIAL PALMA REAL S.A.
(AGROPALMA),AGROINDUSTRIAL PALMA REAL S.A. (AGROPALMA),AGROINDUSTRIAL PALMA REAL S.A. DE C.V. (AGROPAL,AGROINDUSTRIAL PALMA REAL S.A. DE C.V. (AGROPAL,AGROINDUSTRIAL PALMA REAL S.A. DE C.V. (AGROPAL,AGROINDUSTRIAL PALMA REAL S.A. DE C.V. (AGROPAL,AGROINDUSTRIAL PALMA REAL S.A. DE C.V. (AGROPAL,AGROINDUSTRIAL PALMA REAL S.A. DE C.V. (AGROPAL,AGROINDUSTRIAL PALMA REAL S.A. DE C.V. (AGROPAL,AGROINDUSTRIAL PALMA REAL S.A. DE C.V.
(AGROPALMA)"
PO1000004005,EXTRACTORA CUSIANA LTDA,C.I BIOCOSTA S.A,C.I BIOCOSTA,EXTRACTORA CUSIANA LTDA,,,Not RSPO Certified,,2019-10-31,4.59506000000,-72.82742000000,COL,Colombia,Casanare,Villanueva,2-High Confidence,,,"EXTRACTORA CUSIANA,EXTRACTORA CUSIANA S.A.S.,OLEO INVERSIONES S.A.S.,,,,,,,,,,EXT. CUSIANA"
PO1000004006,CORPORACION INDUSTRIAL DE SULA (COINSU),GRUPO JAREMAR,Grupo Jaremar,CORPORACION INDUSTRIAL DE SULA (COINSU),,,Not RSPO Certified,,2019-10-31,15.74322000000,-87.88794000000,HND,Honduras,Cortés,Choloma,1-Fully Verified,,,"CORPORACION INDUSTRIAL DE SULA,COINSU,,CORPORACION INDUSTRIAL DE SULA S.A. (COINSU),SCUO)RPORACION INDUSTRIAL DE SULA (COI,,,,,CORPORACION INDUSTRIAL DE SULA S.A.,CORPORACION INDUSTRIAL DE SULA
(COINSU)"
PO1000004007,PALMAR DE ALTAMIRA S.A.S.,MANUELITA,MANUELITA,PALMAR DE ALTAMIRA S.A.S.,,,RSPO Certified,"RSPO Certified, IP",2019-10-31,4.75051000000,-71.68246000000,COL,Colombia,Casanare,Orocué,1-Fully Verified,,,"PALMAR DE ALTAMIRA,PALMAR DE ALTAMIRA S.A.S,PALMAR ALTAMIRA,,,,PALMAR DE AL TAMIRA S.A.S.,ACEITES MANUELITA S.A.-PLANTA YAGUARITO,"
PO1000004008,PALMEROS DE AGUAN S.A. (PALMASA),UNKNOWN,Palmeros del Aguan,PALMEROS DE AGUAN S.A.  (PALMASA),,,Not RSPO Certified,,2019-10-31,15.76127000000,-85.76807000000,HND,Honduras,Colón,Bonito Oriental,1-Fully Verified,,,"PALMEROS DE AGUAN S.A.,,PALMEROS DE AGUAN (PALMASA),PALMEROS DEL AGUAN,PALMEROS DEL AGUAN S.A.,,,,,PALMASA,PALMEROS AGUAN S.A. PALMASA,SPABLMAEROS DEL AGUAN S.A."
PO1000004009,PLANTA EXTRACTORA AGUAN,DINANT,DINANT,EXPORTADORA DEL ATLANTICO (DINANT),,,Not RSPO Certified,,2019-10-31,15.72800000000,-85.85747000000,HND,Honduras,Colón,Tocoa,1-Fully Verified,,,"EXPORTADORA DEL ATLANTICO AGUAN,EXPORTADORA DEL ATLANTICO(DINANT)"
PO1000004010,EXTRACTORA CENTRAL S.A.,UNKNOWN,Fedepalma,FEDEPALMA,Fedepalma,,Not RSPO Certified,,2019-10-31,7.28400000000,-73.62180000000,COL,Colombia,Santander,Sabana de Torres,1-Fully Verified,,,"EXTRACTORA CENTRAL,,,,FEDEPALMA,"
PO1000004011,PLANTA EXTRACTORA LEAN,DINANT,DINANT,EXPORTADORA DEL ATLANTICO (DINANT),,,Not RSPO Certified,,2019-10-31,15.59806000000,-87.39333000000,HND,Honduras,Atlántida,Arizona,1-Fully Verified,,,"EXPORTADORA DEL ATLANTICO(DINANT),SPALABNATA EXTRACTORA LEAN,PALM OIL MILL LEÃ¡N,LEAN POM"
PO1000004012,EXTRACTORA MONTERREY  S.A.,SACEITES,SACEITES,EXTRACTORA MONTERREY  S.A.,,,RSPO Certified,"RSPO Certified, MB",2019-10-31,7.29856000000,-73.88373000000,COL,Colombia,Santander,Puerto Wilches,1-Fully Verified,,,"EXTRACTORA MONTERREY,EXTRACTORA MONTERREY S.A.,,,,,,,,,,,,EXTRACTORA MONTERREY S.A.S.,"
PO1000004013,SPO AGRO INDUSTRIES,UNKNOWN,,SPO AGRO INDUSTRIES,,,Not RSPO Certified,,2019-10-31,8.51990000000,99.22800000000,THA,Thailand,Surat Thani,Prasaeng,1-Fully Verified,,,"SPO AGRO-INDUSTRIES,S.P.O AGRO-INDUSTRIES CO. LTD,S.P.O AGRO-INDUSTRIES CO.,LTD.,S.P.O AGRO-INDUSTRIES CO.,LTD.,SPO AGRO‐INDUSTRIES,S.P.O AGRO-INDUSTRIES CO.,LTD.,S.P.O AGRO-INDUSTRIES CO.,LTD.,SPO AGRO-INDUSTRIES CO., LTD.,S.P.O. AGRO INDUSTRIES CO LTD,SPO AGRO-INDUSTRIES CO., LTD.,S.P.O AGRO-INDUSTRIES CO.,LTD.,S.P.O AGRO-INDUSTRIES CO.,LTD.,S.P.O AGRO-INDUSTRIES CO.,LTD.,S.P.O AGRO-INDUSTRIES CO.,LTD.,S.P.O AGRO-INDUSTRIES CO.,LTD.,S.P.O AGRO-INDUSTRIES CO.,LTD.,S.P.O AGRO-INDUSTRIES CO.LTD.,S.P.O. AGRO-INDUSTRIES CO. LTD,S.P.O AGRO-INDUSTRIES COLTD. 1,SPO AGRO INDUSTRY CO LTD,S.P.O. AGRO-INDUSTRIES CO. LTD. (SURAT THANI),SPO AGRO-INDUSTRIES CO. LTD.,S.P.O AGRO-INDUSTRIES CO. LTD. (SURAT THANI),S.P.O. AGRO-INDUSTRIES CO. LTD.,S.P.O AGRO-INDUSTRIES CO. LTD(SICHON)"
PO1000004014,PALMERAS DE PUERTO WILCHES S.A.,UNKNOWN,DAABON GROUP,PALMERAS DE PUERTO WILCHES S.A.,,,Not RSPO Certified,,2019-10-31,7.33906000000,-73.83739000000,COL,Colombia,Santander,Puerto Wilches,1-Fully Verified,,,"PALMERAS DE PUERTO WILCHES,,,,,,PALMAS Y TRABAJO S.A.S,PALMERAS PUERTO WILCHES S.A.,"
PO1000004015,SAENGSIRI AGRO‐INDUSTRIES CO. LTD,UNKNOWN,,SAENGSIRI AGRO‐INDUSTRIES CO. LTD,,,Not RSPO Certified,,2019-10-31,9.08440000000,99.42850000000,THA,Thailand,Surat Thani,Kanchanadit,1-Fully Verified,,"Crusher,CPO","SAENGSIRI AGRO-INDUSTRIES CO. LTD,SAENGSIRI AGRO-INDUSTRIES CO. LTD,SAENGSIRI AGRO-INDUSTRIES,SAENG-SIRI AGRO-INDUSTRIES CO., LTD.,SEANGSIRI AGRO-INDUSTRIES CO.,LTD.,SEANGSIRI AGRO-INDUSTRIES CO.,LTD.,SAENG-SIRI AGRO-INDUSTRIES CO., LTD.,SAENGSIRI AGRO‐INDUSTRIES,.S LATEDNGSIRI AGRO‐INDUSTRIES C,SEANGSIRI AGRO-INDUSTRIES CO.,LTD.,SEANGSIRI AGRO-INDUSTRIES CO.,LTD.,SAENGSIRI AGRO-INDUSTRIES CO., LTD.,SAENG-SIRI AGRO-INDUSTRIES CO., LTD.,SAENGSIRI AGRO-INDUSTRIES CO., LTD.,SEANGSIRI AGRO-INDUSTRIES CO.,LTD.,SEANGSIRI AGRO-INDUSTRIES CO.,LTD.,SEANGSIRI AGRO-INDUSTRIES CO.,LTD.,SEANGSIRI AGRO-INDUSTRIES CO.,LTD.,SAENG-SIRI AGRO-INDUSTRIES CO., LTD.,SEANGSIRI AGRO-INDUSTRIES CO.,LTD.,SEANGSIRI AGRO-INDUSTRIES CO.,LTD.,SAENG-SIRI AGRO-INDUSTRIES CO., LTD.,SAENG-SIRI AGRO-INDUSTRIES CO., LTD.,SAENG-SIRI AGRO-INDUSTRIES CO., LTD.,SAENG-SIRI AGRO-INDUSTRIES CO., LTD.,SAENG-SIRI AGRO-INDUSTRIES CO. LTD.,SEANGSIRI AGRO-INDUSTRIES CO.LTD.,SAENGSIRI AGRO-INDUSTRIES COLTD.,SEANGSIRI AGRO-INDUSTRIES CO.LTD,SEANGSIRI AGRO-INDUSTRIES CO LTD,SAENGSIRI AGRO-INDUSTRIES CO. LTD.,SAENGSIRI AGRO INDUSTRIES CO. LTD,,,,SAENGSIRI AGROÂ€INDUSTRIES CO LTD,,SAENGSIRI AGROÂ€I NDUSTRIES CO. LTD,SAENGSIRI AGROÂ€ INDUSTRIES CO. LTD,SAENGSIRI PALM OIL CO. LTD,SEANGSIRI AGRO-INDUSTRIES CO.LTD,SAENGSIRI AGRO?INDUSTRIES CO. LTD"
PO1000004016,EXTRACTORA VIZCAYAS S.A.S.,UNKNOWN,VIZCAYA,EXTRACTORA VIZCAYAS S.A.S.,,,Not RSPO Certified,,2019-10-31,7.57539000000,-73.95053000000,COL,Colombia,Bolívar,Simití,2-High Confidence,,,"EXTRACTORA VIZCAYA,EXTRACTORA VIZCAYA S.A.S.,,,,,,VIZCAYA,EXTRACTORA VIZCAYA SAS,EXTRACTORA VIZCAYA S.A.S..,EXTRACTORA CENTRAL S.A.,"
PO1000004017,INDUSPALMA DOMINICANA,MERCASID,MERCASID,INDUSPALMA DOMINICANA SA,,,Not RSPO Certified,,2019-10-31,18.72540000000,-69.76410000000,DOM,Dominican Republic,Monte Plata,Monte Plata,1-Fully Verified,,,
PO1000004018,COOPEMAPACHI,UNKNOWN,,COOPERATIVA DE PRODUCTORES DE PALMA ACEITERA DE CHIRIQUÍ,,,Not RSPO Certified,,2019-10-31,8.44330000000,-82.85050000000,PAN,Panama,Chiriquí,Barú,1-Fully Verified,,,"CEO COHPIERIMQUAÍPACHI,CEO COHPIERIMQUAÍPACHI,CEO COHPIERIMQUAÍPACHI,CEO COHPIERIMQUAÍPACHI,PLANTA EXTRACTORA DE ACEITE COOPEMAPACHI R.L.,"
PO1000004019,COOPAR LTDA,C.I BIOCOSTA S.A,C.I BIOCOSTA,COOPERATIVA PALMAS DE RISARALDA LTDA,,,Not RSPO Certified,,2019-10-31,8.20255000000,-72.54868000000,COL,Colombia,Norte de Santander,San José de Cúcuta,1-Fully Verified,,,"COOPERATIVA PALMAS RISARALDA LTDA,,,,,,,,,,COOPERATIVA PALMAS DE RISARALDA,COOPERATIVA PALMAS DE RISARALDA LTDA"
PO1000004020,EXTRACTORA PALMAWASI,GRUPO PALMAS / PALMAS DEL ESPINO,GRUPO PALMAS / PALMAS DEL ESPINO,INDUSTRIAS DEL ESPINO SA,,,RSPO Certified,"RSPO Certified, MB",2019-10-31,-8.33500000000,-76.49110000000,PER,Peru,San Martín,Tocache,1-Fully Verified,,,"PALMAWASI,INDUSTRIAS DEL ESPINO (EXTRACTORA PALMAWASI),INDUSTRIAS DEL ESPINO S.A- PALMAWASI"
PO1000004025,PALMAGRO,C.I BIOCOSTA S.A,C.I BIOCOSTA,ACEITAGRO S.A.,,,Not RSPO Certified,,2019-10-31,9.65140000000,-73.56629000000,COL,Colombia,Cesar,Agustín Codazzi,1-Fully Verified,,,"PALMAGRO,PALMAGRO S.A.,,,"
PO1000004026,EXTRACTORA SICARARE LTDA,UNKNOWN,Extractora del Sur de Casanare,EXTRACTORA SICARARE LTDA,,,RSPO Certified,"RSPO Certified, IP",2019-10-31,9.93194000000,-73.26249000000,COL,Colombia,Cesar,Agustín Codazzi,1-Fully Verified,,,"EXTRACTORA SICARARE,EXTRACTORA SICARARE S.A.S.,,SICARARE,,,,,EXTRACTORA SICARARE
S.A.S.,EXTRACTORA SICARARE
S.A.S.,EXTRACTORA SICARARE
S.A.S.,EXTRACTORA SICARARE
LTDA,EXTRACTORA SICARARE SAS,EXTRACTORA
SICARARE SAS,,"
PO1000004027,PALMARIGUANI S.A,C.I BIOCOSTA S.A,C.I BIOCOSTA,PALMARIGUANI S.A,,,Not RSPO Certified,,2019-10-31,9.93600000000,-73.94405000000,COL,Colombia,Cesar,Bosconia,1-Fully Verified,,,
PO1000004029,PALMACEITE S.A.,UNKNOWN,Palmaceite S A,PALMACEITE S.A.,Palmaceite S A,,RSPO Certified,"RSPO Certified, IP",2019-10-31,10.61890000000,-74.16890000000,COL,Colombia,Magdalena,Ciénaga,1-Fully Verified,,,"PALMACEITE,,,,,,CI BIOCOSTA,PALMACEITE SA,,PALMACEITE SA,,PALMACEITE SA,,PALMACEITE S.A"
PO1000004030,EXTRACTORA EL ROBLE S.A.,FAMAR S.A.,Amara,EL ROBLE S.A,,,RSPO Certified,"RSPO Certified, IP, MB",2019-10-31,10.67100000000,-74.21517000000,COL,Colombia,Magdalena,Ciénaga,1-Fully Verified,,,"EL ROBLE,EL ROBLE S.A.,,,,EXTRACTORA EL ROBLE
EXTRARSA,EXTRACTORA EL ROBLE
EXTRARSA,EXTRACTORA EL ROBLE
EXTRARSA,EXTRACTORA EL ROBLE
EXTRARSA,EXTRACTORA EL ROBLE
EXTRARSA,EXTRACTORA EL ROBLE
EXTRARSA,EXTRACTORA EL ROBLE
EXTRARSA,EXTRACTORA EL ROBLE
EXTRARSA,EXTRACTORA EL ROBLE
EXTRARSA,EXTRACTORA EL ROBLE
EXTRARSA,EXTRACTORA EL ROBLE
EXTRARSA,EXTRACTORA EL ROBLE
EXTRARSA,EXTRACTORA EL ROBLE
EXTRARSA,EXTRACTORA EL ROBLE
EXTRARSA,EXTRACTORA EL ROBLE
EXTRARSA,EXTRACTORA EL ROBLE
EXTRARSA,EXTRACTORA EL ROBLE
EXTRARSA,EXTRACTORA EL ROBLE
EXTRARSA,EXTRACTORA EL ROBLE
EXTRARSA,EXTRACTORA EL ROBLE
EXTRARSA,EXTRACTORA EL ROBLE
EXTRARSA,EXTRACTORA EL ROBLE
EXTRARSA,EXTRACTORA EL ROBLE
EXTRARSA,EXTRACTORA EL ROBLE
EXTRARSA,EXTRACTORA EL ROBLE
EXTRARSA,EXTRACTORA EL ROBLE
EXTRARSA,EXTRACTORA EL ROBLE
EXTRARSA,EXTRACTORA EL ROBLE
EXTRARSA,EXTRACTORA EL ROBLE
EXTRARSA,EXTRACTORA EL ROBLE
S.A.,EXTRACTORA EL ROBLE SA,EXTRACTORA EL ROBLE SA,,EXTRACTORA EL ROBLE SA,,EXTRACTORA EL ROBLE SA,,EXTRACTORA EL ROBLE EXTRARSA,EXTRACTORA EL ROBLE,EXTRACTORA EL ROBLE S.A.S,,EXTRACTORA EL ROBLE SAS"
PO1000004031,FRUPALMA S.A,EXTRACTORA FRUPALMA S.A.,EXTRACTORA FRUPALMA,FRUPALMA S.A,,,Not RSPO Certified,,2019-10-31,10.70444000000,-74.19483000000,COL,Colombia,Magdalena,Ciénaga,1-Fully Verified,,,"EXTRACTORA FRUPALMA,FRUPALMA S.A.,,FRUPALMA,,,,"
PO1000004032,"PALMAS OLEAGINOSAS DEL MAGDALENA LTDA (PALDEMA, PADELMA)",C.I BIOCOSTA S.A,C.I BIOCOSTA,PALMAS OLEAGINOSAS DEL MAGDALENA LTDA (PALDEMA),,,Not RSPO Certified,,2019-10-31,10.72222000000,-74.20000000000,COL,Colombia,Magdalena,Ciénaga,1-Fully Verified,,,"INVERSORA DEL MAGDALENA Y CIA,PALMAS OLEAGINOSAS DEL MAGDALENA,PADELMA,PALMAS OLEAGINOSAS DEL MAGDALENA (PALDEMA),TPDAAL M(PASL DOELMEAAG)INOSAS DEL MAGDALENA,,,,,,,,,,INVERSORA DEL MAGDALENA Y CIA SA,TPDA L(MPAASL ODELEMAGAIN) OSAS DEL MAGDALENA,TPDA L(MPAASL ODELEMAGAIN) OSAS DEL MAGDALENA,PALMAS OLEAGINOSAS DEL MAGDALENA LTDA (PALDEMA,
PADELMA),PALMAS OLEAGINOSAS DEL MAGDALENA LTDA (PALDEMA,
PADELMA),P)ALMAS OLEAGINOSAS DEL MAGDALENA LTDA (PALDEMA, P,P)ALMAS OLEAGINOSAS DEL MAGDALENA LTDA (PALDEMA, P,PALMAS OLEAGINOSAS DEL MAGDALENA
LTDA (PADELMA),PALMAS OLEAGINOSAS DEL MAGDALENA LTDA (PALDEMA,
PADELMA),P)ALMAS OLEAGINOSAS DEL MAGDALENA LTDA (PALDEMA, P,P)ALMAS OLEAGINOSAS DEL MAGDALENA LTDA (PALDEMA, P,P)ALMAS OLEAGINOSAS DEL MAGDALENA LTDA (PALDEMA, P,PALMAS OLEAGINOSAS DEL MAGDALENA LTDA (PALDEMA,
PADELMA),MPAALM)AS OLEAGINOSAS DEL MAGDALENA LTDA (PALDE,MPAALM)AS OLEAGINOSAS DEL MAGDALENA LTDA (PALDE,MPAALM)AS OLEAGINOSAS DEL MAGDALENA LTDA (PALDE,PALMAS OLEAGINOSAS DEL MAGDALENA
LTDA (PALDEMA PADELMA),INVERSORA DEL MAGDALENA & CIA S.A.,PALMAS OLEAGINOSAS DEL MAGDALENA (PADELMA)"
PO1000004033,EXTRACTORA LA BELLA S.A.S.,UNKNOWN,EXTRACTORA LA BELLA S.A.S.,EXTRACTORA LA BELLA S.A.S.,,,Not RSPO Certified,,2019-10-31,10.77074000000,-74.17798000000,COL,Colombia,Magdalena,Ciénaga,1-Fully Verified,,,EXTRACTORA LA BELLA
PO1000004034,GRADESA S.A.,GRADESA S.A.,GRADESA,GRASAS Y DERIVADOS S.A. (GRADESA),,,Not RSPO Certified,,2019-10-31,11.00200000000,-74.21863000000,COL,Colombia,Magdalena,Ciénaga,1-Fully Verified,,,GRADESA (GRASAS Y DERIVADOS)
PO1000004055,KRIYA SWARNA PUBIAN,MEDCO AGRO,MEDCO AGRO,KRIYA SWARNA PUBIAN,,,Not RSPO Certified,,2019-10-31,-5.06370000000,104.87663000000,IDN,Indonesia,Lampung,Lampung Tengah,1-Fully Verified,,,"KRIYA SWARNA PUBIAN, PT.,KRIYA SWARNA PUBIAN, PT.,KRIYA SWARNA PUBIAN, PT.,KRIYA SWARNA PUBIAN, PT.,KALIMANTAN SANGGAR PUSAKA,,KRIYA SWARNA PUBIAN PT."
PO1000004056,BUNGA MAYANG,MAKIN,Makin,WAHANA KARYA MANDIRI KAHURIPAN,,,Not RSPO Certified,,2019-10-31,-4.47159000000,104.25592000000,IDN,Indonesia,Sumatera Selatan,Ogan Komering Ulu Timur,1-Fully Verified,,,"WANA KARYA MULYA KAHURIPAN,WANA KARYA MULYA KAHURIPAN (BUNGA MAYANG),MAYANG),DHANISTA SURYA NUSANTARA,,,"
PO1000004057,DAMAI JAYA LESTARI,TORGANDA,Tor Ganda,DAMAI JAYA LESTARI,,,Not RSPO Certified,,2019-10-31,-4.41562000000,121.64022000000,IDN,Indonesia,Sulawesi Tenggara,Kolaka,1-Fully Verified,,,
PO1000004059,SINAR BENGKULU SELATAN,TRINITY INTERLINK,TRINITY INTERLINK,SINAR BENGKULU SELATAN,,,Not RSPO Certified,,2019-10-31,-4.37820000000,102.84060000000,IDN,Indonesia,Bengkulu,Bengkulu Selatan,1-Fully Verified,,,"TRINITY INTERLINK,,,,SINAR BENGKULU SELATAN, PT.,SINAR BENGKULU SELATAN, PT.,SINAR BENGKULU SELATAN, PT.,SINAR BENGKULU SELATAN, PT.,SINAR BENGKULU SELATAN, PT.,SINAR BENGKULU SELATAN, PT.,SINAR BENGKULU SELATAN, PT.,SINAR BENGKULU SELATAN, PT.,SINAR BENGKULU SELATAN, PT.,SINAR BENGKULU SELATAN, PT.,SINAR BENGKULU SELATAN, PT.,SINAR BENGKULU SELATAN, PT.,SINAR BENGKULU SELATAN, PT.,SINAR BENGKULU SELATAN, PT.,SINAR BENGKULU SELATAN, PT.,SINAR BENGKULU SELATAN, PT.,SINAR BENGKULU SELATAN, PT.,SINAR BENGKULU SELATAN, PT.,SINAR BENGKULU SELATAN, PT.,SINAR BENGKULU SELATAN, PT.,SINAR BENGKULU SELATAN, PT.,SINAR BENGKULU SELATAN, PT.,SINAR BENGKULU SELATAN, PT.,SINAR BENGKULU SELATAN, PT.,SINAR BENGKULU SELATAN, PT.,SINAR BENGKULU SELATAN PT.,SINAR BENGKULU
SELATAN,,"
PO1000004060,MENGGALA SAWITINDO,SINAR JAYA AGRO INVESTAMA (SJAI),SINAR JAYA AGRO INVESTAMA (SJAI),MENGGALA SAWITINDO,,,Not RSPO Certified,,2019-10-31,-4.35085000000,105.27094000000,IDN,Indonesia,Lampung,Tulangbawang,1-Fully Verified,,,"PT. MENGGALA SAWITINDO,,,,MUARA BAHAR POM,,,,"
PO1000004061,UNIT TALO PINO,PTPN III,PTPN III,PERKEBUNAN NUSANTARA VII,,,Not RSPO Certified,,2019-10-31,-4.24671000000,102.71249000000,IDN,Indonesia,Bengkulu,Seluma,1-Fully Verified,,,"TALO PINO,,,,PERKEBUNAN NUSANTARA VII (TALO PINO)"
PO1000004063,SURYA UTAMA NABATI,UNKNOWN,Surya Utama Nabati (SUN),SURYA UTAMA NABATI,Surya Utama Nabati (SUN),,Not RSPO Certified,,2019-10-31,-4.18889000000,105.22056000000,IDN,Indonesia,Lampung,Tulang Bawang Barat,1-Fully Verified,,,"PONDOK LABU MILL,,SURYA UTAMA NABATI PT."
PO1000004064,GARUDA BUMI PERKASA,TUDUNG,TUDUNG,GARUDA BUMI PERKASA,,,Not RSPO Certified,,2019-10-31,-4.02990000000,105.15880000000,IDN,Indonesia,Lampung,Mesuji,1-Fully Verified,,,",,,,,,DHARMASRAYA PALMA SEJAHTERA,LAMBANG SAWIT PERKASA,ABDI BUDI MULIA 304"
PO1000004065,PKS I,RAJAWALI NUSANTARA INDONESIA (RNI),RAJAWALI NUSANTARA INDONESIA (RNI),MITRA OGAN,,,Not RSPO Certified,,2019-10-31,-3.89647000000,104.35450000000,IDN,Indonesia,Sumatera Selatan,Ogan Komering Ulu,1-Fully Verified,,,"PERKEBUNAN MITRA OGAN 1,PERKEBUNAN MITRA OGAN,KARANG DAPO,,,"
PO1000004066,PELAIHARI,PTPN III,PTPN III,PERKEBUNAN NUSANTARA XIII,,,Not RSPO Certified,,2019-10-31,-3.72547000000,114.78627000000,IDN,Indonesia,Kalimantan Selatan,Tanah Laut,1-Fully Verified,,,"PERKEBUNAN NUSANTARA XIII PELAIHARI,,,,PTPN XIII - PELAIHARI,PTPN XIII PELAIHARI,PERKEBUNAN NUSANTARA XIII,PERKEBUNAN NUSANTARA XIII (PELAIHARI),PABRIK MINYAK SAWIT PELAIHARI"
PO1000004067,SAWIT MULIA,UNKNOWN,Sawit Mulia,SAWIT MULIA,,,Not RSPO Certified,,2019-10-31,-3.63453000000,102.21224000000,IDN,Indonesia,Bengkulu,Bengkulu Tengah,1-Fully Verified,,,"PT SAWIT MULIA,,,,ABDI BUDI MULIA 928"
PO1000004068,SUNGAI KIKIM,SINAR MAS,Sinar Mas,SAWIT MAS SEJAHTERA,,,Not RSPO Certified,,2019-10-31,-3.63301000000,103.21910000000,IDN,Indonesia,Sumatera Selatan,Lahat,1-Fully Verified,,,"SAWIT MAS SEJAHTERA (SUNGAI KIKIM),SUNGAI KIKIM MILL,PT SAWIT MAS SEJAHTERA - SUNGAI KIKIM,,,,,SAWIT MAS SEJAHTERA (PKS SUNGAI KIKIM),,SAWIT MAS SEJAHTERA,PT SAWIT MAS SEJAHTERA - SUNGAI
KIKIM,KIKIM,,,,,SAWIT MAS SEJAHTERA (PKS SUNGAI"
PO1000004070,BATU BULAN,EAGLE HIGH PLANTATIONS,Eagle High Plantations (EHPT),SURYABUMI TUNGGAL PERKASA,,,Not RSPO Certified,,2019-10-31,-3.33711000000,115.77100000000,IDN,Indonesia,Kalimantan Selatan,Tanah Bumbu,1-Fully Verified,,,"SURYABUMI TUNGGAL PERKASA,BUMILANGGENG PERDANATRADA (BATU BULAN),BATU BULAN MILL,SURYABUMI TUNGGAL PERKASA - BATU BULAN,,,,PT. BUMILANGGENG PERDANATRADA (BATU BU,SURYABUMI TUNGGAL PERKASA (BATU BULAN MILL),MUSTIKA MILL,,SURYABUMI TUNGGAL PERKASA (BATU
BULAN MILL)"
PO1000004072,AGRICINAL,UNKNOWN,Agricinal,AGRICINAL,Agricinal,,Not RSPO Certified,,2019-10-31,-3.20097000000,101.63014000000,IDN,Indonesia,Bengkulu,Bengkulu Utara,1-Fully Verified,,,"AGRI CINAL,ULUAN,,,,,,,,"
PO1000004075,KARYA INDO SEJATITAMA,UNKNOWN,,KARYA INDO SEJATITAMA,,,Not RSPO Certified,,2019-10-31,-2.99794000000,102.78784000000,IDN,Indonesia,Sumatera Selatan,Musi Rawas,1-Fully Verified,,,"KARYAINDO SEJATITAMA,,,,INTAN SEJATI ANDALAN,,,,,,,,PT KARYAINDO SEJATITAMA,PT. KARYAINDO SEJATITAMA,KARYA INDO  SEJATITAMA,,,,"
PO1000004077,GUNUNG BAIS,LONSUM,LONSUM,PERUSAHAAN PERKEBUNAN LONDON SUMATRA INDONESIA,,,Not RSPO Certified,,2019-10-31,-2.97547000000,103.34178000000,IDN,Indonesia,Sumatera Selatan,Musi Rawas,1-Fully Verified,,,
PO1000004078,BUMI MENTARI KARYA,SUPERVENTURE,SUPERVENTURE,BUMI MENTARI KARYA,,,Not RSPO Certified,,2019-10-31,-2.87559000000,101.42376000000,IDN,Indonesia,Bengkulu,Mukomuko,1-Fully Verified,,,"BUMI MENTARI KARYA 2,BUMI MENTARI KARYA (AIR HITAM),BUMI MENTARI KARYA (MUKO-MUKO),,BUMI MENTARI KARYA AIR HITAM,,,HUTA BAYU MARSADA,LUBUK BENTO,LUBUK BENTO,,,,,,PT. BUMI MENTARI KARYA (MUKO-MUKO),PT. BUMI MENTARI KARYA (MUKO-MUKO),ANUGERAH,PT BUMI MENTARI KARYA,"
PO1000004080,ANDIRA AGRO,META EPSI,META EPSI,ANDIRA AGRO,,,Not RSPO Certified,,2019-10-31,-2.78660000000,105.09890000000,IDN,Indonesia,Sumatera Selatan,Ogan Komering Ilir,1-Fully Verified,,,ABDI BUDI MULIA 51
PO1000004081,LUBUK BENTO,WIDYA,Widya,DARIA DHARMA PRATAMA,,,Not RSPO Certified,,2019-10-31,-2.79371000000,101.40252000000,IDN,Indonesia,Bengkulu,Mukomuko,1-Fully Verified,,,"DARIA DHARMA PRATAMA LUBUK BENTO,DARIA DHARMA PRATAMA (LUBUK BENTO),AIR HITAM,DARIA DHARMA PRATAMA (PKS LBK BENTO),DARIA DHARMA PRATAMA (PKS LUBUK BENTO),DARIA DHARMA PRATAMA (PKS LBK
BENTO),DARIA DHARMA PRATAMA LUBUK
BENTO,BUMI MENTARI KARYA - MUKOMUKO,"
PO1000004082,SWADAYA INDOPALMA,GAMA PLANTATIONS,KPN,SWADAYA INDOPALMA,,,Not RSPO Certified,,2019-10-31,-2.76588000000,104.63151000000,IDN,Indonesia,Sumatera Selatan,Banyu Asin,1-Fully Verified,,,"SWADAYA INDOPALMA,,ABDI BUDI MULIA 1139"
PO1000004083,LADA,UNITED PLANTATIONS,UNITED PLANTATIONS,SURYA SAWIT SEJATI,,,RSPO Certified,"RSPO Certified, MB",2019-10-31,-2.59090000000,111.77256000000,IDN,Indonesia,Kalimantan Tengah,Kotawaringin Barat,1-Fully Verified,,,"SURYA SAWIT SEJATI,SURYA SAWIT SEJATI (LADA),,,,,,,LADA POM,,,,PKS LADA,,ABDI BUDI MULIA 530"
PO1000004084,SWARNA NUSA SENTOSA,CAPELLA,CAPELLA,SWARNA NUSA SENTOSA,,,Not RSPO Certified,,2019-10-31,-2.48254000000,106.07674000000,IDN,Indonesia,Bangka Belitung,Bangka Tengah,1-Fully Verified,,,",,,,,,,SWARNA NUSA SENTOSA, PT.,SWARNA NUSA SENTOSA, PT.,SWARNA NUSA SENTOSA, PT.,SWARNA NUSA SENTOSA PT."
PO1000004085,IPUH,WIDYA,Widya,DARIA DHARMA PRATAMA,,,Not RSPO Certified,,2019-10-31,-2.98076000000,101.50673000000,IDN,Indonesia,Bengkulu,Mukomuko,1-Fully Verified,,,"DARIA DHARMA PRATAMA IPUH,DARIA DHARMA PRATAMA (IPUH),DARIA DHARMA PRATAMA (PKS IPUH),"
PO1000004089,PELAKAR,SINAR MAS,Sinar Mas,KRESNA DUTA AGROINDO,,,RSPO Certified,"RSPO Certified, MB",,-2.18527800,102.64222200,IDN,Indonesia,Jambi,Sarolangun,2-High Confidence,,,PT KRESNA DUTA AGROINDO - PELAKAR MILL
PO1000004090,LAMBANG SAWIT PERKASA,LAMBANG JAYA,LAMBANG JAYA,LAMBANG SAWIT PERKASA,,,Not RSPO Certified,,2019-10-31,-2.22376000000,102.48046000000,IDN,Indonesia,Jambi,Sarolangun,1-Fully Verified,,,"SABANG SAWIT NUSANTARA,,,,LAMBANG SAWIT
PERKASA"
PO1000004092,PASER,PADASA ENAM UTAMA,PADASA ENAM UTAMA,MULTI MAKMUR MITRA ALAM,,,Not RSPO Certified,,2019-10-31,-2.15082000000,116.08386000000,IDN,Indonesia,Kalimantan Timur,Paser,1-Fully Verified,,,"ALAM PERMAI MAKMUR RAYA (PASERS),MULTI MAKMUR MITRA ALAM,ALAM PERMAI MAKMUR RAYA PASERS,PASERS,,,,SIRINGO RINGO POM,ALAM PERMAI MAKMUR RAYA
PASERS,MULTI MAKMUR MITRA
ALAM,,,,,,ABDI BUDI MULIA 755"
PO1000004093,AGRO NUSA ABADI,ASTRA AGRO LESTARI,Astra Agro Lestari (AAL),AGRO NUSA ABADI,,,Not RSPO Certified,,2019-10-31,-2.12989000000,121.48496000000,IDN,Indonesia,Sulawesi Tengah,Morowali,1-Fully Verified,,,",,,,,,,,,,"
PO1000004094,GRAHA CIPTA BANGKO JAYA,MENTARI,MENTARI,GRAHACIPTA BANGKOJAYA,,,Not RSPO Certified,,2019-10-31,-2.08528000000,102.43647000000,IDN,Indonesia,Jambi,Merangin,1-Fully Verified,,,"GRAHACIPTA BANGKOJAYA,PT. GRAHACIPTA BANGKOJAYA,GRAHACIPTA BANGKO JAYA,PT GRAHACIPTA BANGKOJAYA,KARANG ANYAR,GRAHACIPTA BANGKOJAYA MILL,RAHACIPTA BANGKO AYA MILL"
PO1000004096,BORNEO INDAH MARJAYA,ASTRA AGRO LESTARI,Astra Agro Lestari (AAL),BORNEO INDAH MARJAYA,,,Not RSPO Certified,,2019-10-31,-2.03320000000,116.40102000000,IDN,Indonesia,Kalimantan Timur,Paser,2-High Confidence,,,MUARA KANDIS POM
PO1000004098,TANJUNG SAWIT ABADI,CITRA BORNEO INDAH (CBI),CITRA BORNEO INDAH (CBI),TANJUNG SAWIT ABADI,,,RSPO Certified,"RSPO Certified, MB",2019-10-31,-1.91169000000,111.59941000000,IDN,Indonesia,Kalimantan Tengah,Lamandau,1-Fully Verified,,,"PKS MALATA,MALATA,,,ABDI BUDI MULIA 1183"
PO1000004100,MEGASAWINDO PERKASA,INCASI RAYA (GUNAS),Incasi Raya Group (IRG),MEGASAWINDO PERKASA,,,Not RSPO Certified,,2019-10-31,-1.68430000000,102.23470000000,IDN,Indonesia,Jambi,Bungo,1-Fully Verified,,,"PELEPAT,MEGASAWINDO PERKASA – PELEPAT"
PO1000004101,SUMBERTAMA NUSA PERTIWI,BAKRIE,Bakrie,SUMBERTAMA NUSAPERTIWI,,,Not RSPO Certified,,2019-10-31,-1.68040000000,103.79988000000,IDN,Indonesia,Jambi,Muaro Jambi,1-Fully Verified,,,"SUMBERTAMA NUSAPERTIWI,,,,TUNGGAL PERKASA PLANTATIONS,,,,,,,,BAKRIE SUMATERA PLANTATIONS TBK,SUMBERTAMA NUSA
PERTIWI,,"
PO1000004102,ADHYAKSA DHARMA SATYA,EAGLE HIGH PLANTATIONS,Eagle High Plantations (EHPT),ADHYAKSA DHARMA SATYA,,,Not RSPO Certified,,2019-10-31,-1.58893000000,112.86188000000,IDN,Indonesia,Kalimantan Tengah,Kotawaringin Timur,1-Fully Verified,,,"ADHYAKSA DHARMASATYA,,,"
PO1000004103,ERASAKTI WIRA FORESTAMA 1,ERASAKTI WIRA FORESTAMA,Erasakti Wira Forestama,ERASAKTI WIRA FORESTAMA,Erasakti Wira Forestama,,Not RSPO Certified,,2019-10-31,-1.52947000000,103.72625000000,IDN,Indonesia,Jambi,Muaro Jambi,1-Fully Verified,,,"PKS ERASAKTI 1,ERASAKTI WIRAFORESTAMA,ERASAKTI - 1,,,PT. ERASAKTI WIRAFORESTAMA,PT. ERASAKTI WIRAFORESTAMA,PKS - 1,,,ERASAKTI WIRAFORESTAMA  1,"
PO1000004104,TIDAR KERINCI AGUNG,TIRTA MAS MAJUTAMA,TIRTA MAS MAJUTAMA,TIDAR KERINCI AGUNG,,,Not RSPO Certified,,2019-10-31,-1.52085000000,101.55337000000,IDN,Indonesia,Sumatera Barat,Dharmasraya,1-Fully Verified,,,",,,,,,,,,,LUBUK BESAR,TIRTA MAS,PABRIK LUBUK BESAR,KALIREJO LESTARI"
PO1000004105,TEBO PLASMA INTILESTARI,UNKNOWN,,TEBO PLASMA INTILESTARI,,,Not RSPO Certified,,2019-10-31,-1.44474000000,102.53729000000,IDN,Indonesia,Jambi,Tebo,1-Fully Verified,,,TEBO PLASMA INTI LESTARI
PO1000004106,TOILI,UNKNOWN,Kurnia Luwuk Sejati,KURNIA LUWUK SEJATI,Kurnia Luwuk Sejati,,Not RSPO Certified,,2019-10-31,-1.35902000000,122.30718000000,IDN,Indonesia,Sulawesi Tengah,Banggai,1-Fully Verified,,,"KURNIA LUWUK SEJATI,,PKS TOILI,,,,,,,,KURNIA LUWUK SEJATI (TOILI),PT KURNIA LUWUK SEJATI,,,,"
PO1000004107,MUARATOYU SUBUR LESTARI,TRIPUTRA AGRO PERSADA,TAP,MUARATOYU SUBUR LESTARI,,,Not RSPO Certified,,2019-10-31,-1.35177000000,116.38291000000,IDN,Indonesia,Kalimantan Timur,Penajam Paser Utara,1-Fully Verified,,,"MUARATOYU SUBUR
LESTARI,,,,"
PO1000004109,LETAWA,ASTRA AGRO LESTARI,Astra Agro Lestari (AAL),LETAWA,,,Not RSPO Certified,,2019-10-31,-1.33213000000,119.42824000000,IDN,Indonesia,Sulawesi Barat,Mamuju Utara,1-Fully Verified,,Crusher,",,,,,,,PT. LETAWA,PT. LETAWA,PT LETAWA,LETAWA LTD,,"
PO1000004110,MITRA SAWIT JAMBI,UNKNOWN,Asian Agri,MITRA SAWIT JAMBI,,,Not RSPO Certified,,2019-10-31,-1.31689000000,103.08683000000,IDN,Indonesia,Jambi,Tanjung Jabung B,1-Fully Verified,,,"MITRA SAWIT JAMBI (RANTAU BADAK),,,,,,,,,,,,KERESA PLANTATIONS SDN BHD,SEI KIJANG POM,PT. MITRA SAWIT JAMBI,PT MITRA SAWIT JAMBI"
PO1000004111,CITRAKOPRASINDO TANI,METRO,METRO,CITRAKOPRASINDO TANI,,,Not RSPO Certified,,2019-10-31,-1.29592000000,103.14364000000,IDN,Indonesia,Jambi,Tanjung Jabung B,1-Fully Verified,,,"CITRA KOPRASINDO TANI (RANTAU BADAK),RANTAU BADAK (CKT),CITRA KOPRASINDO TANI,RANTAU BADAK,,CITRAKOPASINDO TANI,,,,TUNJUK LANGIT,,CITRA INDAH PERTIWI,,,,,"
PO1000004112,RAAL,UNKNOWN,PT Rudy Agung Agralaksana,RUDY AGUNG AGRA LAKSANA,,,Not RSPO Certified,,2019-10-31,-1.27621000000,103.24873000000,IDN,Indonesia,Jambi,Tanjung Jabung B,1-Fully Verified,,,"RUDYAGUNG AGRALAKSANA,RUDYAGUNG AGRALAKSANA,,RUDY AGUNG AGRA LAKSANA,RUDYAGUNG AGRALAKSANA(RAAL),,,,,RUDY AGUNG AGRALAKSANA MILL,RUDYAGUNG AGRA LAKSANA,,"
PO1000004113,PASANGKAYU,ASTRA AGRO LESTARI,Astra Agro Lestari (AAL),PASANGKAYU,,,Not RSPO Certified,,2019-10-31,-1.22236000000,119.47245000000,IDN,Indonesia,Sulawesi Barat,Mamuju Utara,1-Fully Verified,,Crusher,"PASANG KAYU,,,,,,PASANG KAYU, PT.,PT. PASANG KAYU,PT. PASANG KAYU,PASANG KAYU, PT.,PASANG KAYU, PT.,PASANG KAYU PT.,,"
PO1000004114,TRANSCO PRATAMA,INCASI RAYA (GUNAS),Incasi Raya Group (IRG),TRANSCO PRATAMA,,,Not RSPO Certified,,2019-10-31,-1.17846000000,101.72234000000,IDN,Indonesia,Sumatera Barat,Dharmasraya,1-Fully Verified,,,PRATAMA UNGGUL SEJAHTERA
PO1000004116,BUTONG,MAKIN,Makin,ANTANG GANDA UTAMA,,,Not RSPO Certified,,2019-10-31,-1.11569000000,114.88719000000,IDN,Indonesia,Kalimantan Tengah,Barito Utara,1-Fully Verified,,,"ANTANG GANDA UTAMA (BUTONG),ANTANG GANDA UTAMA BUTONG,ANTANG GANDA UTAMA-BUTONG,ANTANG GANDA UTAMA,SEI KERANDI"
PO1000004117,SEI AKAR,UNKNOWN,Anam Koto,SUGIH RIESTA JAYA,,,Not RSPO Certified,,2019-10-31,-0.79292000000,102.59630000000,IDN,Indonesia,Riau,Indragiri Hulu,1-Fully Verified,,,"SUGIH RIESTA JAYA,SUGIH RIESTA JAYA PT,,,,,,,,,,,"
PO1000004119,BUKIT PAYUNG,SARIMAS,SMP,TRI BAKTI SARIMAS,Tri Bakti Sarimas (TBS),,Not RSPO Certified,,2019-10-31,-0.72820000000,101.63990000000,IDN,Indonesia,Riau,Kuantan Singingi,2-High Confidence,,,"TRIBAKTI SARIMAS,,,,,,TRI BAKTI SARIMAS,PERKEBUNAN HASIL MUSI LESTARI,CENGAR,,,,,,,BUKIT PAYUNG ( I)"
PO1000004121,FARINDA BERSAUDARA,TSH RESOURCES,TSH Resources ,FARINDA BERSAUDARA,,,Not RSPO Certified,,2019-10-31,-0.69589000000,116.26187000000,IDN,Indonesia,Kalimantan Timur,Kutai Barat,1-Fully Verified,,,
PO1000004125,PRIMA PALM LATEX INDUSTRI,UNKNOWN,DHARMA AGUNG WIJAYA (DAW),PRIMA PALM LATEX INDUSTRI,,,Not RSPO Certified,,2019-10-31,2.78305000000,99.25397000000,IDN,Indonesia,Sumatera Utara,Asahan,1-Fully Verified,,,",,,,,,,PRIMA PALM LATEX INDUSTRI MILL,PT PRIMA PALM LATEX INDUSTRI,PRIMA PALM LATEX
INDUSTRI,,,"
PO1000004126,KARYA MITRA ANDALAN,MAHKOTA,Mahkota,KARYA MITRA ANDALAN,,,Not RSPO Certified,,2019-10-31,2.78457000000,99.61819000000,IDN,Indonesia,Sumatera Utara,Asahan,1-Fully Verified,,,",,LIBO SAWIT PERKASA,,,,,,PT KARYA MITRA ANDALAN,PT. KARYA MITRA ANDALAN,,,,KARYA MITRA ANDALAN(ASSOCIATED ENTITY)"
PO1000004127,DENDYMARKER,SIPEF,SIPEF,DENDY MARKER INDAH LESTARI,,,RSPO Certified,"RSPO Certified, MB",2019-10-31,-2.79503000000,102.94468000000,IDN,Indonesia,Sumatera Selatan,Musi Rawas,1-Fully Verified,,,"DENDYMARKER INDAH LESTARI,,,ALUE KUYUN,,,,,,DENDYMARKER INDAHLESTARI,ABDI BUDI MULIA 240"
PO1000004128,INECDA,SAMSUNG,SAMSUNG,INECDA PLANTATIONS,,,RSPO Certified,"RSPO Certified, MB",2019-10-31,-0.49318000000,102.36756000000,IDN,Indonesia,Riau,Indragiri Hulu,1-Fully Verified,,,"INECDA MILL,INECDA PLANTATIONS,INECDA PLANTATION,,,,IN ECCLA,,,,,,,,PT. INECDA,PT. INECDA,INECDA PT.,,,"
PO1000004129,SAWITA INTER PERKASA,UNKNOWN,,SAWITA INTER PERKASA,,,Not RSPO Certified,,2019-10-31,2.79900000000,99.44162000000,IDN,Indonesia,Sumatera Utara,Asahan,1-Fully Verified,,,",,,,,,,PT. SAWITA INTER PERKASA,"
PO1000004130,SWAKARSA SAWIT RAYA,UNKNOWN,MENTARI,SWAKARSA SAWIT RAYA,Swakarsa Sawit Raya (SSR),,Not RSPO Certified,,2019-10-31,-0.48911000000,102.47909000000,IDN,Indonesia,Riau,Indragiri Hulu,1-Fully Verified,,,",,,BUKIT BINTANG SAWIT,,,,SWAKARSA
SAWIT RAYA,,,,,PT. SWAKARSA SAWIT RAYA,PT SWAKARSA SAWIT RAYA,,,SWAKARSA SAWIT RAYA PALM OIL MILL"
PO1000004131,PAHU MAKMUR,LONSUM,LONSUM,PERUSAHAAN PERKEBUNAN LONDON SUMATRA INDONESIA,,,Not RSPO Certified,,,-0.59832400,116.13980000,IDN,Indonesia,Kalimantan Timur,Kutai Barat,1-Fully Verified,,,
PO1000004132,SUNGAI MAGALAU,SINAR MAS,Sinar Mas,SINAR KENCANA INTI PERKASA,,,Not RSPO Certified,,2019-10-31,-2.80767000000,116.18630000000,IDN,Indonesia,Kalimantan Selatan,Kota Baru,1-Fully Verified,,,"SINAR KENCANA INTI PERKASA (SUNGAI MAGALAU),SINAR KENCANA INTI PERKASA SENAKIN,PT SINAR KENCANA INTI PERKASA - SUNGAI MAGALAU,SUNGAI MANGGALAU,,SINAR KENCANA INTI PERKASA (SENAKIN),,,SINAR KENCANA INTI PERKASA SUNGAI MANGG,KENCAN INTI PERKASA MILL,,,,"
PO1000004133,SEI LAKITAN,LONSUM,LONSUM,PERUSAHAAN PERKEBUNAN LONDON SUMATRA INDONESIA,,,Not RSPO Certified,,2019-10-31,-2.83283000000,103.12932000000,IDN,Indonesia,Sumatera Selatan,Musi Rawas,1-Fully Verified,,,
PO1000004134,BERANGIR,PTPN III,PTPN III,PERKEBUNAN NUSANTARA IV,PTPN IV,,RSPO Certified,"RSPO Certified, MB",2019-10-31,2.22472000000,99.76028000000,IDN,Indonesia,Sumatera Utara,Labuhanbatu Utara,1-Fully Verified,,,"PT PERKEBUNAN NUSANTARA VI BERANGIR,SRI INDRAPURA SAWIT LESTARI,PTP NUSANTARA IV (BERANGIR),PT PERKEBUNAN NUSANTARA VI BERANGIR PO,PERKEBUNAN NUSANTARA IV (BERANGIR),BERKAT SAWIT SEJAHTERA MILL,,,,PTPN IV (BERANGIR),PTPN IV (BERANGIR),,ERKEBUNAN NUSANTARA IV (BERANGI,ABDI BUDI MULIA 119"
PO1000004135,PINANG WITMAS SEJATI,UNKNOWN,KUALA LUMPUR KEPONG (KLK),PINANG WITMAS SEJATI,,,Not RSPO Certified,,2019-10-31,-2.22193000000,104.17680000000,IDN,Indonesia,Sumatera Selatan,Musi Banyuasin,1-Fully Verified,,,"PALMA ABADI,,,PT PINANG WITMAS SEJATI,ABDI BUDI MULIA 798"
PO1000004136,SINAR DINAMIKA KAPUAS,LYMAN AGRO,Lyman ,SINAR DINAMIKA KAPUAS,,,Not RSPO Certified,,2019-10-31,-0.30917000000,111.59677000000,IDN,Indonesia,Kalimantan Barat,Melawi,2-High Confidence,,,",,,,,"
PO1000004137,SERBA HUTA JAYA,SUNGAI BUDI,SUNGAI BUDI,SERBA HUTA JAYA,,,Not RSPO Certified,,2019-10-31,2.22289000000,99.93464000000,IDN,Indonesia,Sumatera Utara,Labuhanbatu Utara,1-Fully Verified,,,"SERBAHUTA JAYA,,,,SERBA HUTA JAYA MILL,SERBAHUTA JAYA,GANDAERAH HENDANA POM,,,PT. SERBAHUTA JAYA,PT. SERBAHUTA JAYA,,ABDI BUDI MULIA 990"
PO1000004138,GANDAERAH HENDANA,SAMSUNG,SAMSUNG,GANDAERAH HENDANA,,,RSPO Certified,"RSPO Certified, MB",2019-10-31,-0.15604000000,102.20624000000,IDN,Indonesia,Riau,Pelalawan,1-Fully Verified,,,"GANDAERAH HENDANA MILL,GANDAERAH,UKUI II (GH),,,,,,,,,,,PT. GANDAERAH HENDANA,PT. GANDAERAH HENDANA,SAMSUNG GROUP,PT GANDAERAH POM,PT GANDAERAH,GANDAERAH HENDANA PT.,,,"
PO1000004139,KARYA SAWIT LESTARI,UNKNOWN,,KARYA SAWIT LESTARI,,,Not RSPO Certified,,2019-10-31,-2.84857000000,104.26545000000,IDN,Indonesia,Sumatera Selatan,Banyu Asin,1-Fully Verified,,,ANUGRAH DJAM SAWIT LESTARI
PO1000004141,UMADA,UMADA,Umada,UMADA,,,Not RSPO Certified,,2019-10-31,2.23425000000,99.78912000000,IDN,Indonesia,Sumatera Utara,Labuhanbatu Utara,1-Fully Verified,,,",,,,,,,"
PO1000004142,TELUK DALAM,PADASA ENAM UTAMA,PADASA ENAM UTAMA,INTERNUSA PRIMA MAKMUR,,,Not RSPO Certified,,2019-10-31,2.85225000000,99.67362000000,IDN,Indonesia,Sumatera Utara,Asahan,1-Fully Verified,,,"INTERNUSA PRIMA MAKMUR (TELUK DALAM),,PADASA ENAM UTAMA (T. DALAM),PADASA ENAM UTAMA (TELUK DALAM),,,,,,,,T. DALAM,INTERNUSA PRIMA MAKMUR (TELUK
DALAM),DALAM),DALAM),,,"
PO1000004149,SINTONG ABADI,DUPONT & LEOSK ENTERPRISES,DUPONT & LEOSK ENTERPRISES,SINTONG ABADI,,,Not RSPO Certified,,2019-10-31,2.92390000000,99.70737000000,IDN,Indonesia,Sumatera Utara,Asahan,1-Fully Verified,,,"PT. SINTONG ABADI,USAHA AGRO INDONESIA POM"
PO1000004150,KARUNIA KENCANA PERMAI SEJATI,WILMAR,Wilmar,KARUNIA KENCANA PERMAI SEJATI,,,RSPO Certified,"RSPO Certified, IP",2019-10-31,-2.240750,112.629900,IDN,Indonesia,Kalimantan Tengah,Kotawaringin Timur,2-High Confidence,,,"KARUNIA KENCANA PERMAISEJATI,,,,KARUNIA KENCANA PERMAISEJA,GOHOR LAMA/ STABAT PALM OIL MILL,,,,,,,KKP"
PO1000004153,CISADANE SAWIT RAYA,CISADANE RAYA,CISADANE RAYA,CISADANE SAWIT RAYA,,,Not RSPO Certified,,2019-10-31,2.24298000000,100.19175000000,IDN,Indonesia,Sumatera Utara,Labuhanbatu,1-Fully Verified,,,"NEGERI LAMA (CISADANE),,CISADANE-N.LAMA,,,SARI LEMBAH SUBUR 1,,,,,,PT CISADANE SAWIT RAYA,PT. CISADANE SAWIT RAYA (CISADANE-N.LAMA),PT. CISADANE SAWIT RAYA (CISADANE-N.LAMA),CISADANE RAYA CHEMICALS,HARDAYA INTI PLANTATION POM,CAROTINO SDN BHD (OIL FROM CAROTINO,PT. CISADANE SAWIT RAYA (CISADANE- N.LAMA),PT. CISADANE SAWIT RAYA (CISADANE-
N.LAMA),,,,CISADANE SAWIT RAYA TBK,INO SDN BHD (OIL FROM CAROTINO OI,PT. CISADANE SAWIT RAYA (CISADANE-
N.LAMA)"
PO1000004154,FLORA WAHANA TIRTA,BBIP PALM,BBIP,FLORA WAHANA TIRTA,,,Not RSPO Certified,,2019-10-31,0.13477000000,101.26724000000,IDN,Indonesia,Riau,Kampar,2-High Confidence,,,"PT FLORA WAHANA TIRTA,,GUNTUNG IDAMAN NUSA 2,,FLORA WAHANA
TIRTA,,,PT. KARYA INDORATA PERSADA,BUKIT BARISAN INDAH PRIMA,PT FLORA WAHANA TIRTA
PT HARDAYA INTI PLANTATIONS -,,,,FLORA WAHANA TIRTA PALM OIL MILL"
PO1000004155,DELIMA MAKMUR,IBRIS PALM,IBRIS PALM,DELIMA MAKMUR,,,Not RSPO Certified,,2019-10-31,2.24508000000,98.02851000000,IDN,Indonesia,Aceh,Aceh Singkil,1-Fully Verified,,,"PT DELIMA MAKMUR,LAE TANGGA,HUTAN ALAM LESTARI,,"
PO1000004156,SURYARAYA LESTARI 2,ASTRA AGRO LESTARI,Astra Agro Lestari (AAL),SURYARAYA LESTARI,,,Not RSPO Certified,,2019-10-31,-2.11513000000,119.25709000000,IDN,Indonesia,Sulawesi Barat,Mamuju,1-Fully Verified,,,"SURYARAYA LESTARI 2 (BHADRA SUKSES),,SURYARAYA LESTARI 2 (BHADRA
SUKSES),,,SRL 2//BHADRA SUKSES,ABDI BUDI MULIA 1137"
PO1000004157,SEGATI,ROYAL GOLDEN EAGLE,Royal Golden Eagle (RGE),MITRA UNGGUL PUSAKA,,,Not RSPO Certified,,2019-10-31,0.14139000000,101.64667000000,IDN,Indonesia,Riau,Pelalawan,2-High Confidence,,,"MITRA UNGGUL PUSAKA (SEGATI),,PT MITRA UNGGUL PUSAKA,MITRA UNGGUL PUSAKA,,PT MITRA UNGGUL PUSAKA POM,PPR,PT. MITRA UNGGUL PUSAKA,SEGATI MILL,SEGATI (PSG)"
PO1000004158,SIRIHAM,CARGILL,Cargill,POLIPLANT SEJAHTERA,,,RSPO Certified,"RSPO Certified, MB",2019-10-31,-2.28375000000,110.86827000000,IDN,Indonesia,Kalimantan Barat,Ketapang,2-High Confidence,,,"POLIPLANT SEJAHTERA (SIRIHAM),SIRIHAM MILL,PT POLIPLANT SEJAHTERA,POLIPLANT SEJAHTERA - SIRIHAM,ABDI BUDI MULIA 1038"
PO1000004159,SEI NILO,UNKNOWN,Surya Bratasena Plantation,SURYA BRATASENA PLANTATION,,,Not RSPO Certified,,2019-10-31,0.15106000000,101.97506000000,IDN,Indonesia,Riau,Pelalawan,2-High Confidence,,,"SURYA BRATASENA,,SURYA BRATASENA PLANTATION,,,,,,,,,,,PT. SURYA BRATASENA PLANTATION,SUNGAI PINANG MILL,SURYA BRATASENA (SEI NILO),,,,"
PO1000004160,CILIANDRA PERKASA,FIRST RESOURCES,First Resources (FR),CILIANDRA PERKASA,,,Not RSPO Certified,,2019-10-31,0.16210000000,101.05490000000,IDN,Indonesia,Riau,Kampar,1-Fully Verified,,,"CILIANDRA PERKASA (SEI BATANG ULAK),CILIANDRA PERKASA MILL,SEI BATANG ULAK,PT CILIANDRA PERKASA BATANG ULAK MILL,CILIANDRA PERKASA BATANG ULAK,CILIANDRA PERKASA PALM OIL MILL"
PO1000004161,MERBAUJAYA INDAHRAYA,MERBAUJAYA INDAHRAYA,MERBAUJAYA INDAHRAYA,MERBAUJAYA INDAHRAYA,,,Not RSPO Certified,,2019-10-31,2.28388000000,99.78030000000,IDN,Indonesia,Sumatera Utara,Labuhanbatu Utara,1-Fully Verified,,,"MERBAU JAYA INDAH RAYA,,,,TRI BAHTERA SRIKANDI-PATILUBAN
MUDIK,,,,,,PT. MERBAUJAYA INDAHRAYA,SUNGAI GOLANG,MERBAU JAYA INDAH
RAYA,,,,,"
PO1000004162,ENGGANG,HPI-AGRO (DJARUM),HPI-AGRO (DJARUM),PENITI SUNGAI PURUN,,,Not RSPO Certified,,2019-10-31,0.29980000000,109.17540000000,IDN,Indonesia,Kalimantan Barat,Pontianak,1-Fully Verified,,"Crusher,CPO","PENITI SUNGAI PARUN,PENITI SUNGAI PARUN,PENITI SUNGAI PURUN,,,,ENGGANG MILL,,,,ABDI BUDI MULIA 267"
PO1000004163,KALIMANTAN SAWIT KUSUMA,KALIMANTAN SAWIT KUSUMA (KSK),KSK,KALIMANTAN SAWIT KUSUMA,,,Not RSPO Certified,,2019-10-31,-2.28805000000,111.16783000000,IDN,Indonesia,Kalimantan Tengah,Sukamara,1-Fully Verified,,,",,LUBUK DALAM,,,,,PT KALIMANTAN SAWIT KUSUMA,KALIMANTAN SAWIT
KUSUMA,,,,"
PO1000004164,LANGGAM INTI HIBRINDO,PROVIDENT AGRO,Provident Agro,LANGGAM INTI HIBRINDO,,,Not RSPO Certified,,2019-10-31,0.30362000000,101.90478000000,IDN,Indonesia,Riau,Pelalawan,1-Fully Verified,,,ABDI BUDI MULIA 554
PO1000004165,GUNUNG SEJAHTERA DUA INDAH,ASTRA AGRO LESTARI,Astra Agro Lestari (AAL),GUNUNG SEJAHTERA DUA INDAH,,,Not RSPO Certified,,2019-10-31,-2.30085000000,111.83733000000,IDN,Indonesia,Kalimantan Tengah,Kotawaringin Barat,1-Fully Verified,,,"PT GUNUNG
SEJAHTERA DUA
INDAH,,,,,,,,,,PT GUNUNG SEJAHTERA DUA INDAH POM,GUNUNG SEJAHTERA DUA INDA,GUNUNG SEJAHTERA DUA INDA,PT. GUNUNG SEJAHTERA DUA INDAH,PT. GUNUNG SEJAHTERA DUA INDAH,GUNUNG SEJAHTERA DUA INDAH PT.,GUNUNG SEJAHTERA DUA
INDAH,,,,,,,,PT GUNUNG SEJAHTERA DUA INDAH"
PO1000004167,PERKEBUNAN LEMBAH BHAKTI 1,ASTRA AGRO LESTARI,Astra Agro Lestari (AAL),PERKEBUNAN LEMBAH BHAKTI,,,Not RSPO Certified,,2019-10-31,2.31416000000,97.99572000000,IDN,Indonesia,Aceh,Aceh Singkil,1-Fully Verified,Perkebunan Lembah Bhakti 1,,"PERKEBUNAN LEMBAH BHAKTI,PERKEBUNAN LEMBAH BAKTI,PT PERKEBUNAN LEMBAH BAKTI,PERKEBUNAN LEMBAH  BHAKTI,,,,PINANG WITMAS SEJATI POM,,PERKEBUNAN LEMBAH
BAKTI,"
PO1000004168,KOTO KAMPAR,PADASA ENAM UTAMA,PADASA ENAM UTAMA,PADASA ENAM UTAMA,,,Not RSPO Certified,,2019-10-31,0.39647000000,100.61317000000,IDN,Indonesia,Riau,Kampar,1-Fully Verified,,,"SARANA INTI KARYA (KOTO KAMPAR),,,,,SUMBERTAMA NUSA PERTIWI,,,,,,,,SARANA INTI KARYA,PADASA ENAM UTAMA (KOTO KAMPAR)"
PO1000004169,SILAUT,INCASI RAYA (GUNAS),Incasi Raya Group (IRG),SUMATERA JAYA AGRO LESTARI,,,Not RSPO Certified,,2019-10-31,-2.33088000000,100.99527000000,IDN,Indonesia,Sumatera Barat,Pesisir Selatan,2-High Confidence,,,"SUMATERA JAYA AGRO LESTARI (PKS SILAUT),SUMATERA JAYA AGRO LESTARI (BAGAN ASAM),SUMATERA JAYA AGRO LESTARI (SILAUT),SUMATERAJAYA AGROLESTARI-SILAUT 2,SUMATERAJAYA AGROLESTARI SILAUT,INCASI RAYA,SUMATERA JAYA AGRO LESTARI (PKS SILAU,,,SUMATERAJAYA AGROLESTARI – SILAUT,ATERA JAYA AGRO LESTARI (PKS SILA"
PO1000004171,HARAPAN HIBRIDA KALBAR,UNION SAMPOERNA TRIPUTRA PERSADA (USTP),Union Sampoerna Triputra Persada (USTP),HARAPAN HIBRIDA KALBAR,,,Not RSPO Certified,,2019-10-31,-2.33330000000,111.28108000000,IDN,Indonesia,Kalimantan Tengah,Sukamara,2-High Confidence,,,",,SUNGAI BILA,SUNGAI BILA,SUNGAI BILA,,,,,HARAPAN HIBRIDA KALBAR (SUNGAI BILA ESTATE),,,,,,,ABDI BUDI MULIA 362"
PO1000004172,SI KIJANG,UNKNOWN,Ciptadaya Sejati Luhur,MULTI PALMA SEJAHTERA,,,Not RSPO Certified,,2019-10-31,0.41439000000,101.66675000000,IDN,Indonesia,Riau,Pelalawan,1-Fully Verified,,,"MULTI PALMA SEJAHTERA,MULTI PALMA SEJAHTERA - SI KIJANG,MULTI PALMA SEJAHTERA (SI KIJANG),SEKIJANG,,,,,,,,,,,MULTI PALMA SEJAHTERA PT,SSM 1 POM,,,SEI KIJANG"
PO1000004173,SAWITTA UNGGUL JAYA,UNKNOWN,,SAWITA UNGGUL JAYA,,,Not RSPO Certified,,2019-10-31,2.33347000000,100.09947000000,IDN,Indonesia,Sumatera Utara,Labuhanbatu,1-Fully Verified,,,"SAWITA UNGGUL JAYA,,SIMPANG,,,,,,,,PT SAWITTA UNGGUL JAYA,NEGERI LAMA,SAWITTA UNGGUL JAYAPT.,,,,SEANGSIRI"
PO1000004175,DAYA SEMESTA AGRO PERSADA,DAYA SEMESTA AGRO PERSADA (DSAP),DAYA SEMESTA AGRO PERSADA (DSAP),DAYA SEMESTA AGRO PERSADA,,,Not RSPO Certified,,2019-10-31,-2.96391000000,104.91780000000,IDN,Indonesia,Sumatera Selatan,Banyu Asin,1-Fully Verified,,,"GUTHRIE PECCONINA INDONESIA-
RANTAU PANJANG,,,PT DAYA SEMESTA AGRO PERSADA,DAYA SEMESTA AGRO
PERSADA,,,,,,DAYS SEMESTA AGRO PERSADA,,"
PO1000004176,GUNUNG SEJAHTERA PUTI PESONA,ASTRA AGRO LESTARI,Astra Agro Lestari (AAL),GUNUNG SEJAHTERA PUTI PESONA,,,Not RSPO Certified,,2019-10-31,-2.36625000000,111.95513000000,IDN,Indonesia,Kalimantan Tengah,Kotawaringin Barat,1-Fully Verified,,,"PT INDOTRUBA TENGAH,AGUNUNG SEJAHTERA PUTI PESO,AGUNUNG SEJAHTERA PUTI PESO,PT. GUNUNG SEJAHTERA PUTI PESONA,PT. GUNUNG SEJAHTERA PUTI PESONA,PT GUNUNG
SEJAHTERA PUTI
PESONA,,,,,,,PT GUNUNG SEJAHTERA PUTI PESONA"
PO1000004177,TERAWAS INDAH,LONSUM,LONSUM,PERUSAHAAN PERKEBUNAN LONDON SUMATRA INDONESIA,,,Not RSPO Certified,,2019-10-31,-2.97556000000,102.78822000000,IDN,Indonesia,Sumatera Selatan,Musi Rawas,1-Fully Verified,,,TERAWAS
PO1000004178,SENTOSA MULIA BAHAGIA,UNKNOWN,Sentosa Mulia Bahagia,SENTOSA MULIA BAHAGIA,,,Not RSPO Certified,,2019-10-31,-2.37546000000,103.97350000000,IDN,Indonesia,Sumatera Selatan,Musi Banyuasin,1-Fully Verified,,,"SENTOSA BAHAGIA BERSAMA,,,,,ABDI BUDI MULIA 983"
PO1000004179,GUNUNG SEJAHTERA IBU PERTIWI,ASTRA AGRO LESTARI,Astra Agro Lestari (AAL),GUNUNG SEJAHTERA IBU PERTIWI,,,Not RSPO Certified,,2019-10-31,-2.38000000000,111.79000000000,IDN,Indonesia,Kalimantan Tengah,Kotawaringin Barat,1-Fully Verified,,,"PT GUNUNG
SEJAHTERA IBU
PERTIWI,,,,,,,,,,GUNUNG SEJAHTERA IBU PERTI,GUNUNG SEJAHTERA IBU PERTI,PT. GUNUNG SEJAHTERA IBU PERTIWI,PT. GUNUNG SEJAHTERA IBU PERTIWI,,,,ASTRA AGRO LESTARI TBK,,,,,PT GUNUNG SEJAHTERA IBU PERTIWI,"
PO1000004181,BAH JAMBI,PTPN III,PTPN III,PERKEBUNAN NUSANTARA IV,PTPN IV,,RSPO Certified,"RSPO Certified, MB",2019-10-31,2.98632000000,99.22023000000,IDN,Indonesia,Sumatera Utara,Simalungun,2-High Confidence,,,"PT PERKEBUNAN NUSANTARA VI BAH JAMBI,BUNGA RAYA,PTP NUSANTARA IV (BAH JAMBI),,,PERKEBUNAN NUSANTARA IV (BAH JAMBI),,,PT PERKEBUNAN NUSANTARA VI BAH
JAMBI,,,,PTPN IV (BAH JAMBI),PTPN IV (BAH JAMBI),,ERKEBUNAN NUSANTARA IV (BAH JAM,PKS BAH JAMBI,ABDI BUDI MULIA 79"
PO1000004185,TAHUAN GANDA,TORGANDA,Tor Ganda,TOR GANDA,,,Not RSPO Certified,,2019-10-31,2.38361000000,99.82639000000,IDN,Indonesia,Sumatera Utara,Labuhanbatu Utara,1-Fully Verified,,,TORGANDA (TAHUAN GANDA)
PO1000004188,MUKOMUKO,HERFINTA,HERFINTA,SAPTA SENTOSA JAYA ABADI,,,Not RSPO Certified,,2019-10-31,-2.38565000000,101.16272000000,IDN,Indonesia,Bengkulu,Mukomuko,1-Fully Verified,,,"SAPTA SENTOSA JAYA ABADI,,SELATAN AGUNG SEJAHTERA,TSAPTA SENTOSA JAYA ABADI,,,PABRIK MUKOMUKO (PMM)"
PO1000004189,RAPI TEKNIK,UNKNOWN,,RAPI TEKNIK,,,Not RSPO Certified,,2019-10-31,2.99972000000,99.21675000000,IDN,Indonesia,Sumatera Utara,Simalungun,1-Fully Verified,,,"RAPI TECHNIK,RAPI TECHNIK CV,,BAKRIE SUMATERA PLANTATIONS,,,,,,,,"
PO1000004190,FORTIUS AGRO ASIA,SUPERVENTURE,SUPERVENTURE,FORTIUS AGRO ASIA,,,Not RSPO Certified,,2019-10-31,0.47718000000,100.75153000000,IDN,Indonesia,Riau,Rokan Hulu,1-Fully Verified,,,"FORTIUS AGRO ASIA (ALIANTAN),,,,,,,,,,,,ALIANTAN,PT. FORTIUS AGRO ASIA,PT. FORTIUS AGRO ASIA,PT FORTIUS AGRO ASIA,,"
PO1000004191,KOTAWARINGIN,BUMITAMA GUNAJAYA AGRO (BGA),Bumitama,BUMITAMA GUNAJAYA ABADI,,,Not RSPO Certified,,2019-10-31,-2.39111000000,111.37333000000,IDN,Indonesia,Kalimantan Tengah,Kotawaringin Barat,1-Fully Verified,,,"BUMITAMA GUNAJAYA ABADI,,,,,,,,,,,ABDI BUDI MULIA 510"
PO1000004192,MUSIRAWAS CITRAHARPINDO PKS 1,MUSIRAWAS,Musirawas,MUSIRAWAS CITRA HARPINDO,,,Not RSPO Certified,,2019-10-31,-2.39805000000,112.22479000000,IDN,Indonesia,Kalimantan Tengah,Seruyan,1-Fully Verified,,,"MUSIRAWAS CITRAHARPINDO-PKS I,MUSIRAWAS CITRA HARPINDO 1,MUSIRAWAS CITRA HARPINDO 1"
PO1000004194,ALAM RAYA KENCANA MAS,KENCANA AGRI,Kencana Agri,ALAMRAYA KENCANA MAS,,,Not RSPO Certified,,2019-10-31,-2.400540,115.989600,IDN,Indonesia,Kalimantan Selatan,Kota Baru,1-Fully Verified,,,"ALAMRAYA KENCANA MAS,,,,ALAMRAYA KENCANA
MAS,,,,,,,"
PO1000004195,KALIANTA 2,PADASA ENAM UTAMA,PADASA ENAM UTAMA,PADASA ENAM UTAMA,,,Not RSPO Certified,,2019-10-31,0.52903000000,100.77697000000,IDN,Indonesia,Riau,Kampar,1-Fully Verified,,,"PADASA ENAM UTAMA (KALIANTA 2),KALIANTA DUA,,,,,AGRO MITRA MADANI,,,,,,,,PADASA,,,,,"
PO1000004196,SUNGAI KUPANG,SINAR MAS,Sinar Mas,SINAR KENCANA INTI PERKASA,,,RSPO Certified,"RSPO Certified, MB",2019-10-31,-3.05337000000,116.01542000000,IDN,Indonesia,Kalimantan Selatan,Kota Baru,1-Fully Verified,,,"SINAR KENCANA INTI PERKASA (SUNGAI KUPANG),SEI KUPANG MILL,,KARTIKA PRIMA CIPTA,PT SINAR KENCANA INTI PERKASA - SUNGAI KUPANG,SEI KUPANG,,,,,SINAR KENCANA INTI PERKASA SUNGAI KUPANG,SINAR KENCANA INTI PERKASA (KUPANG),SUNGAI KUPANG
PT SINAR KENCANA INTI PERKASA -,SINAR KENCANA INTI PERKASA (SUNGAI
KUPANG),,,,"
PO1000004197,NAFASINDO,UNKNOWN,NAFAS ,NAFASINDO,NAFAS ,,Not RSPO Certified,,2019-10-31,2.43594000000,97.91529000000,IDN,Indonesia,Aceh,Aceh Singkil,1-Fully Verified,,,"PT NAFASINDO,LAE GOMBAR,,,,,"
PO1000004198,INTI KARYA PLASMA PERKASA,UNKNOWN,PTPN III,INTI KARYA PLASMA PERKASA,,,Not RSPO Certified,,2019-10-31,0.54430000000,101.25376000000,IDN,Indonesia,Riau,Kampar,1-Fully Verified,,,"WIRA KARYA PRAMITRA,WIRA KARYA PRAMITA,,DIVA PRATAMA SAKTI,DIVA PRATAMA SAKTI(INTI KARYA PLASMA PERKASA),,,,,INTI KARYA PLASMA PERKASA (WIRA KARYA PRAMITRA),PT DIVA PRATAMA SAKTI,,,,"
PO1000004200,HUTA BAYU MARSADA,INDAH,INDAH,HUTA BAYU MARSADA,,,Not RSPO Certified,,2019-10-31,3.06382000000,99.33363000000,IDN,Indonesia,Sumatera Utara,Simalungun,1-Fully Verified,,,"BAHAL BATU,,,,,,,,,PT HUTA BAYU MARSADA,PT. HUTA BAYU MARSADA,HUTA BAHAL BATU,,,"
PO1000004202,AJAMU-I,PTPN III,PTPN III,PERKEBUNAN NUSANTARA IV,PTPN IV,,RSPO Certified,"RSPO Certified, MB",2019-10-31,2.45718000000,100.16065000000,IDN,Indonesia,Sumatera Utara,Labuhanbatu,1-Fully Verified,,,"AJAMU,SEI KUAMANG,PTP NUSANTARA IV (AJAMU-I),PTP NUSANTARA IV (AJAMU•1),AJAMU‐I,,,AIR JAMU,,PERKEBUNAN NUSANTARA IV (AJAMU),,,PTPN IV (AJAMU-I),,ABDI BUDI MULIA 42"
PO1000004203,HARKAT SEJAHTERA,PT Agro Jaya Perdana ,AJP,HARKAT SEJAHTERA,AJP,Siobhan Pearce: HARKAT SEJAHTERA mill is owned by PT Agro Jaya Perdana and is RSPO certified. It can be found be searching the certified growers database on the RSPO's website: https://rspo.org/certification/search-for-certified-growers,RSPO Certified,"RSPO Certified, MB",2019-10-31,3.06502000000,99.42827000000,IDN,Indonesia,Sumatera Utara,Simalungun,1-Fully Verified,,,"PT HARKAT SEJAHTERA,,"
PO1000004204,BUDI TANI KEMBANG JAYA,UNKNOWN,,BUDI TANI KEMBANG JAYA,,,Not RSPO Certified,,2019-10-31,0.54277000000,101.57986000000,IDN,Indonesia,Riau,Siak,1-Fully Verified,,,"BUDITANI KEMBANGJAYA,BUDITANI KEMBANGJAYA JL,BUDITANI KEMBANG JAYA,,,,KENCANA UTAMA SEJATI,,,,,,,,PT BUDITANI KEMBANGJAYA JL.,KENANGA POM,,"
PO1000004205,KWALA INTAN SAWIT SELATAN,DUPONT & LEOSK ENTERPRISES,DUPONT & LEOSK ENTERPRISES,KWALA INTAN SAWIT SELATAN,,,Not RSPO Certified,,2019-10-31,2.46410000000,99.63821000000,IDN,Indonesia,Sumatera Utara,Labuhanbatu Utara,1-Fully Verified,,,"PT KWALA INTAN SAWIT SELATAN,KENCANA  INTI PERKASA,KWALAINTAN SAWIT SELATAN,,PT. KWALA INTAN SAWIT SELATAN,PT. KWALA INTAN SAWIT SELATAN,KWALAINTAN SAWITSELATAN"
PO1000004206,TERANTAM,PTPN III,PTPN III,PERKEBUNAN NUSANTARA V,PTPN V,,RSPO Certified,"RSPO Certified, MB",2019-10-31,0.57881000000,100.75081000000,IDN,Indonesia,Riau,Kampar,1-Fully Verified,,,"TERANTAM MILL,DESA TERANTAM,,,,PEPUTRA MASTERINDO,PERKEBUNAN NUSANTARA V (TERANTAM),,,,,,,TERANTEM,PKS TERANTAM,PKS TERANTAM,PTPN V - TERANTAM MILL,PERKEBUNAN NUSANTARA V (TERANTA,PTP  V - TERANTAM MILL,,,,,"
PO1000004207,MUTIARA ALAM LESTARI,UNKNOWN,,MUTIARA ALAM LESTARI,,,Not RSPO Certified,,2019-10-31,-2.49217000000,106.36432000000,IDN,Indonesia,Bangka Belitung,Bangka Tengah,1-Fully Verified,,,"MUTIARA ALAM LESTARI CV,,,,,,,,,,,,,ABDI BUDI MULIA 685"
PO1000004208,TINJOWAN,PTPN III,PTPN III,PERKEBUNAN NUSANTARA IV,PTPN IV,,RSPO Certified,"RSPO Certified, MB",2019-10-31,3.08002000000,99.51273000000,IDN,Indonesia,Sumatera Utara,Simalungun,1-Fully Verified,,,"TINJOWAN I,PT PERKEBUNAN NUSANTARA VI TINJOWAN,SEI MERANTI,PT PERKEBUNAN NUSANTARA VI TINJOWAN PO,PERKEBUNAN NUSANTARA IV (TINJOWAN I),PERKEBUNAN NUSANTARA IV (TINJOWAN),,,,PTPN IV (TINJOWAN I),,ERKEBUNAN NUSANTARA IV (TINJOWA,ABDI BUDI MULIA 1234"
PO1000004210,CAHAYA CEMERLANG LESTARI,SUPERVENTURE,SUPERVENTURE,CAHAYA CEMERLANG LESTARI,,,Not RSPO Certified,,2019-10-31,-2.53582000000,104.15028000000,IDN,Indonesia,Sumatera Selatan,Banyu Asin,1-Fully Verified,,,"CAHAYA CEMERLANG LESTARI (SUNGAI LILIN),,SUNGAI LILIN (CCL),,,,SELATAN AGUNG SEJAHTERA,,,,,,,,PT CAHAYA CEMERLANG LESTARI,SUNGAI LILIN,SUNGAI LILIN,CAHAYA CEMERLANG LESTARI
CAHAYA CEMERLANG LESTARI (SUNGAI,,,,"
PO1000004212,SEI TAPUNG,PTPN III,PTPN III,PERKEBUNAN NUSANTARA V,PTPN V,,Not RSPO Certified,,2019-10-31,0.59898000000,100.61897000000,IDN,Indonesia,Riau,Rokan Hulu,1-Fully Verified,,,"SEI TAPUNG MILL,PT PERKEBUNAN NUSANTARA V SEI TAPUNG,,,,PERKEBUNAN NUSANTARA V (SEI TAPUNG),PTP NUSANTARA V (SEI TAPUNG),,,,,,,PTP NUSANTARA V(SEI TAPUNG),PKS SEI TAPUNG,PKS SEI TAPUNG,PERKEBUNAN NUSANTARA V,PERKEBUNAN NUSANTARA V (SEI TAPU,TAPUNG,,,PTPN V (SEI TAPUNG),RKEBUNAN NUSANTARA V (SEI TAPUN"
PO1000004213,PRIMA SAUHUR LESTARI,UNKNOWN,,PRIMA SAUHUR LESTARI,,,Not RSPO Certified,,2019-10-31,3.08304000000,99.30182000000,IDN,Indonesia,Sumatera Utara,Simalungun,1-Fully Verified,,,"PEMATANG KERASAAN,,,,,,,,,,,,,,PRIMA JAYA LESTARI UTAMA,AEK NABARA SELATAN POM,,,"
PO1000004214,SAPTA KARYA DAMAI,ASAM JAWA,Asam Jawa,SAPTA KARYA DAMAI,,,Not RSPO Certified,,2019-10-31,-2.58287000000,112.62698000000,IDN,Indonesia,Kalimantan Tengah,Kotawaringin Timur,1-Fully Verified,,,"AGRO MITRA MADANI,PT SAPTA KARYA DAMAI"
PO1000004215,SUMIDO,ANGLO-EASTERN PLANTATION (AEP),Anglo Eastern Plantations (AEP),ALNO AGRO UTAMA,,,Not RSPO Certified,,2019-10-31,-3.13275000000,101.87660000000,IDN,Indonesia,Bengkulu,Bengkulu Utara,1-Fully Verified,,,"ALNO AGRO UTAMA,SUMINDO OIL,ALNO AGRO UTAMA SUMINDO,SUMINDO,,"
PO1000004216,SURYA INTISARI RAYA,FIRST RESOURCES,First Resources (FR),SURYA INTISARI RAYA,,,RSPO Certified,"RSPO Certified, MB",2019-10-31,0.62958000000,101.56850000000,IDN,Indonesia,Riau,Pekanbaru,1-Fully Verified,,,"SURYA INTISARI RAYA (SEI LIKU),SURYA INTISARI RAYA MILL,SURYA INTISARI RAYA SEI LIKUT,SEI LUKUT,SEI LUKUT,SEI LUKUT,SEI LUKUT,SEI LUKUT"
PO1000004217,LEIDONG MAKMUR,BAKRIE,Bakrie,GRAHADURA LEIDONGPRIMA,,,Not RSPO Certified,,2019-10-31,2.58363000000,99.78247000000,IDN,Indonesia,Sumatera Utara,Labuhanbatu Utara,1-Fully Verified,,,"GRAHA DURA LEIDONG PRIMA,,GRAHADURA LEIDONGPRIMA,GRAHADURA LEIDONG PRIMA,TAPIAN NAULI,,,SEI TAPUNG,,,,,,PT GRAHADURA LEIDONG PRIMA,PT. GRAHADURA LEIDONG PRIMA,UJUNG BATU,,,"
PO1000004218,AGUNG AGRO LESTARI,UNKNOWN,,AGUNG AGRO LESTARI,,,Not RSPO Certified,,2019-10-31,2.54126000000,99.88067000000,IDN,Indonesia,Sumatera Utara,Labuhanbatu Utara,1-Fully Verified,,,",,,,,,,PT. AGUNG AGRO LESTARI,PT. AGUNG AGRO LESTARI,,,,,"
PO1000004219,LUBUK DALAM,PTPN III,PTPN III,PERKEBUNAN NUSANTARA V,PTPN V,,RSPO Certified,"RSPO Certified, MB",2019-10-31,0.62994000000,101.77956000000,IDN,Indonesia,Riau,Siak,1-Fully Verified,,,"PERKEBUNAN NUSANTARA V (LUBUK DATAM),,LUBUK DALAM MILL,PERKEBUNAN NUSANTARA V (LUBUK DALAM),,,,PERKEBUNAN NUSANTARA V (LUBUK
DALAM),PTP NUSANTARA V (LUBUK DALAM),,,,,,,,,PTP NUSANTARA V(I TUBUK DALAM),PKS LUBUK DALAM,PKS LUBUK DALAM,PTPN V - LUBUK DALAM MILL,PTPN,,PTP NUSANTARA IV (DOLOK SINUMBAH),,PERKEBUNAN NUSANTARA V (LUBUK D,PTP  V - LUBUK DALAM MILL,PERKEBUNAN NUSANTARA V (LUBUK DALAM,,,PTPN V (LUBUK DALAM),,,PERKEBUNAN NUSANTARA V (LUBUK"
PO1000004223,SELABU,WILMAR,Wilmar,MUSI BANYUASIN INDAH,,,Not RSPO Certified,,2019-10-31,-2.62703000000,103.81853000000,IDN,Indonesia,Sumatera Selatan,Musi Banyuasin,1-Fully Verified,,,"MUSI BANYUASIN INDAH,,,,,,,,,ABDI BUDI MULIA 967"
PO1000004225,SEI BUATAN,PTPN III,PTPN III,PERKEBUNAN NUSANTARA V,PTPN V,,RSPO Certified,"RSPO Certified, MB",2019-10-31,0.65390000000,101.86480000000,IDN,Indonesia,Riau,Siak,1-Fully Verified,,,"SEI BUATAN MILL,,,,PERKEBUNAN NUSANTARA V (SEI BUATAN),,,,,,,PKS SEI BUATAN,PKS SEI BUATAN,PTPN V - SEI BUATAN MILL,PERKEBUNAN NUSANTARA V,PERKEBUNAN NUSANTARA V (SEI BUAT,PTP  V - SEI BUATAN MILL"
PO1000004226,SUNGAI RANGIT,SAMPOERNA AGRO,Sampoerna Agro,SUNGAI RANGIT,,,Not RSPO Certified,,2019-10-31,-2.62896000000,111.25791000000,IDN,Indonesia,Kalimantan Tengah,Sukamara,1-Fully Verified,,,"SUNGAI RANGIT (BABOTI),,,SEI BUATAN,,,,,PKS SUNGAI RANGIT,SIBADIHON SAWITTA TOROP LESTARI,,,,,,"
PO1000004228,SUBUR AGRO MAKMUR,ASTRA AGRO LESTARI,Astra Agro Lestari (AAL),SUBUR AGRO MAKMUR,,,Not RSPO Certified,,2019-10-31,-2.65277000000,114.97066000000,IDN,Indonesia,Kalimantan Selatan,Hulu Sungai Selatan,1-Fully Verified,,,
PO1000004230,SENTOSA SEJAHTERA SEJATI,UNKNOWN,,SENTOSA SEJAHTERA SEJATI,,,Not RSPO Certified,,2019-10-31,-2.66545000000,101.29975000000,IDN,Indonesia,Bengkulu,Mukomuko,1-Fully Verified,,,"PERSADA HARAPAN KAHURIPAN-
RENGAS,PT SENTOSA SEJAHTERA SEJATI"
PO1000004231,SUBUR ARUM MAKMUR I,FIRST RESOURCES,First Resources (FR),SUBUR ARUM MAKMUR,,,RSPO Certified,"RSPO Certified, MB",2019-10-31,0.81933000000,100.88750000000,IDN,Indonesia,Riau,Kampar,1-Fully Verified,,,"SUBUR ARUM MAKMUR (SEMANANENEK),SUBUR ARUM MAKMUR MILL,SUBUR ARUM MAKMUR 1,PT SUBUR ARUM MAKMUR
SEMANANENEK MILL,PT SUBUR ARUM MAKMUR SEMANANENEK MIL,SUBUR ARUM MAKMUR SEMANANENEK,SUBUR ARUM MAKMUR,SUBUR ARUMMAKMUR I,SEPAGAYA POM,PT SUBUR ARUMMAKMUR"
PO1000004232,GRAHA INTI JAYA,TIANJIN JULONG,TIANJIN JULONG (TJG),GRAHA INTI JAYA,,,Not RSPO Certified,,2019-10-31,-2.67393000000,114.37920000000,IDN,Indonesia,Kalimantan Tengah,Kapuas,1-Fully Verified,,,"MANUSUP,,,"
PO1000004234,BEDAUN,EAGLE HIGH PLANTATIONS,Eagle High Plantations (EHPT),BUMI LANGGENG PERDANATRADA,,,RSPO Certified,"RSPO Certified, MB",2019-10-31,-2.72055000000,111.82267000000,IDN,Indonesia,Kalimantan Tengah,Kotawaringin Barat,1-Fully Verified,,,"BW PLANTATION,BEDAUN POM,EAGLE HIGH PLANTATIONS,,PANDRAN RAYA,,,BUMI LANGGENG PERDANATRADA
(BEDAUN POM),SUN SAWIT MILL,,,,,BUMI LANGGENG PERDANATRADA (BEDAUN POM),,,,ABDI BUDI MULIA 110"
PO1000004236,PINAGO UTAMA,UNKNOWN,Pinago Utama,PINAGO UTAMA,,,Not RSPO Certified,,2019-10-31,-2.73918000000,103.56853000000,IDN,Indonesia,Sumatera Selatan,Musi Banyuasin,1-Fully Verified,,,"SUNGAI LENGI,,,PT PINAGO UTAMA,,,,,PINAGO UTAMA TBK,,"
PO1000004238,SALONOK LADANG MAS,UNION SAMPOERNA TRIPUTRA PERSADA (USTP),Union Sampoerna Triputra Persada (USTP),SALONOK LADANG MAS,,,Not RSPO Certified,,2019-10-31,-2.75400000000,112.43738000000,IDN,Indonesia,Kalimantan Tengah,Seruyan,1-Fully Verified,,,",,,,,,SOSA POM,,,,,,,ABDI BUDI MULIA 892"
PO1000004239,LIBO SAWIT PERKASA,UNKNOWN,,LIBO SAWIT PERKASA,,,Not RSPO Certified,,2019-10-31,0.95628000000,101.14053000000,IDN,Indonesia,Riau,Siak,1-Fully Verified,,,"LIBO JAYA PERKASA,,,,,LIBO,,,,LIBO SAWIT
PERKASA,,,,,LUBUK BENDAHARA PALMA INDUSTRI,PT. LIBO SAWIT PERKASA,PT. LIBO SAWIT PERKASA,,LIBO SAWIT PERKASA PALM OIL MILL,MULTI PALMA SEJAHTERA SEKIJANG"
PO1000004240,SUMBER SAWIT JAYA LESTARI,UNKNOWN,,SUMBER SAWIT JAYA LESTARI,,,Not RSPO Certified,,2019-10-31,2.76150000000,99.95894000000,IDN,Indonesia,Sumatera Utara,Labuhanbatu Utara,1-Fully Verified,,,"PT SUMBER SAWIT JAYA LESTARI,PT. SUMBER SAWIT JAYA LESTARI,SUMBER SAWIT JAYA
LESTARI,,"
PO1000004241,TELUK SONO,HUTAHAEAN,HUTAHAEAN,HUTAHAEAN,,,Not RSPO Certified,,2019-10-31,1.06000000000,100.75720000000,IDN,Indonesia,Riau,Rokan Hulu,1-Fully Verified,,,"SONTANG,HUTAHAEAN GROUP (SONTANG),,TELUK SONO MILL,,HUTAHAEAN (SONTANG),,,,PT. ANDIKA PERMATA SAWIT LESTARI,HUTAHAEAN (TELUK SONO),TELUK SONO (SONTANG)"
PO1000004242,SAMUDERA SAWIT NABATI,DUTA MARGA,DUTA MARGA,SAMUDERA SAWIT NABATI,,,Not RSPO Certified,,2019-10-31,2.76673000000,97.93670000000,IDN,Indonesia,Aceh,Subulussalam,1-Fully Verified,,,"SAMUDERA  SAWIT NABATI,SAMUDERA SAWIT
NABATI,,,,ABDI BUDI MULIA 896"
PO1000004243,AGROINDO INDAH PERSADA 1,WILMAR,Wilmar,AGRINDO INDAH PERSADA,,,Not RSPO Certified,,2019-10-31,2.77867000000,99.39343000000,IDN,Indonesia,Sumatera Utara,Asahan,1-Fully Verified,,,"AGRINDO INDAH PERSADA 1,,AGRINDO INDAH PERSADA,,,,,,,,AGROINDO INDAH PERSADA,,,"
PO1000004244,PERMATA HIJAU SAWIT,PERMATA HIJAU,Permata Hijau Group (PHG),PERMATA HIJAU SAWIT,,,Not RSPO Certified,,2019-10-31,1.06624000000,100.07048000000,IDN,Indonesia,Sumatera Utara,Padang Lawas,1-Fully Verified,,,"PERRNATA HIJAU SAWIT,PEMIATA HITAU SAWIT, PT.,PEMIATA HITAU SAWIT, PT.,PERMATA HIJAU PASAMAN"
PO1000004245,ERA SAWITA,UNKNOWN,First Resources (FR),ERA SAWITA,,,Not RSPO Certified,,2019-10-31,1.07791000000,100.49042000000,IDN,Indonesia,Riau,Rokan Hulu,1-Fully Verified,,,"KEPENUHAN,,,ERA SAWITA PT.,,ERA SAWITA (KEPENUHAN),ERA SAWITA PALM OIL MILL"
PO1000004246,AEK TINGA,SUPERVENTURE,SUPERVENTURE,MANDIRI SAWIT BERSAMA,,,Not RSPO Certified,,2019-10-31,1.07363000000,99.99512000000,IDN,Indonesia,Sumatera Utara,Padang Lawas,1-Fully Verified,,,"MANDIRI SAWIT BERSAMA,MANDIRI SAWIT BERSAMA(AEK TINGA),,,,LAHAN TANI SAKTI-ALUR   DUMAI,,,,,,,,RISMAN SCHAM PALM INDONESIA,,"
PO1000004249,TENGGANAU MANDIRI LESTARI,UNKNOWN,,TENGGANAU MANDIRI LESTARI,,,Not RSPO Certified,,2019-10-31,1.12222000000,101.25728000000,IDN,Indonesia,Riau,Bengkalis,1-Fully Verified,,,"TENGGANAU,,,,,,,,,,,,PT. TENGGANAU MANDIRI LESTARI"
PO1000004251,KOTA TENGAH,UNKNOWN,Sumber Jaya Indahnusa,SUMBER JAYA INDAHNUSA COY,,,Not RSPO Certified,,2019-10-31,1.13464000000,100.64218000000,IDN,Indonesia,Riau,Rokan Hulu,1-Fully Verified,,,"TAMBUSAI MILL,SUMBER JAYA INDAHNUSA COY KOTA TENGAH,KOTA TENGAH (SJIC),PKS 2 - KOTA TENGAH,,PT PANCA SURYA AGRINDO TAMBUSAI
MILL,PKS-2 KOTA TENGAH,SUMBER JAYA I NDAHNUSA COY (KOTA TENGAH),SUMBER JAYA INDATINUSA COY (KOTA TENGAH),,,,PT PANCA SURYA AGRINDO
TAMBUSAI MILL,.SUMBER JAYA INDAHNUSA COY OTA LAMA),CITRA BUMI AGRO,SUMBER JAYA INDAHNUSA (KOTA TENGAH),SUMBER JAYA INDAHNUSA COY (KOTATENGAH),SUMBER JAYA INDAHNUSA COY (KOTA"
PO1000004252,TAMBUSAI TIMUR,TORGANDA,Tor Ganda,TORUS GANDA,,,Not RSPO Certified,,2019-10-31,1.13936000000,100.40855000000,IDN,Indonesia,Riau,Rokan Hulu,1-Fully Verified,,,",,,,,,,,,TORGANDA"
PO1000004253,PERDANA INTI SAWIT PERKASA 1,FIRST RESOURCES,First Resources (FR),PERDANA INTISAWIT PERKASA,,,Not RSPO Certified,,2019-10-31,1.14018000000,100.49437000000,IDN,Indonesia,Riau,Rokan Hulu,1-Fully Verified,Perdana Intisawit Perkasa - Pisp 1,,"PERDANA INTI SAWIT PERKASA,PERDANA INTISAWIT PERKASA MILL,PERDANA INTISAWIT PERKASA 1,PT PERDANA INTISAWIT SEI AIR HITAM
MILL,PT PERDANA INTISAWIT SEI AIR
HITAM MILL,PT PERDANA INTISAWIT SEI AIR HITAM MILL,PERDANA INTISAWIT SEI AIR HITAM,SIKARAKARA POM"
PO1000004254,RANA WESTU KENCANA,ZTE AGRIBUSINESS,ZTE AGRIBUSINESS,RANA WASTU KENCANA,,,Not RSPO Certified,,2019-10-31,1.14588000000,109.31833000000,IDN,Indonesia,Kalimantan Barat,Sambas,1-Fully Verified,,,"RANA WASTU KENCANA,,,,,,,SEI MANGKEI POM,,,,,,RWK"
PO1000004255,MUSTIKA AGUNG SAWIT SEJAHTERA,UNKNOWN,,MUSTIKA AGUNG SAWIT SEJAHTERA,,,Not RSPO Certified,,2019-10-31,1.22424000000,101.24241000000,IDN,Indonesia,Riau,Bengkalis,1-Fully Verified,,,"MUSTIKA AGUNG SAWIT SEJAHTERA JL,,,,KALIANTA 1,MUSTLKA ATUNE SAWIT SEIAHTERA,,,,,,,,MUSTIKA AGUNG SAWIT GEMILANG,MAUSTIKA AGUNG SAWIT SEJAHT,MAUSTIKA AGUNG SAWIT SEJAHT,MAUSTIKA AGUNG SAWIT SEJAHT,PT. MUSTIKA AGUNG SAWIT SEJAHTERA,PT. MUSTIKA AGUNG SAWIT SEJAHTERA,GOLDEN AGRI RESOURCES,MUSTIKA AGUNG SAWIT SEJAHTERA PT.,PT MUSTIKA AGUNG SAWIT SEJAHTERA,JL,,,,"
PO1000004257,MURINI WOOD INDAH INDUSTRI,FIRST RESOURCES,First Resources (FR),MURINIWOOD INDAH INDUSTRY,,,Not RSPO Certified,,2019-10-31,1.39375000000,101.30525000000,IDN,Indonesia,Riau,Bengkalis,1-Fully Verified,,,"MURINIWOOD INDAH INDUSTRY (DURI),MURINIWOOD INDAH INDUSTRY MILL,MURINIWOOD INDAH INDUSTRY,DURI,MURINIWOOD INDAH INDUSTRI,MUTIARA ALAM LESTARI"
PO1000004259,INTAN SEJATI ANDALAN,MAHKOTA,Mahkota,INTAN SEJATI ANDALAN,,,Not RSPO Certified,,2019-10-31,1.43269000000,101.28567000000,IDN,Indonesia,Riau,Bengkalis,1-Fully Verified,,Crusher,"INTAN SEJATI ANDALAN JL,,,,,,,,,,,JATI POM,INTAN SEJATI ANDALAN JL
INTERNUSA PRIMA MAKMUR (TELUK,,"
PO1000004260,HASIL KARYA BUMI SEJATI,SUPERVENTURE,SUPERVENTURE,HASIL KARYA BUMI SEJATI,,,Not RSPO Certified,,2019-10-31,1.45105000000,100.61653000000,IDN,Indonesia,Riau,Rokan Hilir,1-Fully Verified,,,"HASIL KARYA BUMISEJATI (KEPENGHULUAN),HASIL KARYA BUMISEJATI,,,,,,,,,,,,KEPENGHULUAN,PT. HASIL KARYA BUMISEJATI,PT. HASIL KARYA BUMISEJATI,GOLDEN AGRI RESOURCES,HASIL KARYA BUMISEJATI
(KEPENGHULUAN)"
PO1000004263,TELUK MEGA,UNKNOWN,,SAWIT RIAU MAKMUR,,,Not RSPO Certified,,2019-10-31,1.53372000000,100.99286000000,IDN,Indonesia,Riau,Rokan Hilir,1-Fully Verified,,,"SAWIT RIAU MAKMUR (TELUK MEGA),,SAWIT RIAU MAKMUR TELUK MEGA,,,,SAWIT RIAU MAKMUR,,,,,,,,SAWIT RIAU MAKMUR, PT.,SAWIT RIAU MAKMUR, PT.,SAWIT RIAU MAKMUR, PT.,SAWIT RIAU MAKMUR, PT.,SAWIT RIAU MAKMUR, PT.,SAWIT RIAU MAKMUR PT.,"
PO1000004265,SINAR SAWIT SUBUR LESTARI,SUPERVENTURE,SUPERVENTURE,SINAR SAWIT SUBUR LESTARI,,,Not RSPO Certified,,2019-10-31,1.59034000000,99.87299000000,IDN,Indonesia,Sumatera Utara,Padang Lawas Utara,1-Fully Verified,,,"SINAR SAWIT SUBUR LESTARI (SIANCIMUN),,SINAR SAWIT SUBURLESTARI,PT SINAR SAWIT SUBUR LESTARI,SIANCIMUN,,,,BINA MITRA MAKMUR,,,,,,,,PT. SINAR SAWIT SUBURLESTARI,PT SINAR SAWIT SUBURLESTARI (SIANCIMUN),SIANCUMUN,PT SINAR SAWIT SUBURLESTARI(SIANCIMUN)"
PO1000004266,DJAYA GLOBALINDO SENTOSA,UNKNOWN,,DJAYA GLOBALINDO SENTOSA,,,Not RSPO Certified,,2019-10-31,1.69461000000,101.04300000000,IDN,Indonesia,Riau,Rokan Hilir,1-Fully Verified,,,"TANAH PUTIH (DGS),PT DJAYA GLOBALINDO SENTOSA,,,,SUMBER SAWIT NUSANTARA,,,,,,,,SUTOMO"
PO1000004267,BAHANA NUSA INTERINDO,MUSIM MAS,Musim Mas,BAHANA NUSA INTERINDO,,,Not RSPO Certified,,2019-10-31,1.69686000000,100.70183000000,IDN,Indonesia,Riau,Rokan Hilir,1-Fully Verified,,,"BALAM (BNI),,,,CAHAYA CEMERLANG LESTARI,,,,,,,,BANI"
PO1000004268,TANAH PUTIH,PTPN III,PTPN III,PERKEBUNAN NUSANTARA V,PTPN V,,RSPO Certified,"RSPO Certified, MB",2019-10-31,1.74000000000,100.51000000000,IDN,Indonesia,Riau,Rokan Hilir,1-Fully Verified,,,"TANAH PUTIH MILL,TANAH PUTIH (PN),PERKEBUNAN NUSANTARA V (TANAH PUTIH),,,,PALMA ABADI,PERKEBUNAN NUSANTARA V (TANAH
PUTIH),PTP NUSANTARA V (TANAH PUTIH),,,,,,,,PTP NUSANTARA (TANAH PUTIH),PKS TANAH PUTIH,PKS TANAH PUTIH,PTPN V - TANAH PUTIH MILL,PTPN,PERKEBUNAN NUSANTARA V (TANAH P,PTP  V - TANAH PUTIH MILL,PTPN V (TANAH PUTIH)"
PO1000004269,ABDI BUDI MULIA 1,SUMBER TANI HARAPAN (STH),SUMBER TANI HARAPAN (STH),ABDI BUDI MULIA,,,Not RSPO Certified,,2019-10-31,2.05127000000,100.25234000000,IDN,Indonesia,Sumatera Utara,Labuhanbatu Selatan,1-Fully Verified,,,"ABDI BUDI MULIA,ABDI BUDI MULIA PKS 1,TELUK PANJI (ABM),PMKS 1 - ABM,,,PMKS 1- TELUK PANJI,PMKS1 - TELUK PANJI,,,,,PMKS 1 - TELUK PANJI"
PO1000004270,CITRA INDAH PERTIWI,UNKNOWN,,CITRA INDAH PERTIWI,,,Not RSPO Certified,,2019-10-31,2.07235000000,100.01025000000,IDN,Indonesia,Sumatera Utara,Labuhanbatu,1-Fully Verified,,,",,CARA INDAH PERTIWI,,,,,,CIPTA SAWITTA JAYA CEMERLANG,HARKAT SEJAHTERA,,,,,"
PO1000004271,SINAR PANDAWA,UNKNOWN,,SINAR PANDAWA,,,Not RSPO Certified,,2019-10-31,2.22634000000,100.08228000000,IDN,Indonesia,Sumatera Utara,Labuhanbatu,1-Fully Verified,,,"NEGERI LAMA (SP),,,,MULTI AGRO SENTOSA,,,,,,PT SINAR PANDAWA,,,SINAR GUNUNG SAWIT RAYA,,,,"
PO1000004273,SINAR SAWIT LESTARI,UNKNOWN,Sabeni Ltd,SINAR SAWIT LESTARI,,,Not RSPO Certified,,2019-10-31,2.46178000000,99.65298000000,IDN,Indonesia,Sumatera Utara,Labuhanbatu Utara,1-Fully Verified,,,"TORGAMBA,,"
PO1000004274,BANGUN SEMPURNA LESTARI,BANGUN SEMPURNA LESTARI,Bangun Sempurna Lestari,BANGUN SEMPURNA LESTARI,,,Not RSPO Certified,,2019-10-31,2.63351000000,97.95032000000,IDN,Indonesia,Aceh,Subulussalam,1-Fully Verified,,,"PT BANGUN SEMPURNA LESTARI JL .,PT. BANGUN SEMPURNA LESTARI,PT BANGUN SEMPURNA LESTARI,BANGUN SEMPURNA
LESTARI,,"
PO1000004275,DJAJA PUTRA INDONESIA,UNKNOWN,,DJAJA PUTRA INDONESIA,,,Not RSPO Certified,,2019-10-31,2.68028000000,99.42761000000,IDN,Indonesia,Sumatera Utara,Asahan,1-Fully Verified,,,"TANDUN,PT DJAJA PUTRA INDONESIA,SELAGO MAKMUR PLANTATION,,"
PO1000004277,PASIR MANDOGE,PTPN III,PTPN III,PERKEBUNAN NUSANTARA IV,PTPN IV,,RSPO Certified,"RSPO Certified, MB",2019-10-31,2.76796000000,99.31697000000,IDN,Indonesia,Sumatera Utara,Asahan,1-Fully Verified,,,"SEI SILAU,PERKEBUNAN NUSANTARA IV (PASIR MANDOGE),PKS PASIR MANDOGE,ABDI BUDI MULIA 757"
PO1000004280,AIR BATU,PTPN III,PTPN III,PERKEBUNAN NUSANTARA IV,PTPN IV,,RSPO Certified,"RSPO Certified, MB",2019-10-31,2.85975000000,99.63832000000,IDN,Indonesia,Sumatera Utara,Asahan,1-Fully Verified,,,"AIRBATU,PERKEBUNAN NUSANTARA IV (AIR BATU),BATANG CENAKU,PTP NUSANTARA IV (AIR BATU),,,,MUTIARA SAMSAM KANDIS,,,,PTPN IV (AIRBATU),PTPN IV (AIRBATU),,PTPN IV (AIR BATU),ERKEBUNAN NUSANTARA IV (AIR BAT,ABDI BUDI MULIA 40"
PO1000004281,MAYANG,PTPN III,PTPN III,PERKEBUNAN NUSANTARA IV,PTPN IV,,RSPO Certified,"RSPO Certified, MB",2019-10-31,3.03322000000,99.33340000000,IDN,Indonesia,Sumatera Utara,Simalungun,1-Fully Verified,,,"PERKEBUNAN NUSANTARA IV (MAYANG),MAYANG (PN),,RAMBUTAN,,,,,PTPN IV (MAYANG),,ERKEBUNAN NUSANTARA IV (MAYANG,ABDI BUDI MULIA 616"
PO1000004284,SANGGAM KAHURIPAN INDONESIA,MAKIN,Makin,SANGGAM KAHURIPAN INDONESIA,,,Not RSPO Certified,,2019-10-31,3.11547000000,117.26633000000,IDN,Indonesia,Kalimantan Timur,Bulungan,1-Fully Verified,,,"SALIMBATU,,,,SANGGAM KAHURIPAN INDONESIA, PT.,SANGGAM KAHURIPAN INDONESIA, PT.,SANGGAM KAHURIPAN INDONESIA, PT.,SANGGAM KAHURIPAN INDONESIA PT.,SEI BUATAN POM,SALIM BATU"
PO1000004285,LIMA PULUH,UNKNOWN,,KWALA GUNUNG,,,Not RSPO Certified,,2019-10-31,3.16392000000,99.48238000000,IDN,Indonesia,Sumatera Utara,Batu Bara,1-Fully Verified,,,"KWALA GUNUNG LIMA PULUH,KWALA GUNUNG,PKS KWALA GUNUNG-LIMA PULUH,KUALA GUNUNG,,WANASARI NUSANTARA,,,KWALA GUNUNG LIMA PULUH MILL,PT. KWALA GUNUNG (LIMA PULUH),TENERA LESTARI (KWALA GUNUNG),,,PERUSAHAAN PERKEBUNAN INDUSTRI & DAGANG KWALA GUNUNG,TENERA LESTARI (KWALA GUNUNG-LIMA PULUH),TENERA LESTARI (KWALA GUNUNG-LIMA
PULUH),PERUSAHAAN PERKEBUNANINDUSTRI & DAGANG KWALA"
PO1000004286,INDOMAS MITRA TEKNIK,UNKNOWN,,INDOMAS MITRA TEKNIK,,,Not RSPO Certified,,2019-10-31,3.22590000000,97.98049000000,IDN,Indonesia,Sumatera Utara,Karo,1-Fully Verified,,,"SAWITTA JAYA LAU PAKAM,INDOMAS  MITRA TEKNIK,,,IKA BINA AGRO WISESA,"
PO1000004288,MITRA AGUNG SAWITA SEJATI,UNKNOWN,,MITRA AGUNG SAWITA SEJATI,,,Not RSPO Certified,,2019-10-31,3.29639000000,99.30502000000,IDN,Indonesia,Sumatera Utara,Batu Bara,1-Fully Verified,,,"INDOMAKMUR SAWIT BERJAYA,PT. MITRA AGUNG SAWITA SEJATI,PANGKATAN MILL,MITRA AGUNG SAWITA
SEJATI,,"
PO1000004289,KARYA PRATAMA NIAGAJAYA,MAHKOTA,Mahkota,KARYA PRATAMA NIAGAJAYA,,,Not RSPO Certified,,2019-10-31,3.31639000000,99.31378000000,IDN,Indonesia,Sumatera Utara,Batu Bara,1-Fully Verified,,,"KARYA PRATAMA NIAGA JAYA,,,,,,,,,PT. KARYA PRATAMA NIAGA JAYA,PT KARYA PRATAMA NIAGA JAYA,KARYA PRATAMA NIAGA
JAYA,,,,KARYA PRATAMA NIAGA JAYA(ASSOCIATED ENTITY)"
PO1000004291,DEWA RENCANA PERANGIN ANGIN,DEWA RENCANA PERANGIN ANGIN,Dewa Rencana Perangin Angin (DRPA),DEWA RENCANA PERANGIN ANGIN,,,Not RSPO Certified,,2019-10-31,3.50123000000,98.43778000000,IDN,Indonesia,Sumatera Utara,Langkat,1-Fully Verified,,,"ERAKARYA PRIMA,,,DEWA RENCANA PERANGIN ANGIN (EKS. E,DEWA RENCANA PERANGIN ANGIN (EKS. E,,,,,,DEWA RENCANA PERANGIN ANG,DEWA RENCANA PERANGIN ANG,DEWA RENCANA PERANGIN ANGIN (EKS. ERAKARYA PRIMA),DEWA RENCANA PERANGIN ANGIN (EKS.,DEWA RENCANA PERANGIN ANGIN (EKS. ERAKAR,DEWA RENCANA PERANGIN ANGIN (EKS. ERAKAR,DEWA RENCANA PERANGIN ANGIN (EKS. ERAKAR,DEWA RENCANA PERANGIN ANGIN (EKS. ERAKAR,DEWA RENCANA PERANGIN ANGIN (EKS. ERAKAR,DEWA RENCANA PERANGIN ANGIN (EKS. ERAKAR,DEWA RENCANA PERANGIN ANGIN PT.,DEWA RENCANA PERANGIN ANGIN
(EKS. ERAKARYA PRIMA),,DEWA RENCANA PERANGIN ANGIN"
PO1000004292,TANINDO SEJATI,UNKNOWN,,TANINDO SEJATI,,,Not RSPO Certified,,2019-10-31,3.51085000000,99.20232000000,IDN,Indonesia,Sumatera Utara,Serdang Bedagai,1-Fully Verified,,,
PO1000004294,DELI MUDA,UNKNOWN,Indah Ponjan,PERUSAHAAN PERKEBUNAN & DAGANG INDAH PONTJAN,,,Not RSPO Certified,,2019-10-31,3.56424000000,99.01615000000,IDN,Indonesia,Sumatera Utara,Serdang Bedagai,1-Fully Verified,,,"INDAH PONTJAN,INDAH PONTJIAN,PERUSAHAAN PERKEBUNAN DAN DAGANG INDAH PONTJAN,PERUSAHAAN PERKEBUNAN & DAGANG INDA,DINIADAH PONTJAN,PERUSAHAAN PERKEBUNAN DAN DAGANG IND,INADNAGH IN PDOIANTJAN,INADNAGH IN PDOIANTJAN,INADNAGH IN PDOIANTJAN,PERUSAHAAN PERKEBUNAN DAN
DAGANG INDAH PONTJAN,PROSYMPAC AGRO LESTARI,PERUSAHAAN PERKEBUNAN DAN DAGANG INDAH PONTJ,PERUSAHAAN PERKEBUNAN &,PERUSAHAAN PERKEBUNAN DAN DAGANG I,,,,,ABDI BUDI MULIA 239,PERUSAHAAN PERKEBUNAN DANDAGANG INDAH PONTJAN,AINNDGAH PONTJAN"
PO1000004295,AMAL TANI,UNKNOWN,,AMAL TANI,,,Not RSPO Certified,,2019-10-31,3.58833000000,98.30556000000,IDN,Indonesia,Sumatera Utara,Langkat,1-Fully Verified,,,"TANJUNG PUTRI,ANAL TANI,AMAL TAM,,,AGRO SINERGI NUSANTARA,,PT AMAL TANI,,"
PO1000004296,SINAR LANGKAT PERKASA,UNKNOWN,,SINAR LANGKAT PERKASA,,,Not RSPO Certified,,2019-10-31,3.62081000000,98.40153000000,IDN,Indonesia,Sumatera Utara,Langkat,1-Fully Verified,,,"MITRASARI PRIMA,PT. SINAR LANGKAT PERKASA,PT SINAR LANGKAT PERKASA,,"
PO1000004297,MEGAH PUSAKA ANDALAS,UNKNOWN,Megah Pusaka Andalas,MEGAH PUSAKA ANDALAS,,,Not RSPO Certified,,2019-10-31,3.65066000000,98.15077000000,IDN,Indonesia,Sumatera Utara,Langkat,1-Fully Verified,,,"PT MEGAH PUSAKA ANDALAS,PT. MEGAH PUSAKA ANDALAS,MEGAH PUSAKA
ANDALAS,,"
PO1000004299,SURYA PANEN SUBUR,AMARA PLANTATION,Amara,SURYA PANEN SUBUR,,,Not RSPO Certified,,2019-10-31,3.80770000000,96.49470000000,IDN,Indonesia,Aceh,Nagan Raya,1-Fully Verified,Pt Surya Panen Subur Ii-Bidor,,
PO1000004300,KALLISTA ALAM,UNKNOWN,Kalista Alam,KALLISTA ALAM,Kalista Alam,,Not RSPO Certified,,2019-10-31,3.87153000000,96.58175000000,IDN,Indonesia,Aceh,Nagan Raya,1-Fully Verified,,,PT KALLISTA ALAM
PO1000004302,PATI SARI,UNKNOWN,Pati Sari,PERKEBUNAN PERTANIAN PATI SARI,,,Not RSPO Certified,,2019-10-31,4.08853000000,97.96092000000,IDN,Indonesia,Aceh,Aceh Tamiang,1-Fully Verified,,,"PERKEBUNAN DAN PERTANIAN PATI SARI,PERKEBUNAN PERTANIAN PATI SARI,,BINA SAWIT NUSANTARA,,,TPIE SRAKREIBUNAN DAN PERTANIAN P,TPIE SRAKREIBUNAN DAN PERTANIAN P,TPIE SRAKREIBUNAN DAN PERTANIAN P,TPIE SRAKREIBUNAN DAN PERTANIAN P,TPIE SRAKREIBUNAN DAN PERTANIAN P,PT. PERKEBUNAN DAN PERTANIAN PATI SARI,PERKEBUNAN DAN PERTANIAN PATI
SARI,PT PERKEBUNAN DAN PERTANIAN PATI SARI,SARI,PERKEBUNAN DAN
PERTANIAN PATI SARI"
PO1000004303,BEURATA SUBUR PERSADA,UNKNOWN,,BEURATA SUBUR PERSADA,,,Not RSPO Certified,,2019-10-31,4.12533000000,96.34125000000,IDN,Indonesia,Aceh,Nagan Raya,1-Fully Verified,,,"TERANTAM,,,BERSAMA OESAHA SARAGIH SEJAHTERA,,PT BEURATA SUBUR PERSADA,BEURATA SUBUR
PERSADA,,,,"
PO1000004305,TRI AGRO PALMA TAMIANG,UNKNOWN,,TRI AGRO PALMA TAMIANG,,,Not RSPO Certified,,2019-10-31,4.18606000000,98.04239000000,IDN,Indonesia,Aceh,Aceh Tamiang,1-Fully Verified,,,"SEUMADAM ACEH TAMIANG,TRI AGRO PALMA TAMIANG-SEUMADAM ACEH TAMIANG,MUSTIKA AGUNG SARANA SEJAHTERA,TRI AGRO PALMA TAMIANG-SEUMADAM ACEH,KEPOKRAJA,TRI AGRO PALMA TAMIANG-
SEUMADAM ACEH TAMIANG,PT TRI AGRO PALMA TAMIANG,PT KEPOKRAJA,TAMIANG,TRI AGRO PALMA
TAMIANG,,"
PO1000004306,KEMPAS,FIMACORP,FIMACORP,NUNUKAN JAYA LESTARI,,,Not RSPO Certified,,2019-10-31,4.20588000000,117.25178000000,IDN,Indonesia,Kalimantan Timur,Nunukan,1-Fully Verified,,,"NUNUKAN JAYA LESTARI,SEI MANGGARIE PALM OIL MILL,PT NUNUKAN JAYA LESTARI,PT NUNUKAN
JAYA LESTARI,SEI MANGGARIE PALM OILMILL,BANGKITGIAT USAHA MANDIRI POM,KKS KEMPAS,,ABDI BUDI MULIA 465"
PO1000004307,SILINDA,UNKNOWN,,CINTA RAJA,,,Not RSPO Certified,,2019-10-31,3.21700000000,98.78099000000,IDN,Indonesia,Sumatera Utara,Serdang Bedagai,1-Fully Verified,,,"CINTA RAJA,,,,,,,,,PT CINTA RAJA,,,,,"
PO1000004308,ALUE KUYUN,MOPOLI RAYA,MRG,MOPOLI RAYA,,,Not RSPO Certified,,2019-10-31,4.45744000000,96.16147000000,IDN,Indonesia,Aceh,Aceh Barat,1-Fully Verified,,,"MOPOLI RAYA II,ALUE KUYUN MILL JL,,,SINAR AGRO RAYA,MOPOLI RAYS LACEH TIMUR},,,,,,MOPOLI RAYA (ALUE KUYUEN),,MITRA NIAGA SEJATI JAYA,,SIMBA POM,ALUE KUYUN MILL JL.,,,,MOPOLI RAYA (ALUE KUYUN),,"
PO1000004309,KOPERASI PRIMA JASA,EKA KARYA,EKA KARYA,KOPERASI PRIMA JASA,,,Not RSPO Certified,,2019-10-31,4.59827000000,97.90183000000,IDN,Indonesia,Aceh,Aceh Timur,1-Fully Verified,,,"PRIMA JASA KOPERASI,,COP PRIMAJASA,KOP PRIMAJASA,,,,,KHARISMA ISKANDAR MUDA,"
PO1000004310,MAHKOTA ANDALAN SAWIT,MAHKOTA,Mahkota,MAHKOTA ANDALAN SAWIT,,,Not RSPO Certified,,2019-10-31,-3.22792000000,104.47305000000,IDN,Indonesia,Sumatera Selatan,Muara Enim,1-Fully Verified,,,"ANDALAN SAWIT,BERLIAN INTI MEKAR-PALEMBANG,,,,MAHKOTA,MAHKOTA ANDALAN
SAWIT,BERLIAN INTI MEKAR (MUARA ENIM),,"
PO1000004311,COT GIREK,PTPN III,PTPN III,PERKEBUNAN NUSANTARA I,PTPN I,,Not RSPO Certified,,2019-10-31,4.92850000000,97.37067000000,IDN,Indonesia,Aceh,Aceh Utara,1-Fully Verified,,,"PIP NUSANTARA I (COT GIREKJ,PTP NUSANTARA I (COT GIREK),,PTP NUSANTARA (COT GIREK),PTPN I (COT GIREK),,,MURINI SAMSAM (KANDIS) POM,PERKEBUNAN NUSANTARA I (COT GIREK),,,PERKEBUNAN NUSANTARA I (COK GIREK),ERKEBUNAN NUSANTARA I (COT GIRE,PKS COT GIREK"
PO1000004312,SAWITTA JAYA LAU PAKAM,UNKNOWN,,SAWITTA JAYA LAU PAKAM,,,Not RSPO Certified,,2019-10-31,3.26042000000,97.96500000000,IDN,Indonesia,Sumatera Utara,Karo,1-Fully Verified,,,"SAWITTA JAYA SEJAHTERA,,SAWIT NAGAN RAYA MAKMUR,,PT SAWITTA JAYA LAU PAKAM,SAWITTA JAYA LAU
PAKAM,,,,,,ABDI BUDI MULIA 934"
PO1000004313,CIPTA AGRO SEJATI,UNKNOWN,,CIPTA AGRO SEJATI,,,Not RSPO Certified,,2019-10-31,1.87120000000,100.43100000000,IDN,Indonesia,Riau,Rokan Hilir,1-Fully Verified,,,",,,,,,,,ANUGERAH TANJUNG MEDAN,,,CIPTA AGRO SEJATI PT.,GUNA AGUNG SEMESTA,,,"
PO1000004314,PAYA PINANG,PAYA PINANG,PAYA PINANG,SUMBER SAWIT MAKMUR,,,Not RSPO Certified,,2019-10-31,3.27047000000,99.24775000000,IDN,Indonesia,Sumatera Utara,Batu Bara,1-Fully Verified,,,"SUMBER SAWIT MAKMUR (LAUT TADOR),SUMBER SAWIT MAKMUR,SUMBER SAWIT MAKMUR-LAUT TADOR,,SAWIT ASAHAN INDAH,,,PT SUMBER SAWIT MAKMUR,SUMBER SAWIT MAKMUR-LAUT
TADOR,,,PT. SUMBER SAWIT MAKMUR - LAUT TADOR,,LAUT TADOR,PKS LAUT TADOR,ABDI BUDI MULIA 764"
PO1000004315,ASIA SAWIT MAKMUR,SUPERVENTURE,SUPERVENTURE,ASIA SAWIT MAKMUR JAYA,,,Not RSPO Certified,,2019-10-31,-0.48549000000,101.45201000000,IDN,Indonesia,Riau,Kuantan Singingi,2-High Confidence,,,"JAKE,ASIA SAWIT MAKMUR JAYA,,JAKE (ASMJ),,,,,,,,,,,PT. ASIA SAWIT MAKMUR JAYA,PT ASIA SAWIT MAKMUR JAYA"
PO1000004316,BUKIT TUNGGAL JAYA,BUMITAMA GUNAJAYA AGRO (BGA),Bumitama,LADANG SAWIT MAS,,,RSPO Certified,"RSPO Certified, MB",2019-10-31,-1.54640000000,110.34401000000,IDN,Indonesia,Kalimantan Barat,Ketapang,1-Fully Verified,,,"LADANG SAWIT MAS,,,,,,,,,INBO,AEK SIBIRONG,BUKIT TUNGGAL,,,,,,,"
PO1000004317,WANA POTENSI GUNA,UNKNOWN,,WAHANA POTENSI GUNA,,,Not RSPO Certified,,2019-10-31,-2.82172000000,103.44437000000,IDN,Indonesia,Sumatera Selatan,Musi Banyuasin,1-Fully Verified,,,"WANAPOTENSI GUNA,WANAPOTENSI GUNA,,BERKAT SAWIT SUKAMAJU,,,PT WANAPOTENSI GUNA,,,,,,PMKS WANAPOTENSI GUNA"
PO1000004318,MABALI,PASIFIK AGRO SENTOSA (PAS),PASIFIK AGRO SENTOSA (PAS),CIPTA USAHA SEJATI,,,Not RSPO Certified,,2019-10-31,-1.00008000000,110.19567000000,IDN,Indonesia,Kalimantan Barat,Kayong Utara,2-High Confidence,,,"BARUMUN AGRO SENTOSA (CIPTA USAHA SEJATI),CIPTA USAHA SEJATI,,TEGUH SEMPURNA-PEMANTANG,,,SEJATI),PASIFIK AGRO SENTOSA,"
PO1000004320,HARAPAN JAYA SAWITA,UNKNOWN,,HARAPAN JAYA SAWITA,,,Not RSPO Certified,,2019-10-31,3.86292000000,98.42129000000,IDN,Indonesia,Sumatera Utara,Langkat,1-Fully Verified,,,"LANGKAT,SATRIA DWI MANDIRI,PT HARAPAN JAYA SAWITA,GARUDA EMAS PERKASA"
PO1000004321,TALES INTI SAWIT,DUTA MARGA,DUTA MARGA,TALES INTI SAWIT,,,Not RSPO Certified,,2019-10-31,3.32731000000,98.76403000000,IDN,Indonesia,Sumatera Utara,Deli Serdang,1-Fully Verified,,,",,,,,,,PT TALES INTI SAWIT,,,"
PO1000004323,MUARA BAHAR,UNKNOWN,,MITRA AGROLIKA SEJAHTERA,,,Not RSPO Certified,,2019-10-31,-1.96292000000,103.61550000000,IDN,Indonesia,Sumatera Selatan,Musi Banyuasin,1-Fully Verified,,,"MITRA AGROLIKA SEJAHTERA,,,,,,PT MITRA AGROLIKA SEJAHTERA,,PT. SRI INDRAPURA SAWIT LESTARI,MITRA AGROLIKA SEJAHTERA MILL,,,TENGKALAT MILL,,MITRA AGRALIKA SEJAHTERA,"
PO1000004325,PIPIT MUTIARA INDAH,QL RESOURCES,QL Resources,PIPIT MUTIARA INDAH,,,Not RSPO Certified,,2019-10-31,3.32473000000,117.17365000000,IDN,Indonesia,Kalimantan Timur,Bulungan,1-Fully Verified,,,"PT PIPIT
MUTIARA
INDAH,,,PT PIPIT MUTIARA INDAH,,,,,,ABDI BUDI MULIA 802"
PO1000004327,MITRA BUMI,SEPTA,SEPTA,MITRA BUMI,,,Not RSPO Certified,,2019-10-31,0.45373000000,101.05567000000,IDN,Indonesia,Riau,Kampar,1-Fully Verified,,,"SEPTA GROUP,MITRA BUMI PT.,META EPSI AGRO,,PKS MITRA BUMI"
PO1000004329,KARYA SERASI JAYA ABADI,SUMBER TANI AGUNG (STA),STA,KARYA SERASI JAYA ABADI,,,Not RSPO Certified,,2019-10-31,3.34228000000,99.22248000000,IDN,Indonesia,Sumatera Utara,Serdang Bedagai,1-Fully Verified,,Crusher,",,,,,,,KARYA AGUNG SAWITA - BINJAI,PT. KARYA SERASI JAYA ABADI,KARYA SERASI JAYA
ABADI,,,PKMS BINJAI,,PMKS BINJAI"
PO1000004330,FANGIONO AGRO PLANTATION,FANGIONO AGRO PLANTATION (FAP AGRI),FAP,FANGIONO AGRO PLANTATION,,,Not RSPO Certified,,2019-10-31,-1.90970000000,110.85930000000,IDN,Indonesia,Kalimantan Barat,Ketapang,1-Fully Verified,,,
PO1000004331,TIMUR,PTPN III,PTPN III,PERKEBUNAN NUSANTARA IV,PTPN IV,,Not RSPO Certified,,2019-10-31,0.36719000000,99.30765000000,IDN,Indonesia,Sumatera Utara,Mandailing Natal,1-Fully Verified,,,"MAKMUR ANDALAN SAWIT,PKS TIMUR,,,,PERKEBUNAN NUSANTARA IV (TIMUR),PTPN IV,,,,,ABDI BUDI MULIA 1232"
PO1000004332,SERDANG HULU,UNKNOWN,,SERDANG HULU,,,Not RSPO Certified,,2019-10-31,3.34945000000,98.49443000000,IDN,Indonesia,Sumatera Utara,Langkat,1-Fully Verified,,,"MAKMUR ANDALAN SAWIT,,PT. SERDANG HULU,,,PT SERDANG HULU,,,"
PO1000004334,SEGUNTUNG,MKH BERHAD,MKH,MAJU KALIMANTAN HADAPAN,,,Not RSPO Certified,,2019-10-31,0.01531000000,116.96844000000,IDN,Indonesia,Kalimantan Timur,Kutai Kartanegara,1-Fully Verified,,,"KHALEDA AGROPRIMA MALINDO (SEGUNTUNG),SEGUNTUNG MILL,,KHALEDA AGROPRIMA MALINDO,MAJU KALIMANTAN HADAPAN,,,,,(SEGUNTUNG),PT. MAJU KALIMANTAN HADAPAN,,,MEGA HIJAU LESTARI,,,,,"
PO1000004335,BUMI PRATAMA KHATULISTIWA,WILMAR,Wilmar,BUMI PRATAMA KHATULISTIWA,,,RSPO Certified,"RSPO Certified, MB",2019-10-31,-0.02218000000,109.42488000000,IDN,Indonesia,Kalimantan Barat,Kubu Raya,1-Fully Verified,,,
PO1000004336,TUNAS HARAPAN SAWIT,UNKNOWN,,TUNAS HARAPAN SAWIT,,,Not RSPO Certified,,2019-10-31,3.36747000000,99.01783000000,IDN,Indonesia,Sumatera Utara,Serdang Bedagai,1-Fully Verified,,,"TUNAS HARAPAN SUMATERA,,,MUSTIKA AGUNG SAWIT SEJAHTERA,TUNAS HARAPAN SAWA,,,,,,,,TRIMITRA LESTARI,,DENDYMAKER INDAHLESTARI POM,,,"
PO1000004337,MULTI JAYA PERKASA,INCASI RAYA (GUNAS),Incasi Raya Group (IRG),MULTI JAYA PERKASA,,,Not RSPO Certified,,2019-10-31,-0.04083000000,110.80880000000,IDN,Indonesia,Kalimantan Barat,Sekadau,1-Fully Verified,,,"MULTI JAYA PERKASA PENITI,,,,MULTI JAYA PERKASA-PENITI,,,PENITI,ABDI BUDI MULIA 673"
PO1000004339,TANJUNG PURBA,UNKNOWN,Serdang Tengah,SERDANG TENGAH,,,Not RSPO Certified,,2019-10-31,3.39584000000,98.85533000000,IDN,Indonesia,Sumatera Utara,Deli Serdang,1-Fully Verified,,,"SERDANG TENGAH,,,,,,,,PT SERDANG TENGAH,PERUSAHAAN PERKEBUNAN DAN PERTANIAN SERDANG TENGAH,,PERUSAHAAN PERKEBUNAN DAN PERTANIAN
SERDANG TENGAH,PERUSAHAAN PERKEBUNAN DAN PERTANIANSERDANG TENGAH"
PO1000004340,ANDALAS AGRO INDUSTRI,TSH RESOURCES,TSH Resources ,ANDALAS AGRO INDUSTRI,,,RSPO Certified,"RSPO Certified, MB",2019-10-31,-0.05062000000,99.97350000000,IDN,Indonesia,Sumatera Barat,Pasaman Barat,1-Fully Verified,,,
PO1000004341,TANJUNG PAUH,PANCA EKA,PANCA EKA,KEBUN PANTAI RAJA,,,Not RSPO Certified,,2019-10-31,-0.05745000000,101.24185000000,IDN,Indonesia,Riau,Kuantan Singingi,1-Fully Verified,,,"KEBUN PANTAI RAJA,,KEBUN PANTAI RAJA (TANJUNG PAUH),,,,,PT. KEBUN PANTAI RAJA,PANCA EKA,KEBUN PANTAI RAJA PT.,,,,,"
PO1000004342,RAMBUTAN,PTPN III,PTPN III,PERKEBUNAN NUSANTARA III,PTPN III,,RSPO Certified,"RSPO Certified, MB",2019-10-31,3.35101000000,99.16974000000,IDN,Indonesia,Sumatera Utara,Serdang Bedagai,1-Fully Verified,,,"PERKEBUNAN NUSANTARA III (RAMBUTAN),,,,,SWAKARSA SAWIT RAYA,PTP NUSANTARA III (RAMBUTAN),,,,,,,,,,,PTP NUSANTARA III (AEK TOROP),,PKS RAMBUTAN,,,,PTPN III (RAMBUTAN),,"
PO1000004343,SEMUNTAI,MULTI PRIMA ENTAKAI,MULTI PRIMA ENTAKAI,MULTI PRIMA ENTAKAI,,,Not RSPO Certified,,2019-10-31,0.05935000000,110.74968000000,IDN,Indonesia,Kalimantan Barat,Sekadau,1-Fully Verified,,,"MULTI PRIMA ENTAKAI,,,,,,,,,,,,,,,PT MULTI PRIMA ENTAKAI,PRISCOLIN,UNGGUL LESTARI POM,,,,,"
PO1000004344,BLANKAHAN,ANGLO-EASTERN PLANTATION (AEP),Anglo Eastern Plantations (AEP),UNITED KINGDOM INDONESIA PLANTATION,,,Not RSPO Certified,,2019-10-31,3.49398000000,98.39700000000,IDN,Indonesia,Sumatera Utara,Langkat,1-Fully Verified,,,"UNITED KINGDOM INDONESIA PLANTATIONS,UNITED KINGDOM INDONESIA,,USNITED KINGDOM INDONESIA PLANTATI,,,SEI INTAN,UNITED KINGDOM PLANTATIONS,UNITED KINGDOM INDONESIA PLANTATIO,UNITED KINGDOM INDONESIA PLANTATIO,,,,,,UNITED KINGDOM INDONESIA PLANTATION,UTNAITIEODN KSINGDOM INDONESIA PL,UTNAITIEODN KSINGDOM INDONESIA PL,UTNAITIEODN KSINGDOM INDONESIA PL,UTNAITIEODN KSINGDOM INDONESIA PL,UTNAITIEODN KSINGDOM INDONESIA PL,PT. UNITED KINGDOM INDONESIA PLANTATIONS,UNITED KINGDOM PLANTATION,PLANTATIONS,UNITED KINGDOM
INDONESIA PLANTATIONS,PT. UNITED KINGDOM INDONESIA
PLANTATIONS,,,UNITED KINGDOM
INDONESIA
PLANTATIONS,,ITED KINGDOM INDONESIA PLANTATIO,BLANKAHAN OIL,PT. UNITED KINGDOM INDONESIA
PLANTATIONS,UNITED KINGDOM INDONESIAPLANTATIONS"
PO1000004345,MAKMUR ANDALAN SAWIT,UNKNOWN,MAS - Makmur Andalan Sawit,MAKMUR ANDALAN SAWIT,Bukit Bintang Sawit (BBS),,Not RSPO Certified,,2019-10-31,0.06912000000,102.12460000000,IDN,Indonesia,Riau,Pelalawan,1-Fully Verified,,,"SOREK,,MAKMUR ANDALAN SAWIT MILL,,,,BAHARI GEMBIRA RIA-PKS LADANG
PANJANG,,,,,,,,MAKMUR ANDALAN SAWIT PT.,PT MAKMUR ANDALAN SAWIT,MAKMUR ANDALAN
SAWIT,,,"
PO1000004348,INKUD AGRITAMA,UNKNOWN,,INKUD AGRITAMA,,,Not RSPO Certified,,2019-10-31,-0.06934000000,100.02214000000,IDN,Indonesia,Sumatera Barat,Pasaman Barat,1-Fully Verified,,,RIMBO PANJANG SUMBER MAKMUR
PO1000004349,PERKEBUNAN PELALU RAYA,ROYAL GOLDEN EAGLE,Royal Golden Eagle (RGE),PERKEBUNAN PELALU RAYA,,,Not RSPO Certified,,2019-10-31,-0.10040000000,100.04900000000,IDN,Indonesia,Sumatera Barat,Agam,1-Fully Verified,,,"LINGGA TIGA SAWIT,,,,PT PERKEBUNAN PELALU RAYA,,PT. PERKEBUNAN PELALU RAYA,PT. PERKEBUNAN PELALU RAYA"
PO1000004350,KEBUN GUNUNG MELIAU,PTPN III,PTPN III,PERKEBUNAN NUSANTARA XIII,,,Not RSPO Certified,,2019-10-31,-0.10683000000,110.29278000000,IDN,Indonesia,Kalimantan Barat,Sanggau,1-Fully Verified,,,"GUNUNG MELIAU,PERKEBUNAN NUSANTARA XIII (G. MELIAU),PERKEBUNAN NUSANTARA XIII (GUNUNG MELIAU),,,EBUNAN NUSANTARA XIII (GUNUNG M"
PO1000004351,ADIMULYA AGRO LESTARI,ADIMULIA,ABM,ADIMULIA AGROLESTARI,,,Not RSPO Certified,,2019-10-31,-0.10898000000,101.38678000000,IDN,Indonesia,Riau,Kampar,1-Fully Verified,,,"ADIMULIA AGROLESTARI,,SEI TESO,PT. ADIMULIA AGROLESTARI ( SEI TESO ),ADIMULIA AGROLESTARI (SEI TESO),,,,,SEGATI,,,,,,,,,,ADIMULIA SARIMAS INDUSTRI (SARIMAS),SEI TESO - ADIMULYA AGRO LESTARI,ADIMULIA AGROLESTARI PT.,PT ADIMULIA AGROLESTARI (SEI TESO),,"
PO1000004352,BINTANG HARAPAN DESA,BINTANG HARAPAN DESA (BHD),BINTANG HARAPAN DESA,BINTANG HARAPAN DESA,,,Not RSPO Certified,,2019-10-31,-0.11225000000,110.33238000000,IDN,Indonesia,Kalimantan Barat,Sanggau,1-Fully Verified,,,
PO1000004353,KEDUKUL,SALIM GROUP,Salim,CITRANUSA INTISAWIT,,,Not RSPO Certified,,2019-10-31,0.11453000000,110.75930000000,IDN,Indonesia,Kalimantan Barat,Sanggau,1-Fully Verified,,,CITRANUSA INTISAWIT
PO1000004356,NYATOH,GAMA PLANTATIONS,KPN,TH INDO PLANTATIONS,,,Not RSPO Certified,,2019-10-31,0.13162000000,103.15420000000,IDN,Indonesia,Riau,Indragiri Hilir,1-Fully Verified,,,"TH INDO PLANTATIONS (POM NYATO),NYATO,,PT TH INDO PLANTATIONS5 - PULAI,,,,,,,,,,,PKS NYATO,P-THIP4 PULAI,,,,,,TH INDO PLANTATIONS - NYATOH"
PO1000004358,SURYA AGROLIKA REKSA,ADIMULIA,Adimulia Agrolestari Group,SURYA AGROLIKA REKSA,,,Not RSPO Certified,,2019-10-31,-0.13697000000,101.39080000000,IDN,Indonesia,Riau,Kuantan Singingi,2-High Confidence,,,"SURYA AGROLIKA REKSA (SEI BASAU),,SEI BASAU,,,,PINAGO UTAMA,,,,,,,,PKS 1 - SEI BASAU,SUMBER JAYA INDAHNUSA COY (KOTA TENGAH),SURYA AGROLIKA REKSA PT.,,,SURYA AGROLIKA REKSA - SEI BASAU,"
PO1000004360,BINABARU,SWASTISIDDHI AMAGRA,SWASTISIDDHI AMAGRA,SWASTISIDDHI AMAGRA,,,Not RSPO Certified,,2019-10-31,0.20895000000,101.27608000000,IDN,Indonesia,Riau,Kampar,1-Fully Verified,,,"SWASTISIDDHI AMAGRA,SWASTISIDDHI AMAGRA - BINABARU,,,,,,,,,,,,SWASTISIDDHI AMAGRA PT. (BINA BARU),SWASTISIDDHI AMAGRA (BINA BARU),,,,"
PO1000004361,PARNA AGROMAS,LG INTERNATIONAL,LX International,PARNA AGROMAS,,,Not RSPO Certified,,2019-10-31,0.21308000000,111.07863000000,IDN,Indonesia,Kalimantan Barat,Sekadau,1-Fully Verified,,,"LG INTERNATIONAL,PARNA AGRO MAS,,,,PARNA AGRO MAS
MILL,,,,,,,CPO MILL"
PO1000004362,TESO I,GAMA PLANTATIONS,KPN,CITRA RIAU SARANA,,,Not RSPO Certified,,2019-10-31,-0.21335000000,101.47432000000,IDN,Indonesia,Riau,Kuantan Singingi,1-Fully Verified,,,"CITRA RIAU SARANA (TESO SATU),CITRA RIAU SARANA 1,,CITRA RIAU SARANA,,,,,CITRA RIAU SARANA-TESO SATU,TESO,,,TESO 1,,CITRA RIAU SARANA - TESO SATU,TESO SATU,ABDI BUDI MULIA 1217"
PO1000004363,PULAI,GAMA PLANTATIONS,KPN,TH INDO PLANTATIONS,,,Not RSPO Certified,,2019-10-31,0.21972000000,103.16556000000,IDN,Indonesia,Riau,Indragiri Hilir,2-High Confidence,,,"TH INDO PLANTATIONS (POM PULAI),PKS PULAI,PT TH INDO PLANTATIONS5 - NYATU,PT TH INDO PLANTATIONS5 -
NYATU,P-THIP3,P-THIP3 NYATU,TH INDO PLANTATIONS - PULAI"
PO1000004364,SATRIA MULTI SUKSES,CHAROEN POKPHAND,CHAROEN POKPHAND,SATRIA MULTI SUKSES,,,Not RSPO Certified,,2019-10-31,0.22145000000,109.53117000000,IDN,Indonesia,Kalimantan Barat,Landak,1-Fully Verified,,,SATRIA MULTI SUKES
PO1000004365,AIR BALAM,BAKRIE,Bakrie,BAKRIE PASAMAN PLANTATIONS,,,Not RSPO Certified,,2019-10-31,0.22992000000,99.47708000000,IDN,Indonesia,Sumatera Barat,Pasaman Barat,1-Fully Verified,,,"BAKRIE PASAMAN PLANTATION (AIR BALAM),BAKRIE PASAMAN PLANTATION (AIR,,BAKRIE PASAMAN PLANTATIONS,,ENSEM LESTARI,,,,BAKRIE PASAMAN PLANTATION (AIR
BALAM),,ABDI BUDI MULIA 39"
PO1000004366,BERKAT SAWIT SEJAHTERA,SUPERVENTURE,SUPERVENTURE,BERKAT SAWIT SEJAHTERA,,,Not RSPO Certified,,2019-10-31,0.23816000000,99.70526000000,IDN,Indonesia,Sumatera Barat,Pasaman Barat,1-Fully Verified,,,"GUNUNG TULEH,BERKAT SAWIT SEJAHTERA (PASAMAN),,BERKAT SAWIT SEJAHTERA PASAMAN,,PSB (PASAMAN BARAT),BERKAT SAWIT SEJAHTERA (PAS,PT. BERKAT SAWIT SEJAHTERA,PASAMAN BARAT (PSB),AGRO PERSADA,"
PO1000004367,TESO III,GAMA PLANTATIONS,KPN,CITRA RIAU SARANA,,,Not RSPO Certified,,2019-10-31,-0.24333000000,101.58363000000,IDN,Indonesia,Riau,Kuantan Singingi,3-Low Confidence,,,"CITRA RIAU SARANA 3 (TESO TIGA),CITRA RIAU SARANA 3,,,,,,TESO 3,CITRA RIAU SARANA-TESO TIGA,TESO TIGA"
PO1000004368,REZEKI KENCANA,TIANJIN JULONG,TIANJIN JULONG (TJG),REZEKI KENCANA,,,Not RSPO Certified,,2019-10-31,-0.26638000000,109.25213000000,IDN,Indonesia,Kalimantan Barat,Kubu Raya,1-Fully Verified,,,"REZEKI KENCANA, PT.,,,,,REZEKI KENCANA, PT.,,,REZEKI KENCANA, PT.,REZEKI KENCANA, PT.,REZEKI KENCANA, PT.,REZEKI KENCANA, PT.,REZEKI KENCANA, PT.,REZEKI KENCANA, PT.,REZEKI KENCANA, PT.,REZEKI KENCANA, PT.,REZEKI KENCANA, PT.,REZEKI KENCANA, PT.,REZEKI KENCANA, PT.,REZEKI KENCANA PT.,SISUMUT POM"
PO1000004370,SEI KUAMANG,UNKNOWN,Tasma Puja,TASMA PUJA,,,Not RSPO Certified,,2019-10-31,0.27501000000,101.21938000000,IDN,Indonesia,Riau,Kampar,2-High Confidence,,,"TASMA PUJA,,PT. TASMA PUJA,,,,CAKRA ALAM SEJATI,,,,,,,,TASMA PUJA PT,TASMA PUJA (SEI KUAMANG),,,"
PO1000004372,TUNGGAL PERKASA PLANTATIONS,ASTRA AGRO LESTARI,Astra Agro Lestari (AAL),TUNGGAL PERKASA PLANTATIONS,,,Not RSPO Certified,,2019-10-31,-0.30518000000,102.27318000000,IDN,Indonesia,Riau,Indragiri Hulu,1-Fully Verified,,,"TUNGGAL PERKASA PLANTATION,,TUNGGAL PERKASA SUNGAI SAGU,,,,SARI ADITYA LOKA 2,,,,TUNGGAL
PERKASA
PLANTATION,,,,,TUNGGAL PERKASA PLANTATIO,TUNGGAL PERKASA PLANTATIO,TUNGGAL PERKASA PLANTATIO,TUNGGAL PERKASA PLANTATION PT.,TUNGGAL PERKASA
PLANTATION,,,,,TUNGGAL PERKASA
PLANTATIONS PALM OIL MILL"
PO1000004373,MUTIARA AGAM,PROVIDENT AGRO,Provident Agro,MUTIARA AGAM,,,Not RSPO Certified,,2019-10-31,-0.32032000000,99.87732000000,IDN,Indonesia,Sumatera Barat,Agam,1-Fully Verified,,,
PO1000004374,TESO II,GAMA PLANTATIONS,KPN,CITRA RIAU SARANA,,,Not RSPO Certified,,2019-10-31,-0.32253000000,101.55822000000,IDN,Indonesia,Riau,Kuantan Singingi,1-Fully Verified,,,"CITRA RIAU SARANA 2 (TESO DUA),CITRA RIAU SARANA 2,,,,,,TESO 2,CITRA RIAU SARANA - TESO DUA,TESO DUA"
PO1000004375,BINTARA TANI NUSANTARA,INCASI RAYA (GUNAS),Incasi Raya Group (IRG),BINTARA TANI NUSANTARA,,,Not RSPO Certified,,2019-10-31,0.33288000000,99.38280000000,IDN,Indonesia,Sumatera Barat,Pasaman Barat,1-Fully Verified,,,
PO1000004376,NANGA SILAT,SALIM GROUP,Salim,RIAU AGROTAMA PLANTATION,,,Not RSPO Certified,,2019-10-31,0.33728000000,111.81300000000,IDN,Indonesia,Kalimantan Barat,Kapuas Hulu,1-Fully Verified,,,RIAU AGROTAMA PLANTATION
PO1000004377,MITRA AUSTRAL SEJAHTERA,SIME DARBY,Sime Darby Guthrie (SDGI),MITRA AUSTRAL SEJAHTERA,,,Not RSPO Certified,,2019-10-31,0.35905000000,110.43137000000,IDN,Indonesia,Kalimantan Barat,Sanggau,1-Fully Verified,,,"PT MITRA AUSTRAL SEJAHTERA,MAS,,MULTI AGRINDO SUMATERA"
PO1000004378,PASAMAN MARAMA SEJAHTERA,INCASI RAYA (GUNAS),Incasi Raya Group (IRG),PASAMAN MARAMA SEJAHTERA,,,Not RSPO Certified,,2019-10-31,0.36228000000,99.63360000000,IDN,Indonesia,Sumatera Barat,Pasaman Barat,1-Fully Verified,,,"PASAMANMARAMA SEJAHTERA,PASAMAN MARAHMA SEJAHTERA (ULU SONTANG),PASAMANMARAMA SEJAHTERA-ULU SONTANG,PASAMAN MARAMA SEJAHTERA ULU SONTANG,PASAMANAN MARAHMA SEJAHTERA,PASAMAN MARAMA SEJAHTERA - ULU SONTANG"
PO1000004379,SINTANG RAYA,MIWON,MIWON,SINTANG RAYA,,,Not RSPO Certified,,2019-10-31,-0.45264000000,109.26520000000,IDN,Indonesia,Kalimantan Barat,Kubu Raya,1-Fully Verified,,,
PO1000004380,KUBU RAYA,PASIFIK AGRO SENTOSA (PAS),PASIFIK AGRO SENTOSA (PAS),MITRA ANEKA REZEKI,,,Not RSPO Certified,,2019-10-31,-0.36601000000,109.30038000000,IDN,Indonesia,Kalimantan Barat,Kubu Raya,1-Fully Verified,,,"MITRA ANEKA REZEKI,NATAI RAJA,MITRA ANEKA REZEKI MILL,,,TENGKALAT,,,,,PRASADA JAYA MULIA,,,,,,"
PO1000004382,SALO BANDANG,GAMA PLANTATIONS,KPN,TRITUNGGAL SENTRA BUANA,,,Not RSPO Certified,,2019-10-31,-0.41758000000,117.36450000000,IDN,Indonesia,Kalimantan Timur,Kutai Kartanegara,1-Fully Verified,,,"TRITUNGGAL SENTRA BUANA,TRITUNGGAL SENTRA BUANA (SALO BANDANG),,,,MUKO MUKO MILL,P-TSB,ABDI BUDI MULIA 891"
PO1000004383,PANGKALAN BARU INDAH,UNKNOWN,,PANGKALAN BARU INDAH,,,Not RSPO Certified,,2019-10-31,0.42363000000,101.58915000000,IDN,Indonesia,Riau,Kampar,1-Fully Verified,,,"PANGKALAN BARU LNDAH,,,,GUNA SETIA PRATAMA,WASUNDARI INDAH,PANGKALAN BARU INDAH PT.,,,,"
PO1000004384,SINAR SIAK DIAN PERMAI,WILMAR,Wilmar,SINAR SIAK DIAN PERMAI,,,Not RSPO Certified,,2019-10-31,0.44937000000,101.62122000000,IDN,Indonesia,Riau,Pelalawan,1-Fully Verified,,,"SINARSIAK DIANPERMAI,,,,,,SUNGAI RANGIT POM,,,,,ABDI BUDI MULIA 1031"
PO1000004385,KALIANTA 1,PADASA ENAM UTAMA,PADASA ENAM UTAMA,PADASA ENAM UTAMA,,,Not RSPO Certified,,2019-10-31,0.45820000000,100.80204000000,IDN,Indonesia,Riau,Rokan Hulu,1-Fully Verified,,,"PADASA ENAM UTAMA (KALIANTA 1),KALIANTA SATU,,,,,,,,,,,,PADASA ENAM UTAMA,GUNUNG MARAS LESTARI/MABAT,,,,,"
PO1000004386,SAGO NAULI,SAGO NAULI,Sago Nauli,TRI BAHTERA SRIKANDI,,,Not RSPO Certified,,2019-10-31,0.46648000000,99.37025000000,IDN,Indonesia,Sumatera Utara,Mandailing Natal,1-Fully Verified,,,"TRI BAHTERA SRIKANDI,,TRI BAHTERA SRIKANDI-TANDIKEK,PT TRI BAHTERA SRIKANDI (TANDIKEK),TANDIKEK,PT. TRI BAHTERA SRIKANDI,,,SEMUNAI SAWIT PERKASA,,,,,,PT TRI BAHTERA SRIKANDI,TRI BAHTERA SRIKANDI (SAGO NAULI),,,,PT TRI BAHTERA SRIKANDI (SAGO NAULI),"
PO1000004387,SAGO NAULI SINUNUKAN,SAGO NAULI,Sago Nauli,SAGO NAULI,,,Not RSPO Certified,,2019-10-31,0.46952000000,99.22265000000,IDN,Indonesia,Sumatera Utara,Mandailing Natal,1-Fully Verified,,,"SINUNUKAN,,,,,,,PT. SAGO NAULI,,,,,SINUNUKAN II"
PO1000004389,KELAYANG,UNKNOWN,,MITRA AGUNG SWADAYA,,,Not RSPO Certified,,2019-10-31,-0.49340000000,102.06247000000,IDN,Indonesia,Riau,Indragiri Hulu,1-Fully Verified,,,"MITRA AGUNG SWADAYA,,MITRA AGUNG SWADAYA  (KELAYANG),,,,,,,,,,,MITRA AGUNG SWADAYA PT,BUMI PERMAI MILL,,,MITRA AGUNG SWADAYA (KELAYANG),,"
PO1000004390,MUARA BENGKAL,TELADAN PRIMA,Teladan,TELEN PRIMA SAWIT,,,Not RSPO Certified,,2019-10-31,0.51135000000,116.78111000000,IDN,Indonesia,Kalimantan Timur,Kutai Timur,1-Fully Verified,,,"TELEN PRIMA SAWIT,,,,HAMPARAN PERKASA MANDIRI,,,"
PO1000004392,AGRO SARIMAS INDONESIA,SARIMAS,SMP,AGRO SARIMAS INDONESIA,,,Not RSPO Certified,,2019-10-31,-0.51630000000,102.92150000000,IDN,Indonesia,Riau,Indragiri Hilir,1-Fully Verified,,,",,,,,,,,,,AGRO MEKAR LESTARI,BUMI,BUKIT PAYUNG,,,AGRO SARIMAS
INDONESIA,,,,SEI SEJUK"
PO1000004394,USAHA KITA MAKMUR,UNKNOWN,,USAHA KITA MAKMUR,,,Not RSPO Certified,,2019-10-31,-0.52977000000,101.49305000000,IDN,Indonesia,Riau,Kuantan Singingi,1-Fully Verified,,,",,,,,,,,,,PT. USAHA KITA MAKMUR,USAHA KITA MAKMUR PT.,,"
PO1000004395,TAMORA AGRO LESTARI,Jhagdra Group,Jhagdra,TAMORA AGRO LESTARI,,,Not RSPO Certified,,2019-10-31,-0.53047000000,101.41718000000,IDN,Indonesia,Riau,Kuantan Singingi,1-Fully Verified,,,"SEROSAH,,,,TAMARA AGRA LESTAN,TAMARA AGRO LESTARI,,,,,,,,JHAGDRA GROUP,JHAGDRA,,,,"
PO1000004398,SEWANGI SAWIT SEJAHTERA,UNKNOWN,Sewangi Sejati Luhur,SEWANGI SAWIT SEJAHTERA,,,Not RSPO Certified,,2019-10-31,0.58135000000,101.08710000000,IDN,Indonesia,Riau,Kampar,1-Fully Verified,,,"EGASUTI NASAKTI,,,,,,SEWANGI SAWIT
SEJAHTERA,,,,"
PO1000004400,PEPUTRA MASTERINDO,PEPUTRA,Peputra Masterindo (PM),PEPUTRA MASTERINDO,Peputra Masterindo (PM),,Not RSPO Certified,,2019-10-31,0.58980400,100.99144800,IDN,Indonesia,Riau,Kampar,1-Fully Verified,,,"PEPUTRA MASTERINDO MILL,PT PEPUTRA MASTERINDO,,,,,SEWANGI SAWIT SEJAHTERA,PEPUTRA MASTERINDO PT.,,,"
PO1000004402,TANDUN,PTPN III,PTPN III,PERKEBUNAN NUSANTARA V,PTPN V,,RSPO Certified,"RSPO Certified, MB",2019-10-31,0.59915000000,100.69283000000,IDN,Indonesia,Riau,Kampar,1-Fully Verified,,,"KEBUN TANDUN,,PERKEBUNAN NUSANTARA V (TANDUN),SEI TANDUN,,,,,PALMA JAYA SEJAHTERA,,,,,,,,,,PKS TANDUN,PKS TANDUN,PTPN,,,,PERKEBUNAN NUSANTARA V (TANDUN"
PO1000004403,KAMPAR,SUPERVENTURE,SUPERVENTURE,BUMI MENTARI KARYA,,,Not RSPO Certified,,2019-10-31,0.62672000000,101.13858000000,IDN,Indonesia,Riau,Kampar,1-Fully Verified,,,"BUMI MENTARI KARYA (KAMPAR),BUMI MENTARI KARYA - KAMPAR,,BUMI MENTARI KARYA TAPUNG,BMK KAMPAR,,,,BUMI MENTARI KARYA,BUMI MENTARI KARYA,BUMI MENTARI KARYA,BUMI MENTARI KARYA,,,,,,,,PT. BUMI MENTARI KARYA (KAMPAR),PT. BUMI MENTARI KARYA (KAMPAR),TANGAR POM,,,,"
PO1000004404,SIAK PRIMA SAKTI,WILMAR,Wilmar,SIAK PRIMA SAKTI,,,Not RSPO Certified,,2019-10-31,0.65122000000,101.75405000000,IDN,Indonesia,Riau,Siak,1-Fully Verified,,,"SINUNUKAN II POM,,,,,ABDI BUDI MULIA 1010"
PO1000004408,KIMIA TIRTA UTAMA,ASTRA AGRO LESTARI,Astra Agro Lestari (AAL),KIMIA TIRTA UTAMA,,,Not RSPO Certified,,2019-10-31,0.67463000000,101.72892000000,IDN,Indonesia,Riau,Siak,1-Fully Verified,,,",,,,,,KIMIA TIRTA
UTAMA,,,,,PT KIMIA TIRTA UTAMA POM,KIMIA TIRTA UTAMA PT.,,,,KIMIA TIRTA UTAMA PALM OIL MILL"
PO1000004410,SUKADAMAI,BUMITAMA GUNAJAYA AGRO (BGA),Bumitama,ROHUL SAWIT INDUSTRI,,,RSPO Certified,"RSPO Certified, MB",2019-10-31,0.68325000000,100.52923000000,IDN,Indonesia,Riau,Rokan Hulu,1-Fully Verified,,,"ROHUL SAWIT INDUSTRI (SUKA DAMAI FACTORY),ROHUL SAWIT INDUSTRI,,SUKA DAMAI FACTORY,ROHUL SAWIT INDUSTRI (SUKADAMAI),,,,INDOMAKMUR SAWIT BERJAYA,,,,,,,,PT ROHUL SAWIT INDUSTRI,SUKA DAMAI,FACTORY),BUMITAMA GUNAJAYA AGRO,ROHUL SAWIT INDUSTRIA,ROHUL SAWIT INDUSTRI PT.,ROHUL SAWIT INDUSTRI (SUKA DAMAI
FACTORY),,SUKADAMAI MILL,ROHUL SAWIT INDUSTRI/SUKADAMAI"
PO1000004411,SUKARAMAI,UNKNOWN,Sewangi Sejati Luhur,SEWANGI SEJATI LUHUR,,,Not RSPO Certified,,2019-10-31,0.71438000000,100.92837000000,IDN,Indonesia,Riau,Kampar,1-Fully Verified,,,"SEWANGI SEJATI LUHUR,,PRIMA SAUHUR LESTARI POM,,,,,,,,,,,SUKARAMAI - SEWANGI SEJATI LUHUR,,,"
PO1000004412,RENGAT,MAHKOTA,Mahkota,BERLIAN INTI MEKAR,,,Not RSPO Certified,,2019-10-31,-0.72335000000,102.62722000000,IDN,Indonesia,Riau,Indragiri Hulu,1-Fully Verified,,,"BERLIAN INTI MEKAR (RENGAT),BERLIAN INTI MEKAR-RENGAT,,BERLIAN INTI MEKAR - RENGAT,,,,UNGGUL LESTARI,,,,,BERLIAN INTI MEKAR,,,,PT TALANG JERINJING SAWIT,,,,,,RENGAS"
PO1000004415,GLOBAL KALIMANTAN MAKMUR,HPI Agro,HPI-AGRO (DJARUM),GLOBAL KALIMANTAN MAKMUR,,,Not RSPO Certified,,2019-10-31,0.72975000000,110.46312000000,IDN,Indonesia,Kalimantan Barat,Sanggau,1-Fully Verified,,,"KEPODANG,,,,,,,KEPODANG MILL,GLOBAL KALIMANTAN MAKMUR (PKS SEKAYAM),KEPONDANG,,GLOBAL KALIMANTAN
MAKMUR (PKS
SEKAYAM),,ABDI BUDI MULIA 322,GLOBAL KALIMANTAN MAKMUR (PKSSEKAYAM),GLOBAL KALIMANTAN MAKMUR -,GLOBAL KALIMANTAN MAKMUR (PKS
SEKAYAM)"
PO1000004417,SAWIT ASAHAN INDAH,ASTRA AGRO LESTARI,Astra Agro Lestari (AAL),SAWIT ASAHAN INDAH,,,Not RSPO Certified,,2019-10-31,0.76131000000,100.51901000000,IDN,Indonesia,Riau,Rokan Hulu,1-Fully Verified,,,",,,GUNTUNG IDAMAN NUSA 1,SAWIT ASAHAN LNDAH,,,,SAWIT ASAHAN
INDAH,,,,,,,,,SAWIT ASAHAN INDAH PT.,,,,,SAWIT ASAHAN INDAH PALM OIL MILL"
PO1000004418,MULTI AGRO SENTOSA,UNKNOWN,,MULTI AGRO SENTOSA,,,Not RSPO Certified,,2019-10-31,0.77083000000,100.88528000000,IDN,Indonesia,Riau,Kampar,1-Fully Verified,,,",,,GRUTI LESTARI PRATAMA,,,,,,,,PT MULTI AGRO SENTOSA,MULTI AGRO SENTOSA PT,BATANG KULIM POM,,,,"
PO1000004419,BINA FITRI JAYA,ANGLO-EASTERN PLANTATION (AEP),Anglo Eastern Plantations (AEP),BINA FITRI JAYA,,,Not RSPO Certified,,2019-10-31,0.80909000000,101.27795000000,IDN,Indonesia,Riau,Kampar,1-Fully Verified,,,"BINA PITRI JAYA,,,,,,ANGLO-EASTERN PLANTATIONS PLC,PRAKARSA TANI SEJATI MILL,,,BINA PITRI JAYA PALM OIL MILL"
PO1000004421,MUTIARA UNGGUL LESTARI,MAHKOTA,Mahkota,MUTIARA UNGGUL LESTARI,,,Not RSPO Certified,,2019-10-31,0.85582000000,101.30262000000,IDN,Indonesia,Riau,Siak,1-Fully Verified,,,",,,ADIMULIA PALMO LESTARI,,,,,,,,MUTIARA UNGGUL
LESTARI"
PO1000004422,EKA DURA INDONESIA,ASTRA AGRO LESTARI,Astra Agro Lestari (AAL),EKA DURA INDONESIA,,,Not RSPO Certified,,2019-10-31,0.88425000000,100.61168000000,IDN,Indonesia,Riau,Rokan Hulu,1-Fully Verified,,,"EKADURA INDONESIA,EKA DURA INDONESIA (SEI MANDING),,EKA DURA INDONESIA-SEI MANDING,,,,AGROWIRATAMA,,,,EKADURA
INDONESIA,,,,,EKADURA INDONESIA (SEI MANDING),EKADURA INDONESIA (SEI MANDING),EKA DURA INDONESIA PT.,EKA DURA INDONESIA SEI MANDING,,,,,EKADURA INDONESIA PALM OIL MILL"
PO1000004423,KOTA LAMA,UNKNOWN,Sumber Jaya Indahnusa,SUMBER JAYA INDAHNUSA COY,,,Not RSPO Certified,,2019-10-31,0.89217000000,100.69900000000,IDN,Indonesia,Riau,Rokan Hulu,1-Fully Verified,,,"SUMBER JAYA INDAHNUSA,KOTALAMA,SUMBER JAYA INDAHNUSA (KOTA LAMA),,SUMBER JAYA INDAHNUSA COY,PT SUMBER JAYA INDAHNUSA COY,SUMBER JAYA INDAHNUSA(KOTA LAMA),PKS 1 - KOTA LAMA,,,,PKS-1 KOTA LAMA,SUMBER JAYA I NDAHNUSA COY (KOTA LAMA),SOMBER JAYA INDAHNUSA COY (KOTA LAMA),,,,,,,,MEROUKE,SUMBER JAYA INDAHNUSA COY (KOTA LAMA),,SUMBER JAYA INDAHNUSA COY (KOTA
LAMA),PKS 1 KOTA LAMA,SUMBER JAYA INDAHNUSA COY (KOTALAMA),SUMBER JAYA INDAHNUSA COY (KOTA"
PO1000004424,MUARA DILAM,PADASA ENAM UTAMA,PADASA ENAM UTAMA,SUMBER ALAM MAKMUR SENTOSA,,,Not RSPO Certified,,2019-10-31,0.95947000000,100.72378000000,IDN,Indonesia,Riau,Rokan Hulu,1-Fully Verified,,,"SUMBER ALAM MAKMUR SENTOSA (MUARA DILAM),SUMBER ALAM MAKMUR SENTOSA,,SUMBER ALAM MAKMUR SENTOSA (PMKS MUARA DILAM),,,,,,,,,,,DILAM),SUMBER ALAM MAKMUR SENTO,SUMBER ALAM MAKMUR SENTOSA PT.,(PMKS MUARA DILAM),SUMBER ALAM MAKMUR
SENTOSA,,PKS SUMBER ALAM MAKMUR SENTOSA"
PO1000004425,CITRA BUMI AGRO,SEPTA,SEPTA,CITRA BUMI AGRO,,,Not RSPO Certified,,2019-10-31,0.99577000000,100.61690000000,IDN,Indonesia,Riau,Rokan Hulu,1-Fully Verified,,,"CITRA BUMI AGRO MILL,CITRA BURNT AGRA,CARA BUMI AGRA,,SEPTA GROUP,CITRA BUMI AGRO PT,,,,,"
PO1000004426,SUMBAR ANDALAS KENCANA,INCASI RAYA (GUNAS),Incasi Raya Group (IRG),SUMBAR ANDALAS KENCANA,,,Not RSPO Certified,,2019-10-31,-0.99723000000,101.74230000000,IDN,Indonesia,Sumatera Barat,Dharmasraya,1-Fully Verified,,,"PT. SUMBAR
ANDALAS KENCANA,PT. SUMBARANDALAS KENCANA,SUMBAR ANDALAS KENCANA
SUMBER ALAM MAKMUR SENTOSA,PT. SUMBAR
ANDALAS KENCANA"
PO1000004427,CIPTA GRAHA,SALIM GROUP,Salim,MULTI PACIFIC INTERNATIONAL,,,Not RSPO Certified,,2019-10-31,1.00000000000,117.76900000000,IDN,Indonesia,Kalimantan Timur,Kutai Timur,1-Fully Verified,,,"FAIRCO AGRO MANDIRI-SANGKULIRANG,MULTI PACIFIC INTERNATIONAL (CIPTA GRAHA)"
PO1000004428,SOSA,PTPN III,PTPN III,PERKEBUNAN NUSANTARA IV,PTPN IV,,Not RSPO Certified,,2019-10-31,1.04892000000,100.01228000000,IDN,Indonesia,Sumatera Utara,Padang Lawas,1-Fully Verified,,,"SOSA MILL,PTPN IV SOSA,SOSA (PN),PERKEBUNAN NUSANTARA IV (SOSA),,,,,KHARISMA AGRO SEJAHTERA,PKS SOSA,PTP NUSANTARA IV (SIM),,,,,,,,,,"
PO1000004431,SOSA,SUMBER TANI AGUNG (STA),STA,KARYA AGUNG SAWITA,,,Not RSPO Certified,,2019-10-31,1.06570000000,99.96313000000,IDN,Indonesia,Sumatera Utara,Padang Lawas,1-Fully Verified,,,"KARYA AGUNG SAWITA (SOSA),,KARYA AGUNG SAWITA,KARYA AGUNG SAWITA – UJUNG BATU,,,,,,,,,,,,,,PT KARYA AGUNG SAWITA,KARYA AGUNG SAWITA(SOSA),KARYA AGUNG SAWITA - UJUNG BATU,KARYA AGUNG SAWITA - UJUNG BATU,KARYA AGUNG SAWITA  PT. (SOSA),,PKMS UJUNG BATU,"
PO1000004432,TRIMITRA LESTARI,SIN TEK HUAT,STH,TRIMITRA LESTARI,,,Not RSPO Certified,,2019-10-31,-1.06873000000,103.16507000000,IDN,Indonesia,Jambi,Tanjung Jabung B,2-High Confidence,,,"PT. TRIMITRA LESTARI,PT. TRIMITRA LESTARI,SIN TEK HUAT,,TEUPIN LADA,,BUNGA TANJUNG MILL,,"
PO1000004434,DHARMASRAYA LESTARINDO,DUTA MARGA,Sabeni Ltd,DHARMASRAYA LESTARINDO,,,Not RSPO Certified,,2019-10-31,-1.07603000000,101.66362000000,IDN,Indonesia,Sumatera Barat,Dharmasraya,1-Fully Verified,,,"DHAMASRAYA LESTARINDO,,,,,,,,,,,DUTA MARGA,SEI JUJUHAN,DHARMASRAYA
LESTARINDO,,"
PO1000004435,SURISENIA PLASMA TARUNA,UNKNOWN,,SURISENIA PLASMA TARUNA,,,Not RSPO Certified,,2019-10-31,1.07799000000,100.26128000000,IDN,Indonesia,Riau,Rokan Hulu,1-Fully Verified,,,"TALIKUMAIN,,SAWIT RAYA NUSANTARA PMKS TALIKUMAIN,,,,,,,,,,,PMKS TALIKUMAIN,SAWIT RAYA NUSANTARA,,,NAGAMAS AGRO MULIA - TALIKUMAIN,GUNUNG SAWIT MAS (TALIKUMAIN)"
PO1000004436,SWADAYA MUKTI PRAKARSA,FIRST RESOURCES,First Resources (FR),SWADAYA MUKTI PRAKARSA,,,Not RSPO Certified,,2019-10-31,-1.08288000000,110.38345000000,IDN,Indonesia,Kalimantan Barat,Kayong Utara,1-Fully Verified,,,"SWADAYA MUKTI PRAKARSA  MILL,SWADAYA MUKTI PERKASA"
PO1000004437,PRAKARSA TANI SEJATI,GLOBAL PALM RESOURCES HOLDINGS,GPR,PRAKARSA TANI SEJATI,,,Not RSPO Certified,,2019-10-31,-1.09962000000,110.46815000000,IDN,Indonesia,Kalimantan Barat,Ketapang,1-Fully Verified,,,",,,,,,PULAU TIGA POM,PRAKARASA TANI SEJATI,"
PO1000004438,MAZUMA AGRO INDONESIA,UNKNOWN,,MAZUMA AGRO INDONESIA,,,Not RSPO Certified,,2019-10-31,1.12870000000,100.15452000000,IDN,Indonesia,Sumatera Utara,Padang Lawas,1-Fully Verified,,,"SAWIT RAYA NUSANTARA PKS MAI MILL,,,MARUMA AGRO INDONESIA,MARTI MA AGRO INDONESIA,,,,,,MAZUM AGRO INDONESIA,,,,MAI"
PO1000004439,PELABUHAN DAGANG,MAKIN,Makin,PRODUK SAWITINDO JAMBI,,,Not RSPO Certified,,2019-10-31,-1.13918000000,103.07365000000,IDN,Indonesia,Jambi,Tanjung Jabung B,1-Fully Verified,,,"PRODUK SAWITINDO JAMBI (PELABUHAN DAGANG),PRODUK SAWITINDO JAMBI,,PRODUK SAWITINDO JAMBI-PELABUHAN DAGANG,PKS PELABUHAN DAGANG,,,,SELATAN AGUNG SEJAHTERA,,,,,,,,PRODUK SAWITINDO JAMBI (PELABUHAN,PRODUK SAWITINDO JAMBI-PELABUHAN DA,PRODUK SAWITINDO
JAMBI,,,,"
PO1000004441,SAWIT ANUGERAH SEJAHTERA,UNKNOWN,,SAWIT ANUGERAH SEJAHTERA,,,Not RSPO Certified,,2019-10-31,1.15167000000,101.27672000000,IDN,Indonesia,Riau,Bengkalis,1-Fully Verified,,,"SAWIT ANUGRAH SEJAHTERA,,,,,PRIMA SAUHUR LESTARI,,,,,,,,PT SAWIT ANUGRAH SEJAHTERA,MAHKOTA GROUP,BETUNG POM,,"
PO1000004442,KENCANA PERSADA NUSANTARA,UNKNOWN,,KENCANA PERSADA NUSANTARA,,,Not RSPO Certified,,2019-10-31,1.17541000000,100.23273000000,IDN,Indonesia,Riau,Rokan Hulu,1-Fully Verified,,,"KENCANA PERSADA NUSANTARA (BATANG KUMU),,,SARANA ESA CITA,KENCARA PERSADA NUSANTARA,,,,PT. KENCANA PERSADA NUSANTARA,PT. KENCANA PERSADA NUSANTARA,KENCANA PERSADA NUSANTARA PT.,KENCANA,KENCANA PERSADA
NUSANTARA,,,,"
PO1000004443,DALU DALU,HUTAHAEAN,HUTAHAEAN,HUTAHAEAN,,,Not RSPO Certified,,2019-10-31,1.17852000000,100.27030000000,IDN,Indonesia,Riau,Rokan Hulu,1-Fully Verified,,,"DALU-DALU MILL,,HUTAHAEAN (DALU DALU),HUTANAEAN,HUTAHAEAN (GORAGAHANA),,,,HUTAHAEAN GROUP (DALU DALU),HUTAHAEAN,PT. HUTAHAEAN DALUDALU,HUTAHAEAN PT. (GORAGAHANA),HUTAHAEAN PT.,DALU-DALU"
PO1000004444,MERANGKAI ARTHA NUSANTARA,TRINITY INTERLINK,Sabeni Ltd,MERANGKAI ARTHA NUSANTARA,,,Not RSPO Certified,,2019-10-31,1.21252000000,100.29345000000,IDN,Indonesia,Riau,Rokan Hulu,1-Fully Verified,,,"TELUK BAKAU FACTORY,,,,PT MERANGKAI ARTHA NUSANTARA"
PO1000004446,PENGADAN BAAY,TELADAN PRIMA,Teladan,TELEN,,,Not RSPO Certified,,2019-10-31,1.24778000000,117.69348000000,IDN,Indonesia,Kalimantan Timur,Kutai Timur,1-Fully Verified,,,"TELEN,,,,,,,,,,,,,,"
PO1000004447,SELAGO MAKMUR PLANTATION,INCASI RAYA (GUNAS),Incasi Raya Group (IRG),SELAGO MAKMUR PLANTATION,,,Not RSPO Certified,,2019-10-31,-1.25028000000,101.57573000000,IDN,Indonesia,Sumatera Barat,Dharmasraya,1-Fully Verified,,,"PT SELAGO MAKMUR PLANTATION POM,PTP NUSANTARA DAUN),,"
PO1000004448,SEBAWI,KALIMANTAN SAWIT KUSUMA (KSK),KSK,FAJAR SAUDARA KUSUMA,,,Not RSPO Certified,,2019-10-31,1.26659000000,109.22532000000,IDN,Indonesia,Kalimantan Barat,Sambas,1-Fully Verified,,,"FAJAR SAUDARA KUSUMA,,,,,,,ABDI BUDI MULIA 937"
PO1000004449,NAGAMAS AGRO MULYA,NAGAMAS,Permata Hijau Group (PHG),NAGAMAS AGRO MULIA,,,Not RSPO Certified,,2019-10-31,1.30110000000,100.39770000000,IDN,Indonesia,Riau,Rokan Hulu,1-Fully Verified,,,"NAGAMAS AGRO MULIA,,,,,SUKAJADI SAWIT MEKAR 1,,,,,,,,,,,,"
PO1000004450,RANTAU KASAI,TORGANDA,Tor Ganda,TOR GANDA,,,Not RSPO Certified,,2019-10-31,1.27979000000,100.33415000000,IDN,Indonesia,Riau,Rokan Hulu,1-Fully Verified,,,"NAGAMAS  AGRO MULIA,TORGANDA (RANTAU KASAI)"
PO1000004451,PANGIAN,INCASI RAYA (GUNAS),Incasi Raya Group (IRG),INCASI RAYA,,,Not RSPO Certified,,2019-10-31,-1.32013000000,101.64857000000,IDN,Indonesia,Sumatera Barat,Dharmasraya,1-Fully Verified,,,"PT. INCASI RAYA,INCASI RAYA (PKS PANGIAN),ICHTIAR GUSTI PUDI,PT. INCASI RAYA(PANGIAN PALM OILMILL),INCASI RAYA PANGIAN,INCASI RAYA-PANGIAN,PT. INCASI RAYA
(PANGIAN PALM OIL
MILL),,"
PO1000004452,PALMA ABADI,UNKNOWN,,PALMA ABADI,,,Not RSPO Certified,,2019-10-31,-1.32130000000,103.26525000000,IDN,Indonesia,Jambi,Muaro Jambi,1-Fully Verified,,,"PKS PALMA ABADI,,,,,BUKIT BINTANG SAWIT,,,,,,,,PT. PALMA ABADI,,"
PO1000004453,WARU KALTIM PLANTATION,ASTRA AGRO LESTARI,Astra Agro Lestari (AAL),WARU KALTIM PLANTATION,,,Not RSPO Certified,,2019-10-31,-1.32967000000,116.54403000000,IDN,Indonesia,Kalimantan Timur,Penajam Paser Utara,1-Fully Verified,,"Crusher,CPO",ABDI BUDI MULIA 1288
PO1000004454,BUKIT BARISAN INDAH PRIMA,BBIP PALM,BBIP,BUKIT BARISAN INDAH PRIMA,,,Not RSPO Certified,,2019-10-31,-1.33962000000,103.45538000000,IDN,Indonesia,Jambi,Muaro Jambi,1-Fully Verified,,,"BUKIT BARISAN INDAH
PRIMA,,,,,"
PO1000004455,BATANGHARI SAWIT SEJAHTERA,BBIP PALM,BBIP,BATANGHARI SAWIT SEJAHTERA,,,Not RSPO Certified,,2019-10-31,-1.34847000000,103.54313000000,IDN,Indonesia,Jambi,Muaro Jambi,1-Fully Verified,,,"BATANGHARI SAWIT SEJAHTERAÂ (MUARO JAMBI),,BATANGHARI SAWIT SEJAHTER,BATANGHARI SAWIT SEJAHTERA (MUARO JAMBI),,,,,JAMBI),PT. BATANGHARI SAWIT SEJAHTERA,BATANGHARI SAWIT
SEJAHTERA,,BATANGHARI SAWIT SEJAHERA,"
PO1000004456,PUJUD KARYA SAWIT,ERA KARYA,ERA KARYA,PUJUD KARYA SAWIT,,,Not RSPO Certified,,2019-10-31,1.37615000000,100.52885000000,IDN,Indonesia,Riau,Rokan Hilir,1-Fully Verified,,,",,,PUJUD KARYA SAWA,,,,,,,,PT. PUJUD KARYA SAWIT,GRAHA,PUJUD KARYA SAWIT PT,RAMBUTAN POM,,"
PO1000004457,BUKIT BINTANG SAWIT,UNKNOWN,,BUKIT BINTANG SAWIT,,,Not RSPO Certified,,2019-10-31,-1.38212000000,103.49452000000,IDN,Indonesia,Jambi,Muaro Jambi,1-Fully Verified,,,"BUKIT BINTANG SAWIT MILL,,,,,,,,,,,JELATANG POM,,,"
PO1000004458,MULIA,GENTING PLANTATIONS,Genting,SEPANJANG INTISURYA MULIA,,,RSPO Certified,"RSPO Certified, MB",2019-10-31,-1.38273000000,110.47957000000,IDN,Indonesia,Kalimantan Barat,Ketapang,1-Fully Verified,,,"SEPANJANG INTISURYA MULIA,MULIA OIL,PT SEPANJANG INTISURYA MULIA,MULIA OIL MILL,,,,,,,,,,,,,SEPANJANG INTI SURYA UTAMA 2,SEPANJANG INTI SURYA MULIA,,,,,,MULIA PALM OIL MILL"
PO1000004459,BUKIT HARAPAN II,TORGANDA,Tor Ganda,TOR GANDA,,,Not RSPO Certified,,2019-10-31,1.40418000000,100.03953000000,IDN,Indonesia,Sumatera Utara,Padang Lawas Utara,1-Fully Verified,,,
PO1000004461,AEK SIBIRONG,UNKNOWN,,MAJU INDO RAYA,,,Not RSPO Certified,,2019-10-31,1.40932000000,98.85825000000,IDN,Indonesia,Sumatera Utara,Tapanuli Selatan,1-Fully Verified,,,"MAJU INDO RAYA,,MAJU INDO RAYA MILL,,,MAJU IN& RAYA,MAJU INDORAYA,,,,,,,,LEOMAS ANUGERAH BERSAUDARA,,MAJU INDORAYA PT,MAJUINDORAYA,MA U INDO RAYA MILL,"
PO1000004462,PORTIBI,SUMBER TANI AGUNG (STA),STA,SINARLIKA PORTIBIJAYA PLANTATION,,,Not RSPO Certified,,2019-10-31,1.42827000000,99.72373000000,IDN,Indonesia,Sumatera Utara,Padang Lawas Utara,1-Fully Verified,,,"SUMBER TANI AGUNG RESOURCES,SINARLIKA PORTIBI JAYA,SINARLIKA PORTIBI JAYA PLANTATIONS,,BAHAL MILL,PT SINAR LIKA PORTIBIJAYA,SINARLIKA PORTIBI JAYA PLANTATIONS(PORTIBI),,,,,,,,SINARLIKA PORTIBIJAYA PLANTATION,IPOONRSTIBI,IPOONRSTIBI,IPOONRSTIBI,IPOONRSTIBI,SINARLIKA PORTIBIJAYA PLANTATIONS,SINARLIKA PORTIBIJAYA PLANTATIONS,PT SINARLIKA PORTIBIJAYA PLANTATION,,PKMS BAHAL,,BAHAL,,"
PO1000004464,JAMIKA RAYA,INCASI RAYA (GUNAS),Incasi Raya Group (IRG),JAMIKA RAYA,,,Not RSPO Certified,,2019-10-31,-1.44450000000,101.75132000000,IDN,Indonesia,Jambi,Bungo,1-Fully Verified,,,"PT JAMIKA POM,JAMIKA,,,ABDI BUDI MULIA 390"
PO1000004465,MARO SEBO,UNKNOWN,Biccon Agro Makmur,PETALING MANDRAGUNA,,,Not RSPO Certified,,2019-10-31,-1.44442000000,103.62792000000,IDN,Indonesia,Jambi,Muaro Jambi,1-Fully Verified,,,"PETALING MANDRAGUNA,PETALING MANDRAGUNA (DANAU LAMO),DANAU LAMO,,,,,PETALING MANDRA GUNA,,"
PO1000004466,RICKY KURNIAWAN KERTAPERSADA,MAKIN,Makin,RICKY KURNIAWAN KERTAPERSADA,,,Not RSPO Certified,,2019-10-31,-1.49505000000,103.86118000000,IDN,Indonesia,Jambi,Muaro Jambi,1-Fully Verified,,,"BATANGHARI,MEKAR SARI,PT. SUMBER MUKTI KAHURIPAN"
PO1000004467,TANJUNG BUYU PERKASA PLANTATION,TELADAN PRIMA,Teladan,TANJUNG BUYU PERKASA PLANTATION,,,Not RSPO Certified,,2019-10-31,1.51380000000,118.26571000000,IDN,Indonesia,Kalimantan Timur,Berau,1-Fully Verified,,,"TANJUNG BUYU PERKASA PLANTATIONS,TANJUNG BAYU PERKASA PLANTATION,,,TALISAYAN,,,,,TIAOLNISAYAN,TIAOLNISAYAN,TANJUNG BAYU PERKASA
PLANTATION,,,,TALISAYAN MILL,,,TANJUNG BUYU PERKASA"
PO1000004468,SUNGAI BAHAR PASIFIK UTAMA,UNKNOWN,,SUNGAI BAHAR PASIFIK UTAMA,,,Not RSPO Certified,,2019-10-31,-1.53620000000,103.63057000000,IDN,Indonesia,Jambi,Muaro Jambi,1-Fully Verified,,,"SUNGAI BAHAR PACIFIC UTAMA,,,,,,SUMBER GUNA NABATI,,SUNGAI BAHAR PASIFIK
UTAMA,,KUNANGAN,,,"
PO1000004469,BARAS,WIDYA,Widya,UNGGUL WIDYA TEKNOLOGI LESTARI,,,Not RSPO Certified,,2019-10-31,-1.54140000000,119.40163000000,IDN,Indonesia,Sulawesi Barat,Mamuju Utara,1-Fully Verified,,,"UNGGUL WIDYA TEKNOLOGI LESTARI,,,,MATA PAO POM,BARAS
BARUMUN AGRO SENTOSA (AEK SIGALA,,,,,,ABDI BUDI MULIA 94"
PO1000004470,MESKOM AGRO SARIMAS,SARIMAS,SMP,MESKOM AGRO SARIMAS,,,Not RSPO Certified,,2019-10-31,1.54875000000,102.08845000000,IDN,Indonesia,Riau,Bengkalis,2-High Confidence,,,",,,,,,,,,,MERLUNG INTI LESTARI,BUMI,MONORUM PALM OIL MILL,,,,,,MESKOM AGRO SARIMAS PALM OIL MILL,MAS-BENGKALIS"
PO1000004471,GELIGA BAGAN RIAU,UNKNOWN,,GELIGA BAGAN RIAU,,,Not RSPO Certified,,2019-10-31,1.59903000000,100.42192000000,IDN,Indonesia,Riau,Rokan Hilir,1-Fully Verified,,,",,,,,,,,,,KUALA MAS,,,,"
PO1000004472,SIBISA MANGANTUR,TORGANDA,Tor Ganda,TOR GANDA,,,Not RSPO Certified,,2019-10-31,1.60608000000,100.23828000000,IDN,Indonesia,Sumatera Utara,Labuhanbatu Selatan,1-Fully Verified,,,"SIBISA MANGATUR,TORGANDA (SIBISA MANGATUR)"
PO1000004474,MURINI SAM-SAM PELINTUNG,WILMAR,Wilmar,MURINI SAMSAM,,,Not RSPO Certified,,2019-10-31,1.65250000000,101.63810000000,IDN,Indonesia,Riau,Dumai,1-Fully Verified,,,"MURINI SAM SAM 2 (PELINTUNG),MURINI SAM-SAM 2 (PELINTUNG),,MURINI SAMSAM 2,PELINTUNG,,,,MURINI SAM-SAM 2,,,,MURINI SAMSAM (PELINTUNG),ABDI BUDI MULIA 677"
PO1000004475,AGRONUSA INVESTAMA 2 - PAHOMAN,WILMAR,Wilmar,AGRONUSA INVESTAMA,,,Not RSPO Certified,,2019-10-31,0.27530000000,109.73141000000,IDN,Indonesia,Kalimantan Barat,Landak,1-Fully Verified,,,"AGRONUSA INVESTAMA 2,AGRONUSA INVESTAMA 2 (PAHOMAN),,,PAHOMAN,PAHOMAN,,,,,AGRONUSA INVESTAMA 2 (LANDAK),,,,,,AGRONUSA INVESTAMA 2 (LANDAK/PAHOMAN)"
PO1000004476,TASIK RAJA,ANGLO-EASTERN PLANTATION (AEP),Anglo Eastern Plantations (AEP),TASIK RAJA,,,Not RSPO Certified,,2019-10-31,1.66961000000,100.16153000000,IDN,Indonesia,Sumatera Utara,Labuhanbatu Selatan,1-Fully Verified,,,",,SEI GARO,,,,,,PT. TASIK RAJA,PT. TASIK RAJA,ANGLO-EASTERN PLANTATIONS PLC,,,,TASIK RAJA OIL"
PO1000004477,SEI DAUN,PTPN III,PTPN III,PERKEBUNAN NUSANTARA III,PTPN III,,RSPO Certified,"RSPO Certified, MB",2019-10-31,1.67588000000,100.32325000000,IDN,Indonesia,Sumatera Utara,Labuhanbatu Selatan,1-Fully Verified,,,"SEI DAUN MILL,PERKEBUNAN NUSANTARA III (SEI DAUN),,,,,PKS SEI DAUN,PTP NUSANTARA III (SEI NUN),,,,,,,,,,PT PERKEBUNAN NUSANTARA III (PERSERO),PERKEBUNAN NUSANTARA III (SEI DAUN,,,PTPN III (SEI DAUN),,"
PO1000004479,SINAR PERDANA CARAKA,WILMAR,Wilmar,SINAR PERDANA CARAKA,,,Not RSPO Certified,,2019-10-31,1.69192000000,100.55849000000,IDN,Indonesia,Riau,Rokan Hilir,2-High Confidence,,,"BALAI JAYA,,,,,,,,TIAN TUJUHPULUH UTAMA,SELAPAN JAYA POM,,,,,,ABDI BUDI MULIA 1028"
PO1000004481,SURYARAYA LESTARI 1,ASTRA AGRO LESTARI,Astra Agro Lestari (AAL),SURYARAYA LESTARI,,,Not RSPO Certified,,2019-10-31,-1.69379000000,119.36168000000,IDN,Indonesia,Sulawesi Barat,Mamuju Utara,1-Fully Verified,,,"SURYARAYA LESTARI,,SURYARAYA LESTARI I,,,,,,,,SURYA RAYA LESTARI,SURYA RAYA LESTARI I,PT. SURYA RAYA LESTARI 1,,"
PO1000004482,BICCON AGRO MAKMUR,UNKNOWN,Biccon Agro Makmur,BICCON AGRO MAKMUR,,,Not RSPO Certified,,2019-10-31,-1.74437000000,103.86937000000,IDN,Indonesia,Jambi,Muaro Jambi,1-Fully Verified,,,"KUANTAN SINGINGI,,,,,BANGUN TENERA RIAU,,,,,,,,PT. BICCON AGRO MAKMUR,BAM,GLOBALINDO POM"
PO1000004483,LANGGA PAYUNG,SUMBER TANI AGUNG (STA),STA,SUMBER TANI AGUNG,,,Not RSPO Certified,,2019-10-31,1.75455000000,99.98350000000,IDN,Indonesia,Sumatera Utara,Labuhanbatu Selatan,1-Fully Verified,,,"SUMBER TANI AGUNG,,SABUNGAN MILL,,,,,SEBANGA MULTI SAWIT,SUMBER 'TANI AGUNG,,,,,,,,,,PT SUMBER TANI AGUNG,SUMBER TANI AGUNG PT.,,,PKMS SABUNGAN,,PMKS PT SUMBER TANI AGUNG-
BAHAL,PMKS PT SUMBER TANI AGUNG- BAHAL,SABUNGAN,PMKS LANGGA PAYUNG/SABUNGAN"
PO1000004484,BULUH CINA,WILMAR,Wilmar,DHARMA WUNGU GUNA,,,Not RSPO Certified,,2019-10-31,1.76856000000,100.49359000000,IDN,Indonesia,Riau,Rokan Hilir,1-Fully Verified,,,"DHARMA WUNGU GUNA,,,,,,,,,,,,,ABDI BUDI MULIA 178"
PO1000004486,PALM TRIMITRA INDOTAMA,UNKNOWN,,PALM TRIMITRA INDOTAMA,,,Not RSPO Certified,,2019-10-31,3.54194000000,98.79417000000,IDN,Indonesia,Sumatera Utara,Deli Serdang,1-Fully Verified,,,PALM  TRIMITRA INDOTAMA
PO1000004487,KENCANA ANDALAN NUSANTARA,UNKNOWN,,KENCANA ANDALAN NUSANTARA,,,Not RSPO Certified,,2019-10-31,1.78367000000,100.39242000000,IDN,Indonesia,Riau,Rokan Hilir,1-Fully Verified,,,"KENCANA ANDALAN NUSANTARA (HARAPAN),,HARAPAN,,,,,KENCANA ANDALAR NUSANTARA,KENCANA ANDALAN NUSANTARA  PT,,"
PO1000004488,KALANAMAN,BISMA,BISMA,BISMA DHARMA KENCANA,,,Not RSPO Certified,,2019-10-31,-1.80100000000,113.18170000000,IDN,Indonesia,Kalimantan Tengah,Katingan,1-Fully Verified,,,"BISMA DHARMA KENCANA,PT. BISMA DHARMA KENCANA,DANI PRISMA/BISMA,,,,"
PO1000004489,KUALA MAS SAWIT ABADI,DUPONT & LEOSK ENTERPRISES,DUPONT & LEOSK ENTERPRISES,KUALA MAS SAWIT ABADI,,,Not RSPO Certified,,2019-10-31,1.81233000000,100.02437000000,IDN,Indonesia,Sumatera Utara,Labuhanbatu Selatan,1-Fully Verified,,,",,,,,,,,,,PT KUALA MAS SAWIT ABADI,PT. KUALA MAS SAWIT ABADI,PT. KUALA MAS SAWIT ABADI,KUALA MAS,,,,,"
PO1000004490,EKA JAYA MULTI PERKASA,BBIP PALM,BBIP,EKA JAYA MULTI PERKASA,,,Not RSPO Certified,,2019-10-31,-3.55315000000,103.30196000000,IDN,Indonesia,Sumatera Selatan,Lahat,1-Fully Verified,,,"EKAJAYA MULTIPERKASA,EKAJAYA MULTI PERKASA,LANGGAM INTI HIBRINDO,ABDI BUDI MULIA 260"
PO1000004491,DWI MITRA DAYA RIAU,UNKNOWN,,DWI MITRA DAYA RIAU,,,Not RSPO Certified,,2019-10-31,1.81387000000,100.39847000000,IDN,Indonesia,Riau,Rokan Hilir,1-Fully Verified,,,"DWIMITRA DAYA RIAU,,,,,,,,,,,KUALA MAS,BAHAL BATU MILL,,,,"
PO1000004492,PADANG BRAHRANG,KUALA LUMPUR KEPONG (KLK),KUALA LUMPUR KEPONG (KLK),LANGKAT NUSANTARA KEPONG,,,Not RSPO Certified,,2019-10-31,3.56060000000,98.39055000000,IDN,Indonesia,Sumatera Utara,Langkat,1-Fully Verified,,,"LANGKAT NUSANTARA KEPONG (PADANG BRAHRANG),LANGKAT NUSANTARA KEPONG (PADANG,,LANGKAT NUSANTARA KEPONG,,,,,,,,LANGKAT NUSANTARA KEPONG (PADANG
BRAHRANG),KABUAU POM"
PO1000004493,AEK BATU,WILMAR,Wilmar,PERKEBUNAN MILANO,,,Not RSPO Certified,,2019-10-31,1.85058000000,100.14570000000,IDN,Indonesia,Sumatera Utara,Labuhanbatu Selatan,1-Fully Verified,,,"PERKEBUNAN MILANO (AEK BATU),,PERKEBUNAN MILANO AEK BATU,,,AEK BATU (PM),AEK BATU (PM),,,,,,,,,,"
PO1000004495,SIMPANG KANAN LESTARINDO,MEWAH,MEWAH,SIMPANG KANAN LESTARINDO,,,Not RSPO Certified,,2019-10-31,1.85143000000,100.29558000000,IDN,Indonesia,Riau,Rokan Hilir,1-Fully Verified,,,",,MAJU ANEKA SAWIT,,,,,,PT CIPTA AGRO SEJATI,,,,,"
PO1000004496,HERFINATA PALM AND PLANTATION,HERFINTA,HERFINTA,HERFINATA PALM AND PLANTATION,,,Not RSPO Certified,,2019-10-31,1.85407000000,100.16578000000,IDN,Indonesia,Sumatera Utara,Labuhanbatu Selatan,1-Fully Verified,,,"HERFINTA FARM & PLANTATION,HERFINTA,,HERFINTA FARM AND PLANTATION,,,PMKS HERFINTA FARM & PLANTATIONS,HERFINTA PAINS & PLANTATION,,,,,,PT HERFINTA FARM & PLANTATION,HERFINTA FARM AND PLANTATIO,HERFINTA FARM AND PLANTATIO,HERFINTA FARM AND PLANTATIO,HERFINTA FARM AND PLANTATIO,HERFINTA FARM AND PLANTATIO,HERFINTA FARM PLANTATION,HERFINTA PALM & PLANTATION,HERFINTA FARM & PLANTATIONS,HERFINTA FARM & PLANTATIO,HERFINTA FARM AND
PLANTATION,,,,"
PO1000004497,ADOLINA,PTPN III,PTPN III,PERKEBUNAN NUSANTARA IV,PTPN IV,,RSPO Certified,"RSPO Certified, MB",2019-10-31,3.56853000000,98.94805000000,IDN,Indonesia,Sumatera Utara,Serdang Bedagai,1-Fully Verified,,,"PT PERKEBUNAN NUSANTARA IV ADOLINA,SWAKARSA SAWIT RAYA,PTP NUSANTARA IV (ADOLINA),,,,PERKEBUNAN NUSANTARA IV (ADOLINA),,,PTPN IV (ADOLINA),,ERKEBUNAN NUSANTARA IV (ADOLINA,ABDI BUDI MULIA 12"
PO1000004498,PALMA JAYA SEJAHTERA,UNKNOWN,,PALMA JAYA SEJAHTERA,,,Not RSPO Certified,,2019-10-31,-1.87458000000,103.56028000000,IDN,Indonesia,Jambi,Muaro Jambi,1-Fully Verified,,,",,,KEDATON MULIA PRIMAS,,,,,,,,,PT. PALMA JAYA SEJAHTERA,,,PT PALMA JAYA SEJAHTERA,,"
PO1000004499,BUANA WIRASUBUR SAKTI,UNKNOWN,,BUANA WIRASUBUR SAKTI,,,Not RSPO Certified,,2019-10-31,-1.88642000000,116.06075000000,IDN,Indonesia,Kalimantan Timur,Paser,1-Fully Verified,,,"BUANA WIRA SUBUR SAKTI,,,,BUANA WIRASUBUR
SAKTI,"
PO1000004500,ASAM JAWA,ASAM JAWA,Asam Jawa,ASAM JAWA,,,Not RSPO Certified,,2019-10-31,1.90006000000,100.18661000000,IDN,Indonesia,Sumatera Utara,Labuhanbatu Selatan,1-Fully Verified,,,"TELUK PANJI (AJ),,,,,PT. ASAM JAWA,PT. ASAM JAWA"
PO1000004504,SIMPANG DAMAR,GAMA PLANTATIONS,KPN,JATIM JAYA PERKASA,,,Not RSPO Certified,,2019-10-31,1.94738000000,100.73712000000,IDN,Indonesia,Riau,Rokan Hilir,1-Fully Verified,,,"JATIM JAYA PERKASA,,JATIMJAYA PERKASA,,,,,JATIMJAYA PERKASA*"
PO1000004505,SARI ADITYA LOKA 1,ASTRA AGRO LESTARI,Astra Agro Lestari (AAL),SARI ADITYA LOKA,,,Not RSPO Certified,,2019-10-31,-1.959820,102.370900,IDN,Indonesia,Jambi,Merangin,1-Fully Verified,,,",,,,SARI ADITYA LOKA,,,,,,,,,SARI ADITY A LOKA,,,,SAL 1"
PO1000004507,AGROINDO INDAH PERSADA 2,WILMAR,Wilmar,AGRINDO INDAH PERSADA,,,Not RSPO Certified,,2019-10-31,-1.96389000000,102.30111000000,IDN,Indonesia,Jambi,Merangin,1-Fully Verified,,,"AGRINDO INDAH PERSADA 2,,,"
PO1000004508,GUNUNG MARAS LESTARI,ORIENTAL HOLDINGS BERHAD,ORIENTAL HOLDINGS,GUNUNG MARAS LESTARI,,,Not RSPO Certified,,2019-10-31,-1.96395000000,105.95160000000,IDN,Indonesia,Bangka Belitung,Bangka,1-Fully Verified,,,"MABAT,ORIENTAL HOLDINGS BERHAD,,,,ALAMRAYA KENCANA MAS POM,GUNUNG MARAS LESTARI MABAT,,,,,GUNUNG MARAS LESTARI (MABAT),,"
PO1000004509,ASTRA AGRO LESTARI 1,ASTRA AGRO LESTARI,Astra Agro Lestari (AAL),ASTRA AGRO LESTARI,,,Not RSPO Certified,,2019-10-31,-1.99055000000,115.50927000000,IDN,Indonesia,Kalimantan Selatan,Tabalong,1-Fully Verified,,,"ASTRA AGRO LESTARI,ASTRA AGRO LESTARI TBK 1,,,PT ASTRA AGRO LESTARI POM,TABALONG"
PO1000004510,INTIGA PRABHAKARA KAHURIPAN,MAKIN,Makin,INTIGA PRABHAKARA KAHURIPAN,,,Not RSPO Certified,,2019-10-31,-2.02522000000,112.67493000000,IDN,Indonesia,Kalimantan Tengah,Kotawaringin Timur,1-Fully Verified,,,"INTIGA PRABHAKARA KAHURIPAN (TAMIANG),BUKIT PALEM,INTIGA PRABHAKARA KAHURIPA,INTIGA PRABHAKARA KAHURIPAN TAMIANG"
PO1000004511,GUNUNG SELAMAT LESTARI,DUTA MARGA,Bintang Utama Lestari,GUNUNG SELAMAT LESTARI,,,Not RSPO Certified,,2019-10-31,2.03990000000,100.04497000000,IDN,Indonesia,Sumatera Utara,Labuhanbatu Selatan,1-Fully Verified,,,",,,,,,,UTAMA SEJATI,,,"
PO1000004513,ANUGERAH TANJUNG MEDAN,UNKNOWN,,ANUGERAH TANJUNG MEDAN,,,Not RSPO Certified,,2019-10-31,2.06307000000,100.14678000000,IDN,Indonesia,Sumatera Utara,Labuhanbatu Selatan,1-Fully Verified,,,",,ANUGRAH TANJUNG MEDAN,ANUGERAH TANJS,ING MEDAN,,,,ANUGERAH TANJS,ING MEDAN,,,,,ANGSO DUO SAWIT,,,,,,"
PO1000004514,GUNUNGSAWIT BINALESTARI,ORIENTAL HOLDINGS BERHAD,ORIENTAL HOLDINGS,GUNUNGSAWIT BINALESTARI,,,Not RSPO Certified,,2019-10-31,-2.07372000000,105.32402000000,IDN,Indonesia,Bangka Belitung,Bangka Barat,2-High Confidence,,,"GUNUNG SAWIT BINA LESTARI,GUNUNG SAWIT BINA LESTARI (MAYANG),MAYANG (GBL),,,,MAYANG,,,GUNUNG SAWIT BINALESTARI (MAYANG)"
PO1000004515,ARTHA KENCANA,LONSUM,LONSUM,PERUSAHAAN PERKEBUNAN LONDON SUMATRA INDONESIA,,,Not RSPO Certified,,2019-10-31,-3.58060000000,103.40690000000,IDN,Indonesia,Sumatera Selatan,Lahat,1-Fully Verified,,,ARTA KENCANA
PO1000004516,SAWINDO KENCANA,KENCANA AGRI,Kencana Agri,SAWINDO KENCANA,,,Not RSPO Certified,,2019-10-31,-2.07600000000,105.64793000000,IDN,Indonesia,Bangka Belitung,Bangka Barat,1-Fully Verified,,"Crusher,CPO","PT SAWINDO KENCANA POM,BEKRI POM,"
PO1000004518,TELAGA HIKMAH,SAMPOERNA AGRO,Sampoerna Agro,TELAGA HIKMAH,,,RSPO Certified,"RSPO Certified, MB",2019-10-31,-3.59953000000,105.06048000000,IDN,Indonesia,Sumatera Selatan,Ogan Komering Ilir,1-Fully Verified,,,",,,,,,TELAGA HIKMAH, PT.,TELAGA HIKMAH, PT.,TELAGA HIKMAH, PT.,TELAGA HIKMAH, PT.,TELAGA HIKMAH, PT.,TELAGA HIKMAH, PT.,TELAGA HIKMAH PT.,,,,,"
PO1000004522,MANCANG,UNKNOWN,,SUMBER SAWIT MEKAR,,,Not RSPO Certified,,2019-10-31,3.65315000000,98.43100000000,IDN,Indonesia,Sumatera Utara,Langkat,1-Fully Verified,,,"SUMBER SAWIT MEKAR (MANCANG),SUMBER SAWIT MEKAR,PT SUMBER SAWIT MEKAR,SAWIT PERMAI ABADI"
PO1000004523,SINAR GUNUNG SAWIT RAYA,MUJUR TIMBER,MUJUR TIMBER,SINAR GUNUNG SAWIT RAYA,,,Not RSPO Certified,,2019-10-31,2.11493000000,98.26557000000,IDN,Indonesia,Sumatera Utara,Tapanuli Tengah,1-Fully Verified,,,"PT SINAR GUNUNG SAWIT RAYA,,,SERDANG HULU,,SINAR GUNUNG SAWIT
RAYA,,"
PO1000004524,SUNGAI LANGKAT,PTPN III,PTPN III,PERKEBUNAN NUSANTARA IV,PTPN IV,,RSPO Certified,"RSPO Certified, MB",2019-10-31,3.70030000000,98.29200000000,IDN,Indonesia,Sumatera Utara,Langkat,1-Fully Verified,,,"SAWIT LANGKAT,,SEI MANGKEI,,PERKEBUNAN NUSANTARA IV (SAWIT LANGKAT),BINA BARU,PERKEBUNAN NUSANTARA IV (SAWIT LANGK,,,,PTPN IV (SAWIT LANGKAT),PTPN IV (SAWIT LANGKAT),,KEBUNAN NUSANTARA IV (SAWIT LANG,ABDI BUDI MULIA 1113"
PO1000004525,GEMAREKSA MEKARSARI,TRURICH RESOURCES,TRURICH RESOURCES,GEMAREKSA MEKARSARI,,,Not RSPO Certified,,2019-10-31,-2.12503000000,111.55537000000,IDN,Indonesia,Kalimantan Tengah,Lamandau,1-Fully Verified,,,"GEMAREKSA MEKARSARI - LUMANDAU POM,,,,,CAMP SEI MENTAJAI,ABDI BUDI MULIA 310"
PO1000004526,GRAHA CAKRA MULIA,TRIPUTRA AGRO PERSADA,TAP,GRAHA CAKRA MULIA,,,Not RSPO Certified,,2019-10-31,-2.13444000000,111.18250000000,IDN,Indonesia,Kalimantan Tengah,Sukamara,1-Fully Verified,,,ABDI BUDI MULIA 332
PO1000004527,PUTRA BANGKA MANDIRI,UNKNOWN,PUTRA BANGKA MANDIRI (PBM),PUTRA BANGKA MANDIRI,,,Not RSPO Certified,,2019-10-31,-2.16607000000,106.00452000000,IDN,Indonesia,Bangka Belitung,Bangka,1-Fully Verified,,"Crusher,CPO",ABDI BUDI MULIA 842
PO1000004530,SODETAN,INCASI RAYA (GUNAS),Incasi Raya Group (IRG),INCASI RAYA,,,Not RSPO Certified,,2019-10-31,-2.18418000000,100.91732000000,IDN,Indonesia,Sumatera Barat,Pesisir Selatan,1-Fully Verified,,,"INCASI RAYA (PKS SODETAN),SUNGAI AIR JERNIH POM"
PO1000004531,CAMPANG TIGA,UNKNOWN,Campang Tiga,CAMPANG TIGA,Campang Tiga,,Not RSPO Certified,,2019-10-31,-3.76480000000,104.73980000000,IDN,Indonesia,Sumatera Selatan,Ogan Komering Ulu Timur,1-Fully Verified,,,"MALUAI INDAH,,,,CAMPANG TIGA, PT.,CAMPANG TIGA, PT.,CAMPANG TIGA, PT.,CAMPANG TIGA, PT.,PUJUD KARYA SAWIT,,CAMPANG TIGA PT."
PO1000004532,TIRTA AGUNG,LONSUM,LONSUM,PERUSAHAAN PERKEBUNAN LONDON SUMATRA INDONESIA,,,Not RSPO Certified,,2019-10-31,-2.18732000000,104.03215000000,IDN,Indonesia,Sumatera Selatan,Musi Banyuasin,1-Fully Verified,,,PT PP LONDON SUMATRA INDONESIA TIRTA AG
PO1000004533,BERAU,KUALA LUMPUR KEPONG (KLK),KUALA LUMPUR KEPONG (KLK),HUTAN HIJAU MAS,,,RSPO Certified,"RSPO Certified, MB",2019-10-31,2.21140000000,117.16587000000,IDN,Indonesia,Kalimantan Timur,Berau,1-Fully Verified,,,"HUTAN HIJAU MAS,,BERAU PALM
OIL MILL,BERAU POM,,,,,BERAU PALM OIL MILL,,BERAU PALM OIL
MILL,TESO SATU POM,,,,,,,PT HUTAN HIJAU MAS,BERAU I"
PO1000004534,SERDANG CEMERLANG,UNKNOWN,,SERDANG CEMERLANG,,,Not RSPO Certified,,2019-10-31,3.76577000000,98.55497000000,IDN,Indonesia,Sumatera Utara,Deli Serdang,1-Fully Verified,,,",,,,,,"
PO1000004535,SEJATI PALMA SEJAHTERA,UNKNOWN,,SEJATI PALMA SEJAHTERA,,,Not RSPO Certified,,2019-10-31,-2.21223000000,103.80012000000,IDN,Indonesia,Sumatera Selatan,Musi Banyuasin,1-Fully Verified,,,
PO1000004536,SUMBER KEMBANG JAYA,UNKNOWN,,SUMBER MAKMUR JAYA,,,Not RSPO Certified,,2019-10-31,3.76582000000,98.40737000000,IDN,Indonesia,Sumatera Utara,Langkat,1-Fully Verified,,,",,,,,,,SERDANG CEMERLANG,,SUMBER KEMBANG JAYA/BUKITKUDA"
PO1000004538,PALMA MAS SEJATI,UNKNOWN,,PALMA MAS SEJATI,,,Not RSPO Certified,,2019-10-31,-3.77793000000,102.36900000000,IDN,Indonesia,Bengkulu,Bengkulu Tengah,1-Fully Verified,,,"TELUK DALAM POM,"
PO1000004539,AGRA SAWITINDO,SINAR JAYA AGRO INVESTAMA (SJAI),SINAR JAYA AGRO INVESTAMA (SJAI),AGRA SAWITINDO,,,Not RSPO Certified,,2019-10-31,-3.77872000000,102.40281000000,IDN,Indonesia,Bengkulu,Bengkulu Tengah,1-Fully Verified,,,"PT. AGRA SAWITINDO,,KARANG TINGGI,,,,,,ABDI BUDI MULIA 24"
PO1000004540,SAWIT SEBERANG,PTPN III,PTPN III,PERKEBUNAN NUSANTARA II,PTPN II,,Not RSPO Certified,,2019-10-31,3.79960000000,98.27713000000,IDN,Indonesia,Sumatera Utara,Langkat,1-Fully Verified,,,"SAWIT SEBRANG,,PADANG TUALANG UNIT - SAWIT SEBERANG MILL,PERKEBUNAN NUSANTARA II (SAWIT SEBRANG),,PKS SAWIT SEBERANG,PTP NUSANTARA II (SAWIT SEBERANG),,,,PADANG TUALANG UNIT - SAWIT SEBERANG MI,,PTPN II (SAWIT SEBERANG),,,PERKEBUNAN NUSANTARA II (SAWIT SEBRA,SEBERANG MILL
PADASA ENAM UTAMA (TELUK,PERKEBUNAN NUSANTARA II (SAWIT SEBERANG),,,KEBUNAN NUSANTARA II (SAWIT SEBR"
PO1000004541,MAKMUR ABADI RAYA,UNKNOWN,PTPN III,MAKMUR ABADI RAYA,,,Not RSPO Certified,,2019-10-31,3.80690000000,98.34167000000,IDN,Indonesia,Sumatera Utara,Langkat,1-Fully Verified,,,",,M A KMUR ABADI RAYA,,,,,,,,,MEGAH PUSAKA ANDALAS,ABDI BUDI MULIA 596"
PO1000004544,NUNUKAN SAWIT MAS,UNKNOWN,,NUNUKAN SAWIT MAS,,,Not RSPO Certified,,2019-10-31,3.829942,116.761000,IDN,Indonesia,Kalimantan Timur,Nunukan,1-Fully Verified,,,",,,,,,,AWALA POM,,,,"
PO1000004545,SAWIT HULU,PTPN III,PTPN III,PERKEBUNAN NUSANTARA II,PTPN II,,Not RSPO Certified,,2019-10-31,3.84312000000,98.23300000000,IDN,Indonesia,Sumatera Utara,Langkat,1-Fully Verified,,,"PADANG TUALANG UNIT - SAWIT HULU MILL,PERKEBUNAN NUSANTARA II (SAWIT HULU),,SEMUNAI SAWIT PERKASA,PKS SAWIT HULU,PIP NUSANTARA II (SAWIT 1-LULU},PTP NUSANTARA II (SAWA HULU),,,,,PTP NUSANTARA II (SAWIT HULU),PTPN II (SAWIT HULU),,,AEK BATU FACTORY,HULU MILL,,,RKEBUNAN NUSANTARA II (SAWIT HUL"
PO1000004546,CIPTA CHEMICAL MEDAN OIL,UNKNOWN,,CIPTA CHEMICAL MEDAN OIL,,,Not RSPO Certified,,2019-10-31,3.85407000000,98.34437000000,IDN,Indonesia,Sumatera Utara,Langkat,1-Fully Verified,,,"BUNUT,CIPTA CHEMICAL  MEDAN OIL,,,CIPTA AGRO SEJATI,,PT CIPTA CHEMICAL MEDAN OIL,CIPTA CHEMICAL MEDAN
OIL,,"
PO1000004548,PERMATA BUNDA,SAMPOERNA AGRO,Sampoerna Agro,MUTIARA BUNDA JAYA,,,RSPO Certified,"RSPO Certified, MB",2019-10-31,-3.94198000000,105.10978000000,IDN,Indonesia,Sumatera Selatan,Ogan Komering Ilir,1-Fully Verified,Permata Bunda,,"MUTIARA BUNDA JAYA (PERMADA BUNDA),MUTIARA BUNDA JAYA,,,,,,,PERMADA BUNDA,MUTIARA BUNDA JAYA, PT.,MUTIARA BUNDA JAYA, PT.,PERMATA BUNDA MILL,MUTIARA BUNDA JAYA, PT.,MUTIARA BUNDA JAYA, PT.,MUTIARA BUNDA JAYA PT.,,,,PERMATA BONDS MILL,,"
PO1000004550,RAYA PADANG LANGKAT,UNKNOWN,Rapala,RAYA PADANG LANGKAT,,,Not RSPO Certified,,2019-10-31,3.94647000000,98.36610000000,IDN,Indonesia,Sumatera Utara,Langkat,1-Fully Verified,,,",,SISUMUT,PKS RAYA PADANG LANGKAT,,,,,,PT. RAYA PADANG LANGKAT,SEI MERANTI ESTATE,,,,,"
PO1000004553,JAYA PALMA NUSANTARA,UNKNOWN,,JAYA PALMA NUSANTARA,,,Not RSPO Certified,,2019-10-31,3.96333000000,98.36280000000,IDN,Indonesia,Sumatera Utara,Langkat,2-High Confidence,,,"INTI GUNA NABATI,"
PO1000004554,AGRI ANDALAS,UNKNOWN,,AGRI ANDALAS,,,Not RSPO Certified,,2019-10-31,-3.99872000000,102.42967000000,IDN,Indonesia,Bengkulu,Seluma,1-Fully Verified,,,"PT. AGRI ANDALAS,ABDI BUDI MULIA 25"
PO1000004555,SEBAKIS INTI LESTARI,BERCA / CIPTA CAKRA MURDAYA,BERCA / CIPTA CAKRA MURDAYA,SEBAKIS INTI LESTARI,,,Not RSPO Certified,,2019-10-31,4.00517000000,117.25450000000,IDN,Indonesia,Kalimantan Timur,Nunukan,1-Fully Verified,,,",,,,,,,,,"
PO1000004556,AGROINDO INDAH PERSADA 3,WILMAR,Wilmar,AGRINDO INDAH PERSADA,,,Not RSPO Certified,,2019-10-31,-4.01027000000,102.49672000000,IDN,Indonesia,Bengkulu,Seluma,1-Fully Verified,,,"AGRINDO INDA PERSASA 3,AGRINDO INDAH PERSADA 3,,,"
PO1000004557,ANUGERAH LANGKAT MAKMUR,UNKNOWN,Alam Group,ANUGERAH LANGKAT MAKMUR,,,Not RSPO Certified,,2019-10-31,4.01302000000,98.19435000000,IDN,Indonesia,Sumatera Utara,Langkat,1-Fully Verified,,,"ANUGERAH LANGKAT MAKMUR,ANUGRAH LANGKAT MAKMUR,BUKIT MAS PALM OIL,PT BINA RAHMAD MADANI,PT. ANUGRAH LANGKAT MAKMUR,PT ANUGRAH LANGKAT MAKMUR,ANUGERAH LANGKAT
MAKMUR,,,AMNU)GERAH LANGKAT MAKMUR"
PO1000004558,SAWIT JAYA MAKMUR SENTOSA,UNKNOWN,,SAWIT JAYA MAKMUR SENTOSA,,,Not RSPO Certified,,2019-10-31,4.01707000000,98.21240000000,IDN,Indonesia,Sumatera Utara,Langkat,2-High Confidence,,,"SAWIT JAYA MAKMUR  SENTOSA,SAWIT JAYA MAKMUR SENTOSA PT.,SAWIT JAYA MAKMUR
SENTOSA,ASAMW)IT JAYA MAKMUR SENTOSA"
PO1000004559,SUMBER MAKMUR JAYA,UNKNOWN,,SUMBER MAKMUR JAYA,,,Not RSPO Certified,,2019-10-31,4.03337000000,98.30152000000,IDN,Indonesia,Sumatera Utara,Langkat,1-Fully Verified,,,"SUMBER MAKMUR JAYA CV,,,,,,,,,DHARMASRAYA LESTARINDO MILL,,CV SUMBER MAKMUR JAYA"
PO1000004560,SAWIT NAGAN RAYA MAKMUR,UNKNOWN,,SAWIT NAGAN RAYA MAKMUR,,,Not RSPO Certified,,2019-10-31,4.04892000000,96.47428000000,IDN,Indonesia,Aceh,Nagan Raya,2-High Confidence,,,"SAWA HAGAN RAYA MAKMUR,,,SAWIT NAGAN RAYA MAKMUR MILL,RUNDING PUTRA PERSADA,,SAWIT NAGAN RAYA
MAKMUR,,,,,,ABDI BUDI MULIA 929"
PO1000004561,SEI OGAN,MINANGA,MINANGA,MINANGA OGAN,,,Not RSPO Certified,,2019-10-31,-4.04958000000,104.19823000000,IDN,Indonesia,Sumatera Selatan,Ogan Komering Ulu,2-High Confidence,,,"MINANGA OGAN - SEI OGAN,MINANGA OGAN (SEI OGAN),,MINANGA OGAN (SENM),MINANGA OGAN (SENM),,,MOPOLI RAYA II ALOE KUYUN,SOGM,ABDI BUDI MULIA 958"
PO1000004562,MITRA NIAGA SEJATI JAYA,UNKNOWN,,MITRA NIAGA SEJATI JAYA,,,Not RSPO Certified,,2019-10-31,4.05318000000,98.13628000000,IDN,Indonesia,Sumatera Utara,Langkat,1-Fully Verified,,,"MUSTIKA AGRO SARI,,,,PT MITRA NIAGA SEJATI JAYA,,,,MITRA NIAGA SEJATI JAYA PT.,MITRA NIAGA SEJATI
JAYA,,"
PO1000004563,JAYA BARU PERTAMA,UNKNOWN,,JAYA BARU PERTAMA,,,Not RSPO Certified,,2019-10-31,4.06522000000,98.21783000000,IDN,Indonesia,Sumatera Utara,Langkat,1-Fully Verified,,,"JAYA BARU I,,SEI MERAN,,,TUNGGAL MITRA PLANTATIONS-
MANGGALA,,,,,,PT JAYA BARU PERTAMA,,,,,"
PO1000004565,FAJAR BAIZURY & BROTHERS,FAJAR BAIZURY,FAJAR BAIZURY,FAJAR BAIZURI & BROTHERS,,,Not RSPO Certified,,2019-10-31,4.11618000000,96.44256000000,IDN,Indonesia,Aceh,Nagan Raya,1-Fully Verified,,,"FAJAR BAIAURI &8ROTHERS,FAJAR BAIZURI & BROTHERS,,,PT FAJAR BAIZURY & BROTHERS,,,,,,,CEMBRING,CEUMBERING"
PO1000004567,PULAU TIGA,PTPN III,PTPN III,PERKEBUNAN NUSANTARA I,PTPN I,,Not RSPO Certified,,2019-10-31,4.18335000000,97.93682000000,IDN,Indonesia,Aceh,Aceh Tamiang,1-Fully Verified,,,"PERKEBUNAN NUSANTARA I (P TIGA),,PTP NUSANTARA I (PULA U TIGAJ,PIP NUSANTARA I (PULAU TIGA),,,PULAU TIGA MILL,,PTP NUSANTARA (PULAU TIGA),PTPN I (PULAU TIGA),,,PERKEBUNAN NUSANTARA I (PULAU TIGA),,,ERKEBUNAN NUSANTARA I (PULAU TIG,PKS PULAU TIGA"
PO1000004568,SISIRAU,IBRIS PALM,IBRIS PALM,SISIRAU,,,Not RSPO Certified,,2019-10-31,4.20357000000,98.06422000000,IDN,Indonesia,Aceh,Aceh Tamiang,1-Fully Verified,,,",,,,,,,PT SISIRAU,PT BAHARI DWIKENCANA LESTARI,,,,"
PO1000004570,TAMIANG,MOPOLI RAYA,MRG,MOPOLI RAYA,,,Not RSPO Certified,,2019-10-31,4.29090000000,98.15323000000,IDN,Indonesia,Aceh,Aceh Tamiang,1-Fully Verified,,,"MOPOLI RAYA I (PKS TAMIANG),,GEDONG BIARA,,,,,,,,PKS TAMIANG,SERARAS POM,,,,MOPOLI RAYA I GEDONG BIARA"
PO1000004571,KARYA TANAH SUBUR,ASTRA AGRO LESTARI,Astra Agro Lestari (AAL),KARYA TANAH SUBUR,,,Not RSPO Certified,,2019-10-31,4.34972000000,96.16444000000,IDN,Indonesia,Aceh,Aceh Barat,1-Fully Verified,,,"KARYA HEVEA INDONESIA,,,"
PO1000004572,BAHARI DWIKENCANA LESTARI,Bumi Sama Ganda,Bumi Sama Ganda,BAHARI DWIKENCANA LESTARI,,,Not RSPO Certified,,2019-10-31,4.35652000000,98.10620000000,IDN,Indonesia,Aceh,Aceh Tamiang,1-Fully Verified,,,"BUMI SAMA GANDA,,,PT BUMI SAMA GANDA,,,,,"
PO1000004573,TANJUNG SEUMANTOH,PTPN III,PTPN III,PERKEBUNAN NUSANTARA I,PTPN I,,Not RSPO Certified,,2019-10-31,4.36688000000,98.08832000000,IDN,Indonesia,Aceh,Aceh Tamiang,1-Fully Verified,,,"PEPUTRA MASTERINDO,PTP NUSANTARA I (TANJUNGSEUMANTOH),PTP NUSANTARA I (TANJUNG SEUMANTOH),KEBUN LAMA,,PTP NUSANTARA (TANJUNG SEUMANTOH),PTPN I (TANJUNG SEUMANTOH),,PTP NUSANTARA I (PULAU TIGA),,RIMBA HARAPAN SAKTI POM,PERKEBUNAN NUSANTARA I (TANJUNG SEUMANTOH),,BUNAN NUSANTARA I (TANJUNG SEUM,PKS TANJUNG SEUMANTOH"
PO1000004575,ANUGERAH PELANGI SUKSES,SUPERVENTURE,SUPERVENTURE,ANUGERAH PELANGI SUKSES,,,Not RSPO Certified,,2019-10-31,-4.56320000000,103.11320000000,IDN,Indonesia,Bengkulu,Kaur,1-Fully Verified,,,"BERIANG,,,"
PO1000004576,ANUGERAH FAJAR REZEKI,UNKNOWN,,ANUGRAH FAJAR REZEKI,,,Not RSPO Certified,,2019-10-31,4.57432000000,97.90967000000,IDN,Indonesia,Aceh,Aceh Timur,1-Fully Verified,,,"ANUGRAH FAJAR REZEKI,PT. ANUGRAH FAJAR REZEKI,PT ANUGRAH FAJAR REZEKI,,"
PO1000004579,BOSWA MEGAPOLIS,MULTI AGRO GEMILANG PLANTATION,MULTI AGRO GEMILANG PLANTATION,BOSWA MEGALOPOLIS,,,Not RSPO Certified,,2019-10-31,4.69830000000,95.66548000000,IDN,Indonesia,Aceh,Aceh Jaya,1-Fully Verified,,,"PT BOSWA MEGALOPOLIS,BOSWA MEGALOPOLIS"
PO1000004582,BLANG KETUMBA,UNKNOWN,Blang Ketumba,BLANG KETUMBA,,,Not RSPO Certified,,2019-10-31,4.98498000000,96.70000000000,IDN,Indonesia,Aceh,Bireuen,1-Fully Verified,,,",,PMKS BLANG KETUMBA,SLANG KETUMBA,,,,,,PT BLANG KETUMBA,,,BIYU IYAS MALELA,,BUMI PALMA POM,,,,,"
PO1000004583,SYAUKATH SEJAHTERA,UNKNOWN,Syaukath Sejahtera,SYAUKATH SEJAHTERA,,,Not RSPO Certified,,2019-10-31,5.22843000000,96.89902000000,IDN,Indonesia,Aceh,Bireuen,1-Fully Verified,,,"PT SYAUKATH SEJAHTERA,,PT. SYAUKATH SEJAHTERA,,SYAUKATH AGRO,,,"
PO1000004650,GENTING SABAPALM,GENTING PLANTATIONS,Genting,GENTING SDC SDN BHD,,,RSPO Certified,"RSPO Certified, MB",2019-10-31,5.96508000000,117.37411000000,MYS,Malaysia,Sabah,Beluran,1-Fully Verified,,,"GENTING SDC SDN BHD (SABAPALM MILL),,ASIATIC SABAPALM,,,,,,,,KILANG KELAPA SAWIT SABAPALM,KILANG KELAPA SAWIT SABAPALM,SABAPALM OIL MILL,LOAGAN BUNUT POM,GENTING SABAPALM OIL MILL,,,,,,,"
PO1000004655,KUAYAN,SINAR MAS,Sinar Mas,AGROKARYA PRIMA LESTARI,,,Not RSPO Certified,,2019-10-31,-1.97050000000,112.37032000000,IDN,Indonesia,Kalimantan Tengah,Kotawaringin Timur,1-Fully Verified,,,"AGROKARYA PRIMALESTARI (KUAYAN),KUAYAN MILL,PT ADITUNGGAL MAHAJAYA,PT AGROKARYA PRIMALESTARI - KUAYAN,,,,,,,,,PT AGROKARYA PRIMALESTARI -KUAYAN,,,,,,,,"
PO1000004656,TANGAR,SINAR MAS,Sinar Mas,MITRA KARYA AGRO INDO,,,Not RSPO Certified,,2019-10-31,-2.24360000000,112.29935000000,IDN,Indonesia,Kalimantan Tengah,Seruyan,1-Fully Verified,,,"MITRAKARYA AGROINDO (TANGAR),TANGAR MILL,PT MITRAKARYA AGROINDO - TANGAR,,,,,,,,,SEMUNTAI POM,,,,,,"
PO1000004751,GUAICARAMO S.A.,INPARME S.A.,INPARME,GUAICARAMO S.A.,,,RSPO Certified,"RSPO Certified, MB",2019-10-31,4.47856000000,-72.96069000000,COL,Colombia,Meta,Barranca de Upía,1-Fully Verified,,,"GUAICARAMO,,,,,,GUAICARAMO SA,GUAICARAMO SA,,GUAICARAMO SA,,GUAICARAMO SA,,GUAICARAMO SAS,"
PO1000004752,PALMAS DEL CESAR,UNKNOWN,GRUPO GRASCO,PALMAS DEL CESAR S.A.,,,RSPO Certified,"RSPO Certified, IP",2019-10-31,7.88600000000,-73.46669000000,COL,Colombia,Cesar,San Alberto,1-Fully Verified,,,"PALMAS DEL CESAR S.A.,,,,PALMAS DEL CASANARE,PALMAS DEL CESAR
S.A.,PALMAS DEL CESAR
S.A.,"
PO1000004753,EXTRACTORA LA GLORIA,UNKNOWN,Extractora La Gloria,EXTRACTORA LA GLORIA S.A.S.,,,Not RSPO Certified,,2019-10-31,8.61408000000,-73.68003000000,COL,Colombia,Cesar,La Gloria,1-Fully Verified,,,"EXTRACTORA LA GLORIA S.A.S.,,,,,,,,,,,,EXTRACTORA GRUPALMA SAS,EXTRACTORA LA GLORIA SAS,"
PO1000004754,HONDUPALMA,UNKNOWN,HONDUPALMA,PALMAS ACEITERAS DE HONDURAS EMPRESA CAMPESINA AGROINDUSTRIAL DE LA REFORMA AGRARIA  (HONDUPALMA ECARA),,,RSPO Certified,"RSPO Certified, MB",2019-10-31,15.57419000000,-87.69294000000,HND,Honduras,Yoro,El Negrito,1-Fully Verified,,,"SEHA LO ACN ARDMEUFPOEARSLMINA  AGRAORINIAD  U(HSTORNIDALU DPAE LLMA AR,,,,,,,,,,,HN AODGNURDPOUAINPLMADLUAMS ETACRAIARLA D) E LA REFORMA AGRARIA  (HONDUPAL,HLINMOAN AD GEURCPOAAINRLMDAUA)STRIAL DE LA REFORMA AGRARIA  (HONDU,HLINMOAN AD GEURCPOAAINRLMDAUA)STRIAL DE LA REFORMA AGRARIA  (HONDU,HLINMOAN AD GEURCPOAAINRLMDAUA)STRIAL DE LA REFORMA AGRARIA  (HONDU,HLINMOAN AD GEURCPOAAINRLMDAUA)STRIAL DE LA REFORMA AGRARIA  (HONDU,HLINMOAN AD GEURCPOAAINRLMDAUA)STRIAL DE LA REFORMA AGRARIA  (HONDU,HLINMOAN AD GEURCPOAAINRLMDAUA)STRIAL DE LA REFORMA AGRARIA  (HONDU,HLINMOAN AD GEURCPOAAINRLMDAUA)STRIAL DE LA REFORMA AGRARIA  (HONDU,PALMAS ACEITERAS DE HONDURASEMPRESA CAMPESINAAGROINDUSTRIAL DE LA REFORMAAGRARIA (HONDUPALMA ECARA),PALMAS ACEITERAS DE HONDURAS/HONDUPALMA"
PO1000004755,PLANTA EXTRACTORA PALCASA,UNKNOWN,HONDUPALMA,PALMAS CENTROAMERICANAS S.A. DE C.V. (PALCASA),,,Not RSPO Certified,,2019-10-31,15.49886000000,-87.70364000000,HND,Honduras,Yoro,El Progreso,1-Fully Verified,,,"PALCASA,P(PLALNCTAAS AEX) TRACTORA PALCASA,,,,,,,,,,,VP.L A(PNTAAL ECXATRSAACT)ORA PALCASA,P)LANTA EXTRACTORA PALCASA,P)LANTA EXTRACTORA PALCASA,P)LANTA EXTRACTORA PALCASA,P)LANTA EXTRACTORA PALCASA,P)LANTA EXTRACTORA PALCASA,PALMAS CENTROAMERICANAS S.A.DE C.V. (PALCASA)"
PO1000004757,AGROIPSA - PALENQUE,GRUPO OLEOMEX (OLEOFINOS),GRUPO OLEOMEX,OLEOPALMA,,,RSPO Certified,"RSPO Certified, MB",2019-10-31,17.57900000000,-91.94194000000,MEX,Mexico,Chiapas,Palenque,1-Fully Verified,,,"AGROIPSA PALENQUE,AGROIPSA ‐ PALENQUE,AGROINDUSTRIAS DE PALENQUE SA DE CV,AGROINDUSTRIAS DE PALENQUE S.A. DE C.V.,"
PO1000004758,AGROIMSA (AGROINDUSTRIAS DE MAPASTEPEC SA),GRUPO OLEOMEX (OLEOFINOS),GRUPO OLEOMEX,AGROINDUSTRIAS DE MAPASTEPEC S.A.. DE C.V.,,,RSPO Certified,"RSPO Certified, MB",2019-10-31,15.34400000000,-92.86494000000,MEX,Mexico,Chiapas,Mapastepec,1-Fully Verified,,,"AGROIMSA (AGROINDUSTRIAS DE MAPAST,EA GCR.OVIM.SA (AGROINDUSTRIAS DE MAPAST,PLANTA MAPASTEPEC,,"
PO1000004759,FINCA LA LIMA,UNKNOWN,GRUPO OLEOMEX,PAKAL CONSULTORES EN AGRONEGOCIOS DEL SURESTE,,,Not RSPO Certified,,2019-10-31,15.15900000000,-92.59046000000,MEX,Mexico,Chiapas,Villa Comaltitlán,1-Fully Verified,,,"PAKAL CONSULTORES EN AGRONEGOCIOS DEL SURESTE,.PAA. KDAEL  CO.VN.SULTORES EN AGRONEGOCIOS DEL SURESTE,.PAA. KDAEL  CO.VN.SULTORES EN AGRONEGOCIOS DEL SURESTE,"
PO1000004760,ACEITE CHIAPANECA LA PALMA S. DE P.R. DE R.L. DE C.V.,GRUPO OLEOMEX (OLEOFINOS),GRUPO OLEOMEX,ACEITE CHIAPANECA LA PALMA S. DE P.R. DE R.L. DE C.V.,,,Not RSPO Certified,,2019-10-31,15.32200000000,-92.82211000000,MEX,Mexico,Chiapas,Acapetahua,1-Fully Verified,,,"ACEITERA CHIAPANECA,COOPERATIVA INDUSTRIAL ACEITERA CHIAPANECA,A CC.EVI.TE CHIAPANECA LA PALMA S. DE P.R. DE R.L. DE,A CC.EVI.TE CHIAPANECA LA PALMA S. DE P.R. DE R.L. DE,A CC.EVI.TE CHIAPANECA LA PALMA S. DE P.R. DE R.L. DE"
PO1000004761,PROCESADORA DE ACEITE DE PALMA,UNKNOWN,,PROCESADORA DE ACEITE DE PALMA,,,Not RSPO Certified,,2019-10-31,15.23600000000,-92.58649000000,MEX,Mexico,Chiapas,Villa Comaltitlán,1-Fully Verified,,,ZITIHUALT
PO1000004762,ACAPETAHUA,GRUPO PROPALMA,GRUPO PROPALMA,OLEOSUR,,,RSPO Certified,"RSPO Certified, MB",2019-10-31,15.24800000000,-92.67826000000,MEX,Mexico,Chiapas,Villa Comaltitlán,1-Fully Verified,,,"PROPALMA,OLEOSUR,OLEOSUR SAPI DE CV,OLEOSUR S.A.P.I DE C.V"
PO1000004763,PALMERAS OLEAGINOSAS DEL SUR,GRUPO NUMAR,GRUPO NUMAR,PALMERAS OLEAGINOSAS DEL SUR S.A. DE C.V.,,,Not RSPO Certified,,2019-10-31,17.57300000000,-92.03014000000,MEX,Mexico,Chiapas,Palenque,1-Fully Verified,,,"PALMERAS OLEAGINOSAS DEL SUR SA DE CV,PCA.VLM.ERAS OLEAGINOSAS DEL S,PALMERAS DE OLEAGINOSAS,PALMERAS OLEAGINOSAS DEL SUR S.A. DE C.V,PALMERAS OLEAGINOSAS DEL SUR S.A"
PO1000004764,OLEOFINOS DEL CARMEN,UNKNOWN,GRUPO OLEOMEX,OLEOFINOS DEL CARMEN,Oleofinos,,Not RSPO Certified,,2019-10-31,18.26200000000,-91.30378000000,MEX,Mexico,Campeche,Carmen,1-Fully Verified,,,
PO1000004765,ACEITES DE PALMA,UNKNOWN,ACEITES DE PALMA,ACEITES DE PALMA,,,Not RSPO Certified,,2019-10-31,18.04700000000,-94.91767000000,MEX,Mexico,Veracruz,Hueyapan de Ocampo,1-Fully Verified,,,
PO1000004766,CAL Y BLANCO S.A,UNKNOWN,,CAL Y BLANCO S.A,,,Not RSPO Certified,,2019-10-31,10.03569000000,-83.34412000000,CRI,Costa Rica,Limón,Matina,1-Fully Verified,,,
PO1000004767,INDUSTRIAL ACEITERA DE LA RAAS,GRUPO NUMAR,GRUPO NUMAR,COMPAÑÍA INDUSTRIAL ACEITERA COTO 54 S.A.,,,Not RSPO Certified,,2019-10-31,12.26502000000,-83.83003000000,NIC,Nicaragua,Atlántico Sur,Kukra Hill,1-Fully Verified,,,"ACEITERA DE LA RAAS,INDUSTRIAL ACEITERA DE LA RAAS, S.A.,INDUSTRIAL ACEITERA DE LA RAAS, S.A.,COTO 54 INDUSTRIAL ACEITERA DE LA RAAS,INDUSTRIAL ACEITERA DE LA RAAS S.A.,CUKRA DEVELOPMENT"
PO1000004768,COAPALMA-ECARA,UNKNOWN,Grupo Jaremar,COAPALMA-ECARA (EMPRESA CAMPESINA AGROINDUSTRIAL DE LA REFORMA AGRARIA DE LA PALMA DE ACEITE),,,Not RSPO Certified,,2019-10-31,15.58892000000,-86.11283000000,HND,Honduras,Colón,Tocoa,1-Fully Verified,,,"COAPALMA,COAPALMA ECARA,,ACGORAAOPRAINILADM DUAES- TELRCAIA APRLAA LDME ALA D REE AFCOERITMEA)  AGRA,,,,,EC SAOIGNARAAP ARAIAGL RDOMEINA LDA-EU PSCTARALIMARL AAD ED ELA A RCEIFTOER)MA A,CIEAOITLA EDP)AE LLMA AR-EEFCOARRMAA AGRARIA DE LA PALMA DE ACEITE),COAPALMA -ECARA,DCUOSATRPIAALL DMEA LA-E RCEAFROARMA AGRARIA DE LA PALMA DE ACEI,DCUOSATRPIAALL DMEA LA-E RCEAFROARMA AGRARIA DE LA PALMA DE ACEI,DCUOSATRPIAALL DMEA LA-E RCEAFROARMA AGRARIA DE LA PALMA DE ACEI,DCUOSATRPIAALL DMEA LA-E RCEAFROARMA AGRARIA DE LA PALMA DE ACEI,DCUOSATRPIAALL DMEA LA-E RCEAFROARMA AGRARIA DE LA PALMA DE ACEI,COAPALMA- ECARA,COAPALMA-ECARA (EMPRESACAMPESINA AGROINDUSTRIAL DE LAREFORMA AGRARIA DE LA PALMA DEACEITE)"
PO1000004771,PALMCI TOUMANGUIE,SIFCA,SIFCA,PALMCI,PALMCI,,Not RSPO Certified,,2019-10-31,5.36390000000,-3.38045000000,CIV,Côte d'Ivoire,Comoé,Sud Comoé,1-Fully Verified,,,"TOUMANGUIE,,,,TOUMANGUI"
PO1000004773,PALMCI GBAPET,SIFCA,SIFCA,PALMCI,PALMCI,,Not RSPO Certified,,2019-10-31,4.96950000000,-7.50486000000,CIV,Côte d'Ivoire,Bas-Sassandra,San-Pédro,1-Fully Verified,,,"GBAPET,,,"
PO1000004774,PALMCI NEKA,SIFCA,SIFCA,PALMCI,PALMCI,,Not RSPO Certified,,2019-10-31,5.23590000000,-7.39964000000,CIV,Côte d'Ivoire,Bas-Sassandra,San-Pédro,1-Fully Verified,,,"NEKA,,,"
PO1000004775,SOGB GRAND BEREBI,SOCFIN,SOCFIN,SOGB,,,Not RSPO Certified,,2019-10-31,4.67906000000,-7.09119000000,CIV,Côte d'Ivoire,Bas-Sassandra,San-Pédro,1-Fully Verified,,,"GRAND BEREBI,,,"
PO1000004777,PALMCI ANTENNE 1,SIFCA,SIFCA,PALMCI,PALMCI,,Not RSPO Certified,,2019-10-31,5.20050000000,-3.03800000000,CIV,Côte d'Ivoire,Comoé,Sud Comoé,1-Fully Verified,,,"ANTENNE 1,,,"
PO1000004778,PALMCI ANTENNE 2,SIFCA,SIFCA,PALMCI,PALMCI,,Not RSPO Certified,,2019-10-31,5.33810000000,-2.98210000000,CIV,Côte d'Ivoire,Comoé,Sud Comoé,1-Fully Verified,,,"ANTENNE 2,,,"
PO1000004779,NAKIADENIYA OIL PALM MILL,UNKNOWN,,WATAWALA PLANTATIONS PLC NIYA,,,Not RSPO Certified,,2019-10-31,6.15210000000,80.32613000000,LKA,Sri Lanka,Galle,Nagoda,2-High Confidence,,,"NAKIADENIYA PALMMILL,NAKIADENIYA PALM MILL"
PO1000004780,PEDDAPURAM,UNKNOWN,RUCHI SOYA,RUCHI SOYA INDUSTRIES LTD,,,Not RSPO Certified,,,17.05800000,82.13600000,IND,India,Andhra Pradesh,East Godavari,1-Fully Verified,,,
PO1000004785,LOAGAN BUNUT,BOUSTEAD PLANTATIONS BERHAD,Boustead,BOUSTEAD PELITA TINJAR SDN BHD,,,Not RSPO Certified,,2019-10-31,3.72687000000,114.28091000000,MYS,Malaysia,Sarawak,Marudi,1-Fully Verified,,,"PELITA TINJAR,BOUSTEAD PELITA TINJAR SDN BHD,,,,,,,,,KILANG SAWIT LOAGAN BUNUT,KILANG SAWIT LOAGAN BUNUT,AEK TIGA,BOUSTEAD PELITA TINJAR SDN BHD (LOAGAN BUNUT MILL),,,,,,,BOUSTEAD PELITA TINJAR SDN BHD (LOAGANBUNUT MILL)"
PO1000004786,KERATONG,CHIN TECK PLANTATIONS BERHAD,Chin Teck Plantations,CHIN TECK PLANTATIONS BERHAD,Chin Teck Plantations,,Not RSPO Certified,,2019-10-31,3.29414000000,102.82153000000,MYS,Malaysia,Pahang,Rompin,1-Fully Verified,,,"CHIN TECK (KERATONG),,CHIN TECK PLANTATIONS BERHAD,KKS KERATONG ESTATE,KERATONG ESTATE,KILANG KELAPA SAWIT KERATONG ESTATE,KILANG KELAPA SAWIT KERATONG ESTATE,K.K.S.KERATONG ESTATE,,,,,KILANG KELAPA SAWIT KERATONG
ESTATE,KILANG KELAPA SAWIT KERATONG
ESTATE,,,,,,GUA MUSANG,,,,,KERATONG KKS,K.K.S. KERATONG ESTATE,CHINTECK PLANTATIONS BHD,,,,,CAHAYA INTI SAWIT,CHIN TECK PLANTATIONS,KERATONG ESTATE.,,,,CHIN TECK PLANTATIONS BHD (KERATONG ESTATE POM)"
PO1000004788,BELAGA,GLENEALY PLANTATIONS SDN BHD,Glenealy Plantations (GPSB),SAMLING PLANTATION SDN BHD,,,Not RSPO Certified,,2019-10-31,3.03268000000,114.09446000000,MYS,Malaysia,Sarawak,Belaga,1-Fully Verified,,,"SAMLING PLANTATIONS,SAMLING PLANTATIONS SDN BHD,,BELAGA,SAMLING,,,,,,,SAMLING PLANTATIONS SDN BHD *,*BELAGA,*BELAGA,*BELAGA,*BELAGA,*BELAGA,SUNGAI SUGUT,SAMLING PLANTATION SDN BHD (BELAGA PALM OIL MILL),SAMLING PLANTATION SDN BHD (BELAGA PA"
PO1000004790,LANA,GLENEALY PLANTATIONS SDN BHD,Glenealy Plantations (GPSB),SAMLING PLANTATION SDN BHD,,,Not RSPO Certified,,2019-10-31,2.51562000000,113.38449000000,MYS,Malaysia,Sarawak,Belaga,1-Fully Verified,,,"TIMOR ENTERPRISE (LANA),TIMOR ENTERPRISE SDN BHD (LANA MILL),,TIMOR ENTERPRISES SDN.BHD. (MARAN
ESTATE PALM OIL MILL),,,,,,,,TIMOR ENTERPRISE SDN BHD (LANA
MILL),,,TIMOR ENTERPRISES SDN.BHD. (MARAN ESTATE PALM OIL MILL),SAMLING PLANTATION SDN BHD (LANA PALM OIL MILL),TIMUR OIL PALM PLANTATION BERHAD,TIMOR ENTERPRISES SDN.BHD. (MARAN ESTATE,SAMLING PLANTATION SDN BHD (LANA PALM,,TIMOR ENTERPRISES
SDN.BHD. (MARAN
ESTATE PALM OIL MILL),,,,ABDI BUDI MULIA 549,TIMOR ENTERPRISES SDN.BHD.(MARAN ESTATE PALM OIL MILL),TIMOR ENTERPRISES SDN.BHD. (MARAN ESTATE
PALM OIL MILL)"
PO1000004794,KENINGAU POM,SABAH LAND DEVELOPMENT BOARD,Sabah Land Development Board,KENINGAU PALM OIL MILL SDN BHD,,,Not RSPO Certified,,2019-10-31,5.10935000000,116.09415000000,MYS,Malaysia,Sabah,Keningau,1-Fully Verified,,"Crusher,CPO","KENINGAU,KENINGAU PALM OIL MILL SDN BHD,,KENINGAU PALM OIL  MILL SDN BHD,,,,,,,,,,,,,,KKS KENINGAU,KKS KENINGAU,KENINGAU PALM OIL,,,,,,KENINGAU PALM OIL MILL"
PO1000004795,TETANGGA AKRAB 1,TETANGGA AKRAB,TETANGGA AKRAB,TETANGGA AKRAB SDN BHD,,,Not RSPO Certified,,2019-10-31,1.02250000000,110.69167000000,MYS,Malaysia,Sarawak,Serian,1-Fully Verified,,,"TETANGGA AKRAB PALM OIL MILL SDN BHD (MILL 1),TETANGGA AKRAB,TETANGGA AKRAB PALM OIL MILL SDN BHD,,,,,,,,,TETANGGA AKRAB PALM OIL MILL,TETANGGA AKRAB PALM OIL MILL SDN BHD
(MILL 1),TEMERLOH MILL SDN BERHAD,TETANGGA AKRAB
TETANGGA AKRAB PALM OIL MILL,,"
PO1000004796,TINGKAYU,N.Y. HIEW (HOLDINGS) SDN BHD,N.Y. HIEW (HOLDINGS),KOONG SHING SDN BHD,,,Not RSPO Certified,,2019-10-31,4.82764000000,118.06325000000,MYS,Malaysia,Sabah,Kunak,1-Fully Verified,,,"TINGKAYU POM,,KOONG SHING,TINGKAYU
PALM OIL MILL,KOONG SHING SDN BHD,,,,,,,,,,,,KKS PINANGAH (KOONG SHING),,,,,,TINGKAYU PALM OIL MILL,KOONG SHING SDN BHD (TINGKAYU),KOONG SHING – TINGKAYU,KOONG SHING SDN. BHD.,KOONG SHING SDN. BHD.,TINGKAYU PALM
OIL MILL,SINAR TENERA,KOONG SHING SDN BHD (TINGKAYU PALM OIL MILL),,,,,KOONG SHING SDN BHD (TINGKAYU"
PO1000004797,MELANGKING,MELANGKING OIL PALM PLANTATION SDN BHD,Melangking Oil Palm Plantation,MELANGKING OIL PALM PLANTATION SDN BHD,,,Not RSPO Certified,,2019-10-31,5.62224000000,118.24725000000,MYS,Malaysia,Sabah,Sandakan,1-Fully Verified,,,"MELANGKING OIL PALM PLANTATION SDN BHD,,BMHEDLANGKING,MELANGKING POM,,,,,,,,,,MELANGKING PALM OIL MILL,MELANGKING OIL  PALM PLANTATIONSDN BHD,,,,,MELANGKING OIL PALM PLANTATIONSDN BHD,MELANGKING OIL PALM,HMDELANGKING,HMDELANGKING,,,MELANGKING OIL PALM PLANTATIONSDN
BHD,,,,,MELANGKING OIL PALM PLANTATIONSDN"
PO1000004798,LUNDU,RIMBUNAN SAWIT BERHAD,Rimbunan Hijau Group,RSB LUNDU PALM OIL MILL SDN BHD,,,Not RSPO Certified,,2019-10-31,1.50930000000,109.90607000000,MYS,Malaysia,Sarawak,Lundu,1-Fully Verified,,,"RSB LUNDU PALM OIL MILL SDN BHD,RH LUNDU,RH LUNDU PALM OIL MILL SDN BHD,,,,,,RH LUNDU PALM OIL MILL,RH LUNDU PALM OIL MILL SDN. BHD.,,,R H LUNDU"
PO1000004799,RINWOOD PELITA,RINWOOD PELITA (MUKAH) PLANTATION SDN BHD,Rinwood Pelita (Mukah) Plantation,RINWOOD PELITA (MUKAH) PLANTATION SDN BHD,,,Not RSPO Certified,,2019-10-31,2.87375000000,112.24453000000,MYS,Malaysia,Sarawak,Mukah,1-Fully Verified,,,"RINWOOD PELITA (MUKAH) PLANTATION,MUKAH RINWOOD,,RINWOOD PELITA (MUKAH) PLANTATION SDN BHD,DRNIN BWHODOD PELITA,,RINWOOD PELITA PLANTATION,,,,RINWOOD SAGO POM,RINWOOD SAGO POM,PMKS SIKAPAS,RINWOOD PELITA (MUKAH) PLANTATION SD,RINWOOD PELITA (MUKAH) PLANTATION SDN
BHD,,,,"
PO1000004833,SARATOK,SARAWAK LAND CONSOLIDATION AND REHABILITATION AUTHORITY (SALCRA),SARAWAK LAND CONSOLIDATION AND REHABILITATION AUTHORITY (SALCRA),SARATOK PALM OIL MILL SDN BHD,,,Not RSPO Certified,,2019-10-31,1.71251000000,111.43001000000,MYS,Malaysia,Sarawak,Saratok,1-Fully Verified,,,"SARATOK PALM OIL MILL SDN BHD,,SAALRACTROKA),,,,,,,,SARATOK PALM OIL MILL,SARATOK PALM OIL MILL SDN. BHD.,SARATOK PALM OIL MILL SDN. BHD.,,SOARAITTYO (KSA PLACLRMA )OIL MILL SDN BHD,"
PO1000004834,SANG GUAN,SEGALONG GROUP,SEGALONG GROUP,SANG GUAN OIL MILL SDN BHD,,,Not RSPO Certified,,2019-10-31,4.55935000000,118.18372000000,MYS,Malaysia,Sabah,Tawau,1-Fully Verified,,,"SANG GUAN
OIL MILL SDN.
BHD,SANG GUAN OIL MILL SDN BHD,,,SANG GUAN OIL MILL,,SANG GUAN OIL MILL SDN. BHD.,SANG GUAN OIL MILL SDN. BHD.,SURYA GEMILANG AGRO MANDIRI,,,,,,SANG GUAN POM,SANG GUAN OIL"
PO1000004835,LADANG ROMPIN,SEONG THYE PLANTATIONS SDN BHD,SEONG THYE PLANTATIONS,SEONG THYE PLANTATIONS SDN BHD,,,Not RSPO Certified,,2019-10-31,2.93900000000,103.24380000000,MYS,Malaysia,Pahang,Rompin,1-Fully Verified,,,"KKS LADANG ROMPIN,,SEONG THYE PLANTATIONS SDN BHD,SEONG THYE (ROMPIN),K.K.S. LADANG ROMPIN,,,,,,,,,,,,,,,,,,LADANG ROMPIN
LADANG RUMPUN SUBUR ABADI,ROMPIN ESTATE,,,,SEONG THYE PLANTATIONS SDN BHD (LADANG ROMPIN POM),LDG ROMPI"
PO1000004836,LADANG RAJA UDANG,TH PLANTATIONS BERHAD,TH Plantations Berhad (THP),THP SARIBAS SDN BHD,,,Not RSPO Certified,,2019-10-31,1.66534000000,111.20196000000,MYS,Malaysia,Sarawak,Betong,2-High Confidence,,,"SARIBAS,THP SARIBAS SDN BHD,,KILANG LADANG RAJA UDANG (SARIBAS),,,,,,,,THP SARIBAS SDN. BHD.,THP SARIBAS SDN. BHD.,PMKS BARAS,,,THP SARIBAS SDN BHD (LADANG RAJA UDANG MILL),,"
PO1000004838,ULU SEBOL,TRADEWINDS PLANTATION BERHAD,Tradewinds Plantations (TPB),LADANG PETRI TENGGARA SDN BHD,,,Not RSPO Certified,,2019-10-31,1.88861000000,103.62183000000,MYS,Malaysia,Johor,Kota Tinggi,1-Fully Verified,,,"LADANG PETRI TENGGARA (ULU SEBOL),ULU SEBOL MILL,,TRADEWINDS PLANTATION BHD,LADANG PETRI TENGGARA SDN BHD (ULU SEBOL),ULU SEBOL PALM OIL MILL,KILANG SAWIT ULU SEBOL,ULU SEBOL
PALM OIL MILL
(POM),,,LADANG PETRI TENGGARA SDN BHD
(ULU SEBOL),LADANG PETRI TENGGARA SDN BHD
(ULU SEBOL),,,,,,KKS ULU SEBOL,,,K.K.S. ULU SEBOL,K.K.S. ULU SEBOL,LADANG PETRI TENGGARA SDN BHD (ULU
SEBOL),KILANG ISI SAWIT ULU SEBOL - MILL,KILANG ISI SAWIT ULU SEBOL,LADANG PETRI TENGGARA SDN BHD (ULU S,,,,,"
PO1000004839,SABAHAN,TSH RESOURCES,TSH Resources ,TSH PLANTATION MANAGEMENT SDN BHD,,,RSPO Certified,"RSPO Certified, MB",2019-10-31,4.81929000000,118.08774000000,MYS,Malaysia,Sabah,Kunak,1-Fully Verified,,,"TSH PLANTATIONS SDN BHD (SABAHAN MILL),SABAHAN MILL,TSH PLANTATIONS SDN BHD (SABAHAN
MILL),,,TSH SABAHAN PALM OIL MILL,,(SABAHAN MILL),SABAHAN PALM OIL
MILL,,"
PO1000004840,SOUTHWIND,WTK HOLDINGS BHD,WTK,SOUTHWIND PLANTATION SDN BHD,,,Not RSPO Certified,,2019-10-31,3.63810000000,113.50275000000,MYS,Malaysia,Sarawak,Miri,1-Fully Verified,,,"SOUTHWIND PALM OIL MILL SDN BHD,,,,,PELITA SEBAKONG,,,,,,,,SOUTHWIND P.O.M.,SOUTHWIND P.O.M.,SOUTHWIND PALM OIL MILL,,,,,SOUTHWIND PLANTATION,,"
PO1000004841,BINA RAHMAD MADANI,TRINITY INTERLINK,TRINITY INTERLINK,BINA RAHMAD MADANI,,,Not RSPO Certified,,2019-10-31,3.93187000000,98.17958000000,IDN,Indonesia,Sumatera Utara,Langkat,2-High Confidence,,,BUKIT PUTRI PALM OIL MILL
PO1000004842,KAMPUNG BARU,UNKNOWN,,ANEKA PURA MULTI KERTA,,,Not RSPO Certified,,2019-10-31,-1.07892000000,103.00793000000,IDN,Indonesia,Jambi,Tanjung Jabung B,1-Fully Verified,,,"ANEKAPURA MULTIKERTA,,,,PT ANEKAPURA MULTIKERTA,ABDI BUDI MULIA 428"
PO1000004843,SUMBER KHARISMA PERSADA,ASTRA AGRO LESTARI,Astra Agro Lestari (AAL),SUMBER KHARISMA PERSADA,,,Not RSPO Certified,,2019-10-31,1.01409000000,118.04836000000,IDN,Indonesia,Kalimantan Timur,Kutai Timur,1-Fully Verified,,,"SUMBER KHARISMA
PERSADA,,"
PO1000004844,TINTIN BOYOK SAWIT MAKMUR,BARITO PACIFIC,LX International,TINTIN BOYOK SAWIT MAKMUR,,,Not RSPO Certified,,2019-10-31,-0.11148000000,110.73357000000,IDN,Indonesia,Kalimantan Barat,Sekadau,2-High Confidence,,,"MAKMUR,,,,,,ABDI BUDI MULIA 1235"
PO1000004850,KARYA MAKMUR SEJAHTERA,GOODHOPE,Goodhope,KARYA MAKMUR SEJAHTERA,,,Not RSPO Certified,,2019-10-31,-1.92245000000,112.29377000000,IDN,Indonesia,Kalimantan Tengah,Kotawaringin Timur,2-High Confidence,,,
PO1000004852,INTI GUNA NABATI,DHARMA AGUNG WIJAYA (DAW),DHARMA AGUNG WIJAYA (DAW),INTI GUNA NABATI,,,Not RSPO Certified,,2019-10-31,-2.41648000000,102.68067000000,IDN,Indonesia,Jambi,Sarolangun,1-Fully Verified,,,"MITRA AGROLIKA (INTI GUNA NABATI),,,,,,,GARUDA,,INDOMAS MITRA TEKNIK,,NYATO POM,,,,"
PO1000004853,KEDIPI,CARGILL,Cargill,MAYA AGRO INVESTAMA,,,RSPO Certified,"RSPO Certified, MB",2019-10-31,-2.34040000000,110.96960000000,IDN,Indonesia,Kalimantan Barat,Ketapang,2-High Confidence,,,"MAYA AGRO INVESTAMA (KEDIPI),MAYA AGRO INVESTAMA,AGRO MITRA MADANI,,KEDIPI PALM OIL MILL,ABDI BUDI MULIA 455"
PO1000004855,SOLOK SELATAN,PTPN III,PTPN III,PERKEBUNAN NUSANTARA VI,,,Not RSPO Certified,,2019-10-31,-1.39272000000,101.47858000000,IDN,Indonesia,Sumatera Barat,Solok Selatan,1-Fully Verified,,,"SOLOK SELATAN MILL,SOLOK SELATAN (PN),PERKEBUNAN NUSANTARA VI (SOLOK SELATAN),PERKEBUNAN NUSANTARA V*,PERKEBUNAN NUSANTARA VI (SOLOK"
PO1000004856,PUNDI LAHAN KHATULISTIWA,PUNDI,PUNDI,PUNDI LAHAN KHATULISTIWA,,,Not RSPO Certified,,2019-10-31,-0.02075000000,109.54620000000,IDN,Indonesia,Kalimantan Barat,Kubu Raya,1-Fully Verified,,,
PO1000004857,BANGKIRAI,EAGLE HIGH PLANTATIONS,Eagle High Plantations (EHPT),JAYA MANDIRI SUKSES,,,Not RSPO Certified,,2019-10-31,-0.56345000000,116.37388000000,IDN,Indonesia,Kalimantan Timur,Kutai Kartanegara,1-Fully Verified,,,"JAYA MANDIRI SUKSES,JAYA MANDIRI SUKES,BANGKIRAI MILL,JAYA MANDIRI SUKSES (BANGKIRAI),,,,,,,,,,,,"
PO1000004858,AGRO INTI KENCANAMAS,KENCANA AGRI,Kencana Agri,AGRO INTI KENCANAMAS,,,Not RSPO Certified,,2019-10-31,-2.22243000000,116.35605000000,IDN,Indonesia,Kalimantan Timur,Paser,1-Fully Verified,,,"AGRO INTI KENCANA MAS,,,,AGRO INTIKENCANA MAS,,,"
PO1000004859,TEPIAN LANGSAT,PALMA SERASIH,Palma Serasih Group (PSG),ANUGERAH ENERGITAMA,,,Not RSPO Certified,,2019-10-31,0.79133000000,117.28245000000,IDN,Indonesia,Kalimantan Timur,Kutai Timur,1-Fully Verified,,,"ANUGERAH ENERGITAMA,TEPIAN LANGSAT MILL,,,ANUGERAH ENERGITAMA - TEPIAN"
PO1000004860,BINA SAWIT NUSANTARA,SIN TEK HUAT,STH,BINA SAWIT NUSANTARA,,,Not RSPO Certified,,2019-10-31,0.16567000000,101.32660000000,IDN,Indonesia,Riau,Kampar,1-Fully Verified,,,",,,KENCANA PERSADA NUSANTARA,BINA SAW IT NUSANTARA,BINA SAWA NUSANTARA,,,,,,,,SIN TEK HUAT,BINA SAWIT NUSANTARA PT.,,,,,"
PO1000004861,MULIA SAWIT AGRO LESTARI,MULIA SAWIT AGRO LESTARI (MSAL),MSAL Group,MULIA SAWIT AGRO LESTARI,,,Not RSPO Certified,,2019-10-31,-1.51149000000,113.46575000000,IDN,Indonesia,Kalimantan Tengah,Gunung Mas,1-Fully Verified,,,
PO1000004862,BUKIT PERMATA,TELADAN PRIMA,Teladan,TELEN,,,Not RSPO Certified,,2019-10-31,1.08243000000,117.72242000000,IDN,Indonesia,Kalimantan Timur,Kutai Timur,1-Fully Verified,,,"SAWIT PRIMA NUSANTARA,,,,"
PO1000004863,OPHIR,PTPN III,PTPN III,PERKEBUNAN NUSANTARA VI,,,Not RSPO Certified,,2019-10-31,0.01405000000,99.83695000000,IDN,Indonesia,Sumatera Barat,Pasaman Barat,1-Fully Verified,,,"PERKEBUNAN NUSANTARA VI (OPHIR),OPHIR MILL,"
PO1000004864,SOLOK SELATAN,INCASI RAYA (GUNAS),Incasi Raya Group (IRG),BINA PRATAMA SAKOTO JAYA,,,Not RSPO Certified,,2019-10-31,-1.39335000000,101.59324000000,IDN,Indonesia,Sumatera Barat,Solok Selatan,1-Fully Verified,,"Crusher,CPO","SUMATERA JAYA AGRO LESTARI (SOLOK SELATAN),BINA PRATAMA SAKOTO JAYA,BINAPRATAMA SAKATOJAYA-SOLOK SELATAN II,BINA PRATAMA SAKATOJAYA,ENSEM SAWITA,BINAPRATAMA SAKATOJAYA,BINA PRATAMA SAKATOJAYA (SOLOK SELATAN),,,BINAPRATAMA SAKATOJAYA – SOLOK SELATAN"
PO1000004865,BUMI HUTANI LESTARI,EAGLE HIGH PLANTATIONS,Eagle High Plantations (EHPT),BUMI HUTANI LESTARI,,,Not RSPO Certified,,2019-10-31,-1.67752000000,112.93618000000,IDN,Indonesia,Kalimantan Tengah,Katingan,1-Fully Verified,,,"BUMIHUTANI LESTARI,SEI MERANTI,PT. BUMIHUTANI LESTARI,SUNGAI BUAYA POM,LESTARI,,,,,"
PO1000004866,PEMBANGUNAN RAYA,BUMITAMA GUNAJAYA AGRO (BGA),Bumitama,AGRO SEJAHTERA MANUNGGAL,,,RSPO Certified,"RSPO Certified, MB",2019-10-31,-2.546890,110.381800,IDN,Indonesia,Kalimantan Barat,Ketapang,1-Fully Verified,,,"AGRO SEJAHTERA MANUNGGAL,,,,,,,,,,,,,,,,ABDI BUDI MULIA 772"
PO1000004867,SUKSES KARYA SAWIT,IOI CORPORATION,IOI,SUKSES KARYA SAWIT,,,Not RSPO Certified,,2019-10-31,-2.80103000000,110.59375000000,IDN,Indonesia,Kalimantan Barat,Ketapang,1-Fully Verified,,,"SUKES KARYA SAWIT,,,,SUAYAP,"
PO1000004868,BUMI SAWINDO PERMAI,BUKIT ASAM,Bukit Asam,BUMI SAWINDO PERMAI,,,Not RSPO Certified,,2019-10-31,-3.85172000000,103.80405000000,IDN,Indonesia,Sumatera Selatan,Muara Enim,1-Fully Verified,,,"SUN SAWIT,,,PT BUMI SAWINDO PERMAI,,,,,"
PO1000004869,PATIWARE,GAMA PLANTATIONS,KPN,PATIWARE,,,Not RSPO Certified,,2019-10-31,0.74072000000,108.94187000000,IDN,Indonesia,Kalimantan Barat,Bengkayang,1-Fully Verified,,,"SUNGAI ADONG,PT PATIWARE,,,,"
PO1000004922,SIAK,MAHKOTA,Mahkota,BERLIAN INTI MEKAR,,,Not RSPO Certified,,2019-10-31,0.63875000000,101.97648000000,IDN,Indonesia,Riau,Siak,1-Fully Verified,,,"BERLIAN INTI MEKAR (SIAK),BERLIAN INTI MEKAR-SIAK,,BERLIAN INTI MEKAR SIAK,,,,,,,,,,,BIM - SIAK,PT. BERLIAN INTI MEKAR SIAK,,"
PO1000004924,MAKMUR ANUGERAH SAWITINDO,UNKNOWN,,MAKMUR ANUGERAH SAWITINDO,,,Not RSPO Certified,,2019-10-31,3.69510000000,98.51463000000,IDN,Indonesia,Sumatera Utara,Deli Serdang,2-High Confidence,,,MAKMUR  ANUGERAH  SAWITINDO
PO1000004925,PADU,BINTANG HARAPAN DESA (BHD),BINTANG HARAPAN DESA,SURYA BORNEO INDAH,,,Not RSPO Certified,,2019-10-31,-0.03888000000,110.19388000000,IDN,Indonesia,Kalimantan Barat,Sanggau,1-Fully Verified,,,SURYA BORNEO INDAH
PO1000004927,SEI MERANTI,PTPN III,PTPN III,PERKEBUNAN NUSANTARA III,PTPN III,,RSPO Certified,"RSPO Certified, MB",2019-10-31,1.64332000000,100.41762000000,IDN,Indonesia,Riau,Rokan Hilir,1-Fully Verified,,,"SEI MERANTI MILL,SEI MERANTI (PN),PERKEBUNAN NUSANTARA III (SEI MERANTI),,,,KEDATON MULIA PRIMAS,PERKEBUNAN NUSANTARA III (SEI
MERANTI),PIP NUSANTARA III (SEI MERANTI),,,,,,,,,PTP NUSANTARA III (SEI MERANTI),,PTP NUSANTARA III (SEI MANGKEI),,PERKEBUNAN NUSANTARA III (SEI MERA,,,PTPN III (SEI MERANTI),,,PKS SEI MERANTI"
PO1000004929,TORGAMBA,PTPN III,PTPN III,PERKEBUNAN NUSANTARA III,PTPN III,,RSPO Certified,"RSPO Certified, MB",2019-10-31,1.70922000000,100.28907000000,IDN,Indonesia,Sumatera Utara,Labuhanbatu Selatan,1-Fully Verified,,,"TORGAMBA MILL,PERKEBUNAN NUSANTARA III (TORGAMBA),,,,,PIP NUSANTARA III (TORGAMBA),,,,,,,,,,,PTP NUSANTARA III (TORGAMBA),,PTP NUSANTARA III (SISUMUT),,PERKEBUNAN NUSANTARA III (TORGAM,,,PTPN III (TORGAMBA),,"
PO1000004930,SELUCING AGRO ,BUMITAMA GUNAJAYA AGRO (BGA),Bumitama,WINDU NABATINDO LESTARI,,,Not RSPO Certified,,2019-10-31,-1.88303000000,113.03175000000,IDN,Indonesia,Kalimantan Tengah,Kotawaringin Timur,1-Fully Verified,,,"WINDU NABATINDO ABADI (SELUCING AGRO),SELUNCING AGRO,KRIDATAMA LANCAR-SUKAMANDANG,SELUCING AGRO MILL"
PO1000004931,SWADAYA SAPTA PUTRA,MERBAUJAYA INDAHRAYA,MERBAUJAYA INDAHRAYA,SWADAYA SAPTA PUTRA,,,Not RSPO Certified,,2019-10-31,-1.99368000000,112.83168000000,IDN,Indonesia,Kalimantan Tengah,Kotawaringin Timur,1-Fully Verified,,,",,UNITED KINGDOM INDONESIA
PLANTATIONS,,,,,,,,ABDI BUDI MULIA 1140"
PO1000004932,NIRMALA AGRO LESTARI,ASTRA AGRO LESTARI,Astra Agro Lestari (AAL),NIRMALA AGRO LESTARI,,,Not RSPO Certified,,2019-10-31,-2.09193000000,111.48705000000,IDN,Indonesia,Kalimantan Tengah,Lamandau,1-Fully Verified,,,"NIRMALA AGROLESTARI,NANGA BULIK,PT NIRMALA AGRO
LEST,,,,,,,,,,,,,NIRMALA AGRO LESTARI PT.,NIRMALA AGROLESTARI (NANGA BULIK),,,,,,,PT NIRMALA AGRO LESTARI"
PO1000004934,PUCUK JAYA,CHELLAM PLANTATIONS,CHELLAM PLANTATIONS,PUCUK JAYA,,,Not RSPO Certified,,2019-10-31,-2.23298000000,116.04888000000,IDN,Indonesia,Kalimantan Timur,Paser,1-Fully Verified,,,",,,,,,,,,,"
PO1000004935,SARI LEMBAH SUBUR 1,ASTRA AGRO LESTARI,Astra Agro Lestari (AAL),SARI LEMBAH SUBUR,,,Not RSPO Certified,,2019-10-31,-0.05100000000,102.25200000000,IDN,Indonesia,Riau,Pelalawan,2-High Confidence,,,"SARI LEMBAH SUBUR,,,,,,,,BAHANA NUSA INTERINDO,SURYA INDAH NUSANTARA PAGI,,,,,,,SARI LEMBAH
SUBUR 1,,,,,,,,SARI LEMBAH SUBUR 1 PT.,,,,,SARI LEMBAH SUBUR 1 PALM OIL MILL"
PO1000004937,MEDANG SARI,MEDCO AGRO,MEDCO AGRO,SABUT MAS ABADI,,,Not RSPO Certified,,2019-10-31,-2.53877000000,111.66785000000,IDN,Indonesia,Kalimantan Tengah,Kotawaringin Barat,1-Fully Verified,,,SABUT MAS ABADI
PO1000004938,SRIWIJAYA PALM OIL INDONESIA,SRIWIJAYA PALM OIL,SRIWIJAYA PALM OIL,SRIWIJAYA PALM OIL INDONESIA,,,Not RSPO Certified,,2019-10-31,-2.82577000000,104.73530000000,IDN,Indonesia,Sumatera Selatan,Banyu Asin,1-Fully Verified,,,"BERKAT SAWIT SEJAHTERA,PT. SRIWIJAYA PALM OIL INDONESIA,"
PO1000004940,SINAR TENERA,UNKNOWN,,SINAR TENERA,,,Not RSPO Certified,,2019-10-31,3.07012000000,99.20470000000,IDN,Indonesia,Sumatera Utara,Simalungun,2-High Confidence,,,"SINAR TENERA CV,,,TANDUN,,,,,,CV. SINAR TENERA,,,"
PO1000004942,MITRA PUDING MAS,ANGLO-EASTERN PLANTATION (AEP),Anglo Eastern Plantations (AEP),MITRA PUDING MAS,,,Not RSPO Certified,,2019-10-31,-3.13379000000,101.60162000000,IDN,Indonesia,Bengkulu,Mukomuko,1-Fully Verified,,,"TALES INTI SAWIT,ANGLO EASTERN PLANTATION,,"
PO1000004944,PAGAR MERBAU,PTPN III,PTPN III,PERKEBUNAN NUSANTARA II,PTPN II,,Not RSPO Certified,,2019-10-31,3.52609000000,98.89842000000,IDN,Indonesia,Sumatera Utara,Deli Serdang,1-Fully Verified,,,"PERKEBUNAN NUSANTARA II (PAGAR MERBAU),,,PKS PAGAR MERBAU,PTP NUSANTARA II (PAGAR  MERBAU),,,,,,PAGAR MERBAU MILL,,PTP NUSANTARA II (PAGAR MERBAU),PTPN II (PAGAR MERBAU),,,PERKEBUNAN NUSANTARA II (PAGAR MERB,,,,KEBUNAN NUSANTARA II (PAGAR MER"
PO1000004945,SEI LEMAU,UNKNOWN,,BIO NUSANTARA TEKNOLOGI,,,Not RSPO Certified,,2019-10-31,-3.64447000000,102.24245000000,IDN,Indonesia,Bengkulu,Bengkulu Tengah,1-Fully Verified,,,"BIO NUSANTARA TEKNOLOGI,BIO NUSANTARA TECHNOLOGY,,,BIO NUSANTARA TEKNOLOGI BENGKULU,,NAGASAKTI POM,BIO NUSANTARA
TEKNOLOGI,"
PO1000004946,BATULAKI,GAGAH PUTERA SATRIA (GPS),Gagah Putera Satria (GPS),BUANA KARYA BHAKTI,,,Not RSPO Certified,,2019-10-31,-3.67300000000,115.48100000000,IDN,Indonesia,Kalimantan Selatan,Tanah Bumbu,2-High Confidence,,,"BUANA KARYA BAKTI,BUANA KARYA BHAKTI,BUANA KARYA BHAKTI*,BUANA KARYA BAKTI (BATULAKI),BATU LAKI,"
PO1000004947,DIMEX SELARAS,KORINDO,Korindo,TUNAS SAWA ERMA,,,Not RSPO Certified,,2019-10-31,-6.61028000000,140.56483000000,IDN,Indonesia,Papua,Boven Digoel,1-Fully Verified,,,TUNAS SAWA ERMA 1
PO1000004948,SEI SILAU,PTPN III,PTPN III,PERKEBUNAN NUSANTARA III,PTPN III,,RSPO Certified,"RSPO Certified, MB",2019-10-31,2.90205000000,99.50940000000,IDN,Indonesia,Sumatera Utara,Asahan,1-Fully Verified,,,",,,BUNGA RAYA,PTP NUSANTARA III (SEI SILAU),,,,,,,PERKEBUNAN NUSANTARA III (SEI SILAU),,,,,,,PTPN III (SEI SILAU),,,PKS SEI SILAU"
PO1000004955,AGROPALMA/PARAPALMA,AGROPALMA,AGROPALMA,AGROPALMA,,,Not RSPO Certified,,2019-10-31,-2.54346000000,-48.70625000000,BRA,Brazil,Pará,Tailândia,1-Fully Verified,,,"PARAPALMA,AGROPALMA,AGROPALMA GROUP,AGROPALMA/PARAPALM
A,SÃ£O PAULO"
PO1000004976,"S.P.O.AGRO-INDUSTRIES CO.,LTD.(SICHON)",UNKNOWN,"""S.P.O. AGRO-INDUSTRIES CO.,LTD.""","S.P.O AGRO-INDUSTRIES CO, LTD",,,RSPO Certified,"RSPO Certified, MB",2019-10-31,8.97517000000,99.87952000000,THA,Thailand,Nakhon Si Thammarat,Sichon,1-Fully Verified,,,",,SICHON,,,,,S.P.O AGRO-INDUSTRIES CO., LTD. (SICHON),S.P.O.AGRO-INDUSTRIES CO.,LTD (SICHON),S.P.O. AGRO-INDUSTRIES CO.,LTD,S.P.O.AGRO-INDUSTRIES CO.,LTD (SICHON),S.P.O. AGRO-INDUSTRIES CO.,LTD,S.P.O AGRO-INDUSTRIES CO., LTD. (SICHON),S.P.O.AGRO-INDUSTRIES CO.,LTD (SICHON),S.P.O. AGRO-INDUSTRIES CO.,LTD,S.P.O.AGRO-INDUSTRIES CO.,LTD (SICHON),S.P.O. AGRO-INDUSTRIES CO.,LTD,S.P.O.AGRO-INDUSTRIES CO.,LTD (SICHON),S.P.O. AGRO-INDUSTRIES CO.,LTD,S.P.O AGRO-INDUSTRIES COLTD. 2,S.P.O.AGRO-INDUSTRIES CO.LTD (SICHON),S.P.O. AGRO-INDUSTRIES CO.LTD,S.P.O. AGRO-INDUSTRIES CO. LTD. (SICHON),SPO AGRO-INDUSTRIES CO LTD,S.P.O AGRO-INDUSTRIES CO. LTD. (SICHON),,S.P.O.AGRO-INDUSTRIES CO. LTD. (SICHON),S.P.O AGRO-INDUSTRIES CO. LTD. (NAKHON SI THAMMARAT)"
PO1000005085,"INDUSTRIAS DE JABONES Y DETERGENTES LAS PALMAS, S. A.",UNKNOWN,Las  Palmas,"INDUSTRIAS DE JABONES Y DETERGENTES LAS PALMAS, S. A.",,,RSPO Certified,"RSPO Certified, MB",2019-10-31,14.04211000000,-91.12219000000,GTM,Guatemala,Escuintla,La Gomera,1-Fully Verified,,,"OLMECA 1,OLMECA 1,"
PO1000005100,PARIT SEMBADA,KUALA LUMPUR KEPONG (KLK),KUALA LUMPUR KEPONG (KLK),PARIT SEMBADA,,,RSPO Certified,"RSPO Certified, MB",2019-10-31,-2.73962000000,108.00178000000,IDN,Indonesia,Bangka Belitung,Belitung Timur,1-Fully Verified,,,"PARIT SEMBADA
POM,,STEELINDO WAHANA PERKASA,PARIT SEMBADA PALM OIL MILL,PARITA SEMBADA,KEBUN PANTAI RAJA MILL,PT PARIT SEMBADA POM,"
PO1000005104,KATARI AGRO,BUMITAMA GUNAJAYA AGRO (BGA),Bumitama,WINDU NABATINDO LESTARI,,,RSPO Certified,"RSPO Certified, MB",2019-10-31,-2.098917,113.039602,IDN,Indonesia,Kalimantan Tengah,Kotawaringin Timur,1-Fully Verified,,,"WINDU NABATINDO LESTARI (KATARI AGRO),CIPTATANI KUMAI SEJAHTERA,KATARI AGRO MILL"
PO1000005106,SEBERIDA,UNKNOWN,,NIKMAT HALONA REKSA,,,Not RSPO Certified,,2019-10-31,-0.73471000000,102.52409000000,IDN,Indonesia,Riau,Indragiri Hulu,1-Fully Verified,,,"SIBERIDA,,NIKMAT HALONA REKSA,NIKMAT HALONA REKSA (SEBERIDA),,,,KALIANTA 2,,,,,,,,PT NIKMAT HALONA REKSA,,"
PO1000005117,ACEITES MANUELITA S.A. (YAGUARITO),MANUELITA,MANUELITA,ACEITES MANUELITA,,,RSPO Certified,"RSPO Certified, MB",2019-10-31,3.88293000000,-73.34121000000,COL,Colombia,Meta,San Carlos de Guaroa,1-Fully Verified,Aceites Manuelita Yaguarito,,"YAGUARITO,ACEITES MANUELITA YAGUARITO,,,,,,,ACEITES MANUELITA SA,ACEITES MANUELITA,ACEITES MANUELITA P&C,PLANTA YAGUARITO - MANAVIRE MILL,ACEITES MANUELITA SA, (YAGUARITO),ACEITES MANUELITA SA, (YAGUARITO),ACEITES MANUELITA SA, (YAGUARITO)"
PO1000005128,SEI ROKAN,PTPN III,PTPN III,PERKEBUNAN NUSANTARA V,PTPN V,,RSPO Certified,"RSPO Certified, MB",2019-10-31,0.72572000000,100.57898000000,IDN,Indonesia,Riau,Rokan Hulu,1-Fully Verified,,,"PT PERKEBUNAN NUSANTARA V SEI ROKAN,,,,MUSTIKA AGUNG SAWIT   SEJAHTERA,PERKEBUNAN NUSANTARA V (SEI ROKAN),PIP NUSANTARA V (SEI ROKAN),,,,,,,,PTP NUSANTARA IROKAN),PKS SEI ROKAN,PKS SEI ROKAN,PTP NUSANTARA V (SEI ROKAN),PERKEBUNAN NUSANTARA V (SEI ROKA,PT PERKEBUNAN NUSANTARA V SEI
ROKAN,,,,PTPN V (SEI ROKAN),,"
PO1000005145,NAULI SAWIT,UNKNOWN,,NAULI SAWIT,,,Not RSPO Certified,,2019-10-31,2.08409000000,98.31222000000,IDN,Indonesia,Sumatera Utara,Tapanuli Tengah,1-Fully Verified,,,",,BINA MITRA MAKMUR,,,,,,PT NAULI SAWIT,PT. NAULI SAWIT,,,"
PO1000005155,KABUAU,MAKIN,Makin,KATINGAN INDAH UTAMA,,,Not RSPO Certified,,2019-10-31,-2.11044000000,112.74684000000,IDN,Indonesia,Kalimantan Tengah,Kotawaringin Timur,2-High Confidence,,,"KATINGAN INDAH UTAMA,PPKS KABUAU,KATINGAN INDAH UTAMA (KABUAU),KATINGAN INDAH UTAMA KABUAU,,,,,,,,,,KATINGAN INDAH UTAMA – PKS KABUAU,KATINGAN INDAH UTAMA - KABUAU,MATAHARI KAHURIPAN INDONESIA,,,,,,,"
PO1000005202,ANDIKA PERMATA SAWIT LESTARI,ANDIKA,ANDIKA,ANDIKA PERMATA SAWIT LESTARI,,,Not RSPO Certified,,2019-10-31,1.08900000000,100.77600000000,IDN,Indonesia,Riau,Rokan Hulu,1-Fully Verified,,,"ANDIKA
PERAMATA
SAWIT LESTARI,,,ANDIKA PERMATA SAWIT LESTA,ANDIKA PERMATA SAWIT
LESTARI,,,ANDIKA PERMATA SAWIT LESTARI - SONTANG,ANDIKA PERMATA SAWIT LESTARI PALM OIL MILL"
PO1000005203,SURYA INDAH NUSANTARA PAGI,ASTRA AGRO LESTARI,Astra Agro Lestari (AAL),SURYAINDAH NUSANTARA PAGI,,,Not RSPO Certified,,2019-10-31,-2.25500000000,111.97600000000,IDN,Indonesia,Kalimantan Tengah,Kotawaringin Barat,1-Fully Verified,,,"PANGKUT ARUT UTARA,PT.SURYA INDAH
NUSANTARA PAGI,,,,,SURYAINDAH NUSANTARAPAGI,,,,,,,,,PT SARI ADITYA LOKA 2,PT. SURYAINDAH NUSANTARA PAGI,,,,SURYA INDAH
NUSANTARA PAGI,SARI ADITYA NASANTARA PAGI (LOKA 2),,,,,,PT SURYA INDAH NUSANTARA PAGI,"
PO1000005204,KENCANA KETARA KEWALA,UNKNOWN,,KENCANA KATARA KEWALA,,,Not RSPO Certified,,2019-10-31,-3.36358000000,101.82689000000,IDN,Indonesia,Bengkulu,Bengkulu Utara,1-Fully Verified,,,"KENCANA KATARA KEWALA,KENCANA KETARA KELAWA,,,,KETARA KEWALA"
PO1000005205,SEJAHTERA,TIANJIN JULONG,TIANJIN JULONG (TJG),GRAND MANDIRI UTAMA,,,Not RSPO Certified,,2019-10-31,0.46985000000,111.21197000000,IDN,Indonesia,Kalimantan Barat,Sekadau,1-Fully Verified,,,"GRAND UTAMA MANDIRI SEJAHTERA,PKS SEJAHTERA,GRAND UTAMA MANDIRI,,,,,GRAND MANDIRI UTAMA - SEJAHTERA,"
PO1000005206,BENGKULU SAWIT LESTARI,UNKNOWN,BENGKULU SAWIT LESTARI,BENGKULU SAWIT LESTARI,,,Not RSPO Certified,,2019-10-31,-4.53346000000,103.05700000000,IDN,Indonesia,Bengkulu,Bengkulu Selatan,1-Fully Verified,,,",,,,,,BENGKULU SAWIT,BENGKULU SAWIT
LESTARI,,BENGKULU SAWIT LESTATI,BENGKULU SAWIT LESTARI PT."
PO1000005208,KARANG JUANG HIJAU LESTARI,FANGIONO AGRO PLANTATION (FAP AGRI),FAP,KARANG JUANG HIJAU LESTARI,,,Not RSPO Certified,,2019-10-31,4.03600000000,116.92700000000,IDN,Indonesia,Kalimantan Timur,Nunukan,1-Fully Verified,,,"KARANGJUANG HIJAU LESTARI,,,BHUMI SIMANGGARIS INDAH,,,,KARANGIUANG HIJAU LESTARI,,,,"
PO1000005210,CIPTATANI KUMAI SEJAHTERA,MEDCO AGRO,MEDCO AGRO,CIPTATANI KUMAI SEJAHTERA,,,Not RSPO Certified,,2019-10-31,-2.18390000000,112.03427000000,IDN,Indonesia,Kalimantan Tengah,Seruyan,2-High Confidence,,,"API METRA PALMA (CIPTATANI KUMAI SEJAHTERA),,,SOSA,,,API METRA PALMA (CIPTA TANI KUMAI SEJAHTERA),,,SEJAHTERA),CIPTA TANI KUMAI SEJATI,MEDCO AGRO,CIPTATANI KUMAI
SEJAHTERA,,,,,CIPTA TANI KUMAI SEJAHTERA"
PO1000005212,TANJUNG KASAU,UNKNOWN,,PERKEBUNAN SUMATERA UTARA,,,Not RSPO Certified,,2019-10-31,3.30100000000,99.27600000000,IDN,Indonesia,Sumatera Utara,Batu Bara,1-Fully Verified,,,"PERKEBUNAN SUMATRA UTARA (TG KASAU),,PERDA PERKEBUNAN SUMATERA UTARA,PERKEBUNAN SUMATERA UTARA,,PKS TANJUNG KASAU,,,,PERKEBUNAN SUMATERA UTARA (TANJUNG KASAU),PERKEBUNAN SUMATERA UTARA (TG KASAU),"
PO1000005218,TIRTA MADU,CILIANDRY ANKY ABADI, Ciliandry Anky Abadi (CAA),TIRTA MADU,,,Not RSPO Certified,,2019-10-31,1.03628000000,104.59608000000,IDN,Indonesia,Kepulauan Riau,Bintan,1-Fully Verified,,,
PO1000005219,TIRTAMADU SAWIT JAYA,FANGIONO AGRO PLANTATION (FAP AGRI),FAP,TIRTAMADU SAWIT JAYA,,,Not RSPO Certified,,2019-10-31,4.11418000000,117.04054000000,IDN,Indonesia,Kalimantan Timur,Nunukan,1-Fully Verified,,,"TIRTA MADU SAWIT JAYA,,,,,,MENGGALA SAWITINDO,,,,"
PO1000005221,MITRA INDO CEMERLANG,KORINDO,Korindo,TUNAS SAWA ERMA,,,Not RSPO Certified,,2019-10-31,-6.64600000000,140.27800000000,IDN,Indonesia,Papua,Boven Digoel,1-Fully Verified,,,TUNAS SAWA ERMA 2
PO1000005222,FIRST LAMANDAU TIMBER INTERNATIONAL,TRIPUTRA AGRO PERSADA,TAP,FIRST LAMANDAU TIMBER INTERNATIONAL,,,Not RSPO Certified,,2019-10-31,-1.85017000000,111.46939000000,IDN,Indonesia,Kalimantan Tengah,Lamandau,1-Fully Verified,,,",,FIRST LAMANDAU TIMBER INTERNATIONA,FIRST LAMANDAU TIMBER INTERNATIONA,FIRST LAMANDAU TIMBER INTERNATIONA,,,,,FTIRIOSNTA LLAMANDAU TIMBER INTER,FTIRIOSNTA LLAMANDAU TIMBER INTER,SUKSES KARYA SAWIT POM,INTERNATIONAL,FIRST LAMANDAU TIMBER
INTERNATIONAL,,,,RST LAMANDAU TIMBER INTERNATION,FIRST LAMANDAU TIMBERINTERNATIONAL,ABDI BUDI MULIA 292"
PO1000005223,PALMCI EHANIA,SIFCA,SIFCA,PALMCI,PALMCI,,Not RSPO Certified,,2019-10-31,5.29469000000,-3.05334000000,CIV,Côte d'Ivoire,Comoé,Sud Comoé,1-Fully Verified,,,"EHANIA,,,"
PO1000005224,IROBO,SIFCA,SIFCA,PALMCI,PALMCI,,Not RSPO Certified,,2020/09/01 00:00:00+00,5.298108,-4.796635,CIV,Côte d'Ivoire,Lagunes,Grands Ponts,1-Fully verified, ,,"BOUBO,PALMCI IROBO"
PO1000005225,IBOKE,SIFCA,SIFCA,PALMCI,PALMCI,,Not RSPO Certified,,2020/09/01 00:00:00+00,4.684363,-7.412952,CIV,Côte d'Ivoire,Bas-Sassandra,San-Pédro,2-High Confidence, ,,PALMCI IBOKE
PO1000005226,PALMCI BLIDOUBA,SIFCA,SIFCA,PALMCI,PALMCI,,Not RSPO Certified,,2019-10-31,4.56560000000,-7.51260000000,CIV,Côte d'Ivoire,Bas-Sassandra,San-Pédro,1-Fully Verified,,,"BLIDOUBA,,,"
PO1000005246,MASRANTI,HARN LEN CORPORATION BHD,HARN LEN CORPORATION,MASRANTI PLANTATION SDN BHD,,,Not RSPO Certified,,2019-10-31,1.11605000000,110.82450000000,MYS,Malaysia,Sarawak,Serian,2-High Confidence,,,"MASRANTI PLANTATION SDN BHD,MASRANTI PLANTATION,,,,,,,,,MASRANTI PLANTATION SDN. BHD.,MASRANTI PLANTATION SDN. BHD.,,,,"
PO1000005256,PASIR PANJANG,KULIM (MALAYSIA) BERHAD,Kulim (Malaysia),MAHAMURNI PLANTATIONS SDN BHD,,,RSPO Certified,"RSPO Certified, IP",2019-10-31,2.01801000000,103.94858000000,MYS,Malaysia,Johor,Kota Tinggi,1-Fully Verified,,,"KILANG KELAPA SAWIT PASIR PANJANG (EPA),PASIR PANJANG POM,KILANG KELAPA SAWIT PASIR PANJANG,KILANG KELAPA SAWIT PASIR PANJANG,,,,,PASIR PANJANG PALM OIL MILL,,,,,,,,,,KILANG KELAPA SAWIT PASIR
PANJANG,,,EPA MANAGEMENT SDN BHD (PASIR PANJANG PALM OIL MILL),KULIM BERHAD,KULIM BERHAD,KULIM BERHAD,MAHAMURNI PLANTATIONS SDN BHD (PASIR PANJANG),MAHAMURNI PLANTATIONS SDN BHD
(PASIR PANJANG),EPA - PALONG COCOA,MAHAMURNI PLANTATION SDN BHD (PASIR PANJANG PALM OIL
MILL),MAHAMURNI PLANTATION SDN BHD (PASIR PANJANG PALM OIL
MILL),,,,,PASIR PANJANG P0M,EPA PASIR PANJANG - MILL"
PO1000005281,MURINI SAM-SAM KANDIS,WILMAR,Wilmar,MURINI SAMSAM,,,RSPO Certified,"RSPO Certified, MB",2019-10-31,1.06036000000,101.23942000000,IDN,Indonesia,Riau,Bengkalis,1-Fully Verified,,,"MURINI SAM SAM (KANDIS),MURINI SAM-SAM (KANDIS),,MURINI SAMSAM 1,MURINI SAM-SAM,,MURINI SAM‐SAM,MURINI SAM‐SAM,MURINI SAM‐SAM,,,MURINI SAM-SAM 1,,SDARBY - BUKIT BENUT,,,,,MURINI SAMSAM (KANDIS),ABDI BUDI MULIA 676"
PO1000005302,BUKIT MAKMUR,BUMITAMA GUNAJAYA AGRO (BGA),Bumitama,KARYA MAKMUR BAHAGIA,,,RSPO Certified,"RSPO Certified, MB",2019-10-31,-1.56778000000,112.72111000000,IDN,Indonesia,Kalimantan Tengah,Kotawaringin Timur,1-Fully Verified,,,"FAJAR SAUDARA LESTARI,BUKIT MAKMUR MILL,BUKIT MAKMUR MILL - PT KMB,KARYA MAKMUR BAHAGIA (BUKIT MAKMUR)"
PO1000005328,CPP COMPANY LIMITED,UNKNOWN,Chumporn Palm Oil Industry (CPI),CHUMPORN PALM OIL INDUSTRY PUBLIC COMPANY LTD,Chumporn Palm Oil Industry (CPI),,RSPO Certified,"RSPO Certified, IP, MB",2019-10-31,10.95961100000,99.40536100000,THA,Thailand,Prachuap Khiri Khan,Bang Saphan Noi,1-Fully Verified,,,"CHUMPORN PALM OIL INDUSTRY,PRACHUAP KHIRI KHAN,CPP,CHUMPORN PALM OIL INDUSTRY PUBLIC COMPANY LIMITED"
PO1000005375,THAITALLOW AND OIL CO.LTD (SITE 2),UNKNOWN,THAI TALLOW AND OIL COMPANY LIMITED,THAITALLOW AND OIL CO.LTD,,,RSPO Certified,"RSPO Certified, MB",2019-10-31,8.61370000000,98.99985000000,THA,Thailand,Surat Thani,Prasaeng,1-Fully Verified,,,"THAITALLOW AND OIL CO.LTD(SITE 2),BANGSAWAN,THAI TALLOW AND OIL (SITE 2),THAI TALLOW AND OIL CO,THAI TALLOW AND OIL CO.LTD,THAI TALLOW AND OIL 3,THAI TALLOW AND OIL CO.LTD,THAI TALLOW AND OIL CO. LTD. (SITE 2),,THAITALLOW AND OIL COLTD (SITE 2),THAI TALLOW AND OIL CO. LTD,THAI TALLOW AND OIL CO. LTD. (BANG SAWAN BRANCH),THAI TALLOW AND OIL CO.LTD (PLANT 2),PLANT 3 CHIAN YI"
PO1000005442,RIMBU DUA,PTPN III,PTPN III,PERKEBUNAN NUSANTARA VI,,,RSPO Certified,"RSPO Certified, MB",2020/09/01 00:00:00+00,-1.3777,102.1677,IDN,Indonesia,Jambi,Tebo,1-Fully Verified, ,,
PO1000005484,NGL FACTORY,NORPALM GHANA LIMITED,NORPALM GHANA,NORPALM GHANA LIMITED,,,RSPO Certified,"RSPO Certified, MB",2019-10-31,4.92806000000,-1.89639000000,GHA,Ghana,Western,Mpohor Wassa East,1-Fully Verified,,,NORPALM
PO1000005521,GENTING TANJUNG,GENTING PLANTATIONS,Genting,GENTING SDC SDN BHD,,,RSPO Certified,"RSPO Certified, MB",2019-10-31,5.42263000000,118.27315000000,MYS,Malaysia,Sabah,Kinabatangan,1-Fully Verified,,,"TANJUNG,GENTING SDC SDN BHD (TANJUNG MILL),,ASIATIC SRI TANJUNG,GENTING
TANJUNG OIL
MILL,,,,,,,,,,,,,,,,,GENTING TANJUNG POM,ASIATIC SRI TANJUNG POM,GENTING
TANJUNG OIL MILL,GENTING TANJUNG OIL MILL,GENTING TANJUNG OIL,,,,TANJUNG OIL MILL,GENTING TANJUNG PALM OIL MILL"
PO1000005560,PANACTE,NATURACEITES S.A.,NATURACEITES,NATURACEITES S.A.,NATURACEITES,,RSPO Certified,"RSPO Certified, IP",2019-10-31,15.30738000000,-89.61716000000,GTM,Guatemala,Izabal,El Estor,1-Fully Verified,,,"PANACTÃ©,PANACTÉ,PANACTE OIL MILL,NATURACEITES S.A.,NATURACEITES S.A.,PANACTE 0IL MILL,NATURACEITES S.A.
(PANACTÉ OIL MILL),ABDI BUDI MULIA 739"
PO1000005580,SELAPAN JAYA,SAMPOERNA AGRO,Sampoerna Agro,SELAPAN JAYA,,,RSPO Certified,"RSPO Certified, MB",2019-10-31,-3.70760000000,105.09709000000,IDN,Indonesia,Sumatera Selatan,Ogan Komering Ilir,1-Fully Verified,,,"SELAPAN JAYA (LIMAU MUNGKUR),SAMPOERNA AGRO TBK - SELAPAN JAYA,SAMPOERNA AGRO,,,SAMPOERNA AGRO-SELAPAN JAYA,,,,,SAMPOERNA AGRO TBK,SAMPOERNA AGRO TBK,TINJOWAN POM,PT SAMPOERNA AGRO TBK,"
PO1000005626,ISAN PALM INDUSTRY DEVELOPMENT COMPANY LIMITED,UNKNOWN,,ISAN PALM INDUSTRY DEVELOPMENT COMPANY LIMITED,,,Not RSPO Certified,,2019-10-31,17.59646000000,103.86072000000,THA,Thailand,Sakon Nakhon,Wanon Niwat,1-Fully Verified,,,IESDAN PALM INDUSTRY DEVELOPMENT COMPANY LIMITE
PO1000005713,LAHAD DATU,TSH RESOURCES,TSH Resources ,TSH PLANTATION MANAGEMENT SDN BHD,,,Not RSPO Certified,,2019-10-31,5.31942000000,118.04272000000,MYS,Malaysia,Sabah,Kinabatangan,1-Fully Verified,,,"TSH PLANTATIONS SDN BHD (LAHAD DATU),,,,,,TSH LAHAD DATU PALM OIL MILL,TSH LAHAD DATU PALM OIL MILL,TSH PLANTATION SDN. BHD. (LAHAD DATU PALM OIL MILL),TSH PLANTATION,TSH PLANTATIONS SDN BHD (LAHADDATU),SEI TAMPANG/ DLI 2 POM,LAHAD DATU EDIBLE OIL,,,,TSH PLANTATIONS SDN BHD,TSH PLANTATIONS SDN BHD (LAHAD DATU MILL),,"
PO1000005719,PRESCO PLC,SIAT,SIAT,PRESCO PLC,,,Not RSPO Certified,,2019-10-31,6.13914000000,5.71400000000,NGA,Nigeria,Edo,Ikpoba-Okha,1-Fully Verified,,"Crusher,CPO",PRESCO
PO1000005793,JABONTARA EKA KARSA,KUALA LUMPUR KEPONG (KLK),KUALA LUMPUR KEPONG (KLK),JABONTARA EKA KARSA,,,RSPO Certified,"RSPO Certified, MB",2019-10-31,1.24313000000,118.33864000000,IDN,Indonesia,Kalimantan Timur,Berau,1-Fully Verified,,,"JABONTARA EKA KARSA,,,,JABONTARA POM,,,JABON PALM OIL MILL,JABONTARA PALM OIL MILL,JABONTARA EKA
KARSA PALM OLL
MILL,PT JABONTARA EKA KARSA,JABON,JABONTARA EKA KARSA PALM OLL
MILL,JABONTARA EKA
KARSA,,,,,,,JABONTARA EKA KARSA PALM OLL MILL,JABONTARA/ JABON"
PO1000005803,STABAT,KUALA LUMPUR KEPONG (KLK),KUALA LUMPUR KEPONG (KLK),LANGKAT NUSANTARA KEPONG,,,RSPO Certified,"RSPO Certified, IP, MB",2019-10-31,3.75972000000,98.39306000000,IDN,Indonesia,Sumatera Utara,Langkat,1-Fully Verified,,,"LANGKAT NUSANTARA KEPONG (GOHOR LAMA),LANGKAT NUSANTARA KEPONG (STABATJ,LANGKAT NUSANTARA KEPONG (STABAT),,STABAT PALM OIL MILL,,LANGKAT MAKMUR JAYA SAWITA,,TAMIANG POM,PT LANGKAT NUSANTARA KEPONG,STABAT (GOHOR LAMA),STABAT (GOHOR LAMA),STABAT (GOHOR LAMA),STABAT (GOHOR LAMA),STABAT (GOHOR LAMA),,,LNK STABAT,STABAT POM"
PO1000005868,DOLOK SINUMBAH,PTPN III,PTPN III,PERKEBUNAN NUSANTARA IV,PTPN IV,,RSPO Certified,"RSPO Certified, MB",2019-10-31,3.11167000000,99.32944000000,IDN,Indonesia,Sumatera Utara,Simalungun,1-Fully Verified,,,"D. SINUMBAH,D.SINUMBAH,AEK NABARA SELATAN,PTP NUSANTARA IV (DOLOK SI NU MBAH),,,PTP NUSANTARA IV (DOLOK ILIR),,,,PTPN IV (D. SINUMBAH),,PTPN IV (DOLOK SINUMBAH),ABDI BUDI MULIA 252"
PO1000006106,ORGANIC SUPPLY S.A.,UNKNOWN,,ORGANIC SUPPLY S.A.,,,RSPO Certified,"RSPO Certified, IP",2019-10-31,-0.12579000000,-79.44486000000,ECU,Ecuador,Santo Domingo de los Tsachilas,Santo Domingo,2-High Confidence,,,
PO1000006136,ATLÁNTIDA S.A.,GRUPO HAME,GRUPO HAME,OLMECA,,,RSPO Certified,"RSPO Certified, IP",2019-10-31,14.63667000000,-92.14842000000,GTM,Guatemala,San Marcos,Ayutla,1-Fully Verified,,,"ATLANTIDA,PLANTA DE BENEFICIO 01,ATLÁNTIDA S.A."
PO1000006137,EXTRACTORA AGROACEITE,AGROAMERICA,AGROAMERICA,AGROACEITE SA,,,RSPO Certified,"RSPO Certified, IP",2019-10-31,14.55521000000,-92.00600000000,GTM,Guatemala,Quezaltenango,Coatepeque,1-Fully Verified,,,"AGROACEITE,EXTRACTORA
AGROACEITE,PLANTA (EXTRACTORA) AGROACEITE,AGROACEITE S.A."
PO1000006138,SANTA ROSA I,GRUPO HAME,GRUPO HAME,SANTA ROSA S.A.,,,RSPO Certified,"RSPO Certified, IP",2019-10-31,14.21864000000,-91.39847000000,GTM,Guatemala,Escuintla,Tiquisate,1-Fully Verified,,,"SANTA ROSA, S. A.,SANTA ROSA, S. A.,SANTA ROSA SA,SANTA ROSA S. A.,SANTA ROSA S. A.,SANTA ROSA II,SANTA ROSA MILL,SANTA ROSA S.A."
PO1000006144,BUNGA RAYA,Teguhkarsa Wanalestari,Teguhkarsa Wanalestari,TEGUH KARSA WANALESTARI,,,Not RSPO Certified,,2019-10-31,0.92772000000,102.02125000000,IDN,Indonesia,Riau,Siak,1-Fully Verified,,,"PKS BUNGA RAYA,,,,,DJAYA GLOBALINDO SENTOSA,,,,,,,"
PO1000006145,INDONESIA PLANTATION SYNERGY,IJM PLANTATIONS BERHAD,IJM,INDONESIA PLANTATION SYNERGY,,,Not RSPO Certified,,2019-10-31,0.78611000000,117.99839000000,IDN,Indonesia,Kalimantan Timur,Kutai Timur,1-Fully Verified,,,"INDONESIA PLANTATION SYNER,INDONESIA PLANTATION SYNER,IPS MILL,IPS MILL,INDONESIA PLANTATION
SYNERGY,SIMPANG DAMAR POM,,IPS PALM OIL MILL"
PO1000006147,SEI INTAN,PTPN III,PTPN III,PERKEBUNAN NUSANTARA V,PTPN V,,RSPO Certified,"RSPO Certified, MB",2019-10-31,0.78381000000,100.61164000000,IDN,Indonesia,Riau,Rokan Hulu,1-Fully Verified,,,"SEI INTAN MILL,PT PERKEBUNAN NUSANTARA V SEI INTAN,,,,PERKEBUNAN NUSANTARA V (SEI INTAN),PIP NUSANTARA V (SEI INTAN),,,,,,,PT PERKEBUNAN NUSANTARA V SEI INTAN POM,PTP NUSANTARA V SEI INTAN),PKS SEI INTAN,PKS SEI INTAN,PTPN V - SEI INTAN MILL,PERKEBUNAN NUSANTARA V,PTP NUSANTARA V (SEI INTAN),PERKEBUNAN NUSANTARA V (SEI INTAN,PTP  V - SEI INTAN MILL,,,,PTPN V (SEI INTAN),,"
PO1000006150,TEPIAN LANGSAT,BIMA PALMA,BIMA PALMA,BIMA PALMA NUGRAHA,,,Not RSPO Certified,,2019-10-31,0.75182000000,117.40517000000,IDN,Indonesia,Kalimantan Timur,Kutai Timur,1-Fully Verified,,,"BIMA PALMA NUGRAHA,PKS 9 (DSN),BIMA PALMA NUGRAHA, PT.,BIMA PALMA NUGRAHA, PT.,BIMA PALMA NUGRAHA, PT.,BIMA PALMA NUGRAHA, PT.,BIMA PALMA NUGRAHA, PT.,BIMA PALMA NUGRAHA, PT.,BIMA PALMA NUGRAHA PT.,BARUMUN,KUTAI BALIAN NAULI,,BIMA PALMA NUGRAHA (DSN 9)"
PO1000006152,SUKARAMAI,Sewangi Sejati Luhur,Sewangi Sejati Luhur,RIAU KAMPAR SAHABAT SEJATI,,,Not RSPO Certified,,2019-10-31,0.65886110,100.89669440,IDN,Indonesia,Riau,Kampar,1-Fully Verified,,,"RIAU KAMPAR SAHABAT SEJATI,,SIMPANG KANAN LESTARINDO,RIAU KARNPAR SAHABAT SEJATI,,PT. RIAU KAMPAR SAHABAT SEJATI,PT. RIAU KAMPAR SAHABAT SEJATI,RIAU KAMPAR SAHABAT SEJATI PT.,,,RIAU KAMPAR SAHABAT SEJATI(RELATED ENTITY)"
PO1000006153,PERSADA NUSA NABATI INDONESIA,PERSADA NUSA NABATI INDONESIA,PERSADA NUSA NABATI INDONESIA,PERSADA NUSA NABATI INDONESIA,,,Not RSPO Certified,,2019-10-31,0.64856000000,101.48506000000,IDN,Indonesia,Riau,Pekanbaru,1-Fully Verified,,,"PERSADA NUSA NABATI INDONESIA (MINAS),MINAS,,,,,,,,,,,PERSADA NUSA NABATI INDONESIA, PT.,PERSADA NUSA NABATI INDONESIA, PT.,PERSADA NUSA NABATI INDONESIA, PT.,PERSADA NUSA NABATI INDONESIA, PT.,PERSADA NUSA NABATI INDONESIA, PT.,PERSADA NUSA NABATI INDONESIA PT.,PERSADA NUSA NABATI
INDONESIA,"
PO1000006156,SAWIT SUKSES SEJAHTERA,EAGLE HIGH PLANTATIONS,Eagle High Plantations (EHPT),SAWIT SUKSES SEJAHTERA,,,Not RSPO Certified,,2019-10-31,0.41975000000,116.49000000000,IDN,Indonesia,Kalimantan Timur,Kutai Timur,1-Fully Verified,,,"SAWIT SUKES SEJAHTERA,SENYIUR,,,"
PO1000006158,LEPAN KABU KKS,BOUSTEAD PLANTATIONS BERHAD,Boustead,BOUSTEAD PLANTATIONS BHD,,,Not RSPO Certified,,2019-10-31,5.48213000000,102.21967000000,MYS,Malaysia,Kelantan,Kuala Krai,1-Fully Verified,,,"LEPAN KABU,LEPAN KABU PALM OIL,KILANG KELAPA SAWIT LEPAN KABU,KILANG KELAPA SAWIT LEPAN KABU"
PO1000006159,SUNGAI PAGAR,PTPN III,PTPN III,PERKEBUNAN NUSANTARA V,PTPN V,,RSPO Certified,"RSPO Certified, MB",2019-10-31,0.32605000000,101.35253000000,IDN,Indonesia,Riau,Kampar,1-Fully Verified,,,"SEI PAGAR,,,,MUSTIKA AGUNG SARANA SEJAHTERA,PERKEBUNAN NUSANTARA V (SEI PAGAR),,,,,,,PKS SEI PAGAR,PKS SEI PAGAR,PTPN V - SEI PAGAR MILL,PERKEBUNAN NUSANTARA V (SEI PAGA,PTPN V,PTP  V - SEI PAGAR MILL"
PO1000006160,ELOKA,PALMAFRIQUE,Palmafrique,PALMAFRIQUE,,,Not RSPO Certified,,2020/09/01 00:00:00+00,5.316109,-3.801837,CIV,Côte d'Ivoire,Abidjan,Abidjan,1-Fully Verified, ,,PALMAFRIQUE ELOKA
PO1000006161,USAHA SAWIT MANDIRI,SUPERVENTURE,SUPERVENTURE,USAHA SAWIT MANDIRI,,,Not RSPO Certified,,2019-10-31,0.30609000000,99.44760000000,IDN,Indonesia,Sumatera Barat,Pasaman Barat,1-Fully Verified,,,",,,MERBAUJAYA INDAHRAYA,,,,,,,,PT. USAHA SAWIT MANDIRI (PASAMAN),PT. USAHA SAWIT MANDIRI (PASAMAN),PASAMAN,PASAMAN (USM)"
PO1000006165,B-BOVID,B-BOVID GHANA,B-BOVID GHANA,B-BOVID GHANA,,,Not RSPO Certified,,2019-10-31,4.94126000000,-1.85948000000,GHA,Ghana,Western,Mpohor Wassa East,1-Fully Verified,,,
PO1000006167,WARIS SELESA,DITALI SDN BHD,Ditali,WARIS SELESA SDN BHD,,,Not RSPO Certified,,2019-10-31,4.86965000000,118.09064000000,MYS,Malaysia,Sabah,Kunak,1-Fully Verified,,,"WARIS SELESA PALM,WARIS SELESA PALM OIL MILL,WARIS SELESA PALM OIL MILL,,,WARIS SELESA SDN BHD,WARIS SELESA
POM,WARIS SELESA POM,DITALI SDN BHD,TRADELIFT MILL,,,,,,DITALI PALM OIL MILL SDN BHD"
PO1000006169,GUA MUSANG,CHIN TECK PLANTATIONS BERHAD,Chin Teck Plantations,CHIN TECK PLANTATIONS BERHAD,Chin Teck Plantations,,Not RSPO Certified,,2019-10-31,4.83650000000,102.00442000000,MYS,Malaysia,Kelantan,Gua Musang,1-Fully Verified,,,"K.S.S. LADANG GUA MUSANG,GUA MUSANG ESTATE PALM OIL MILL,,,,CHIN TECK (G.MUSANG),,K.K.S. LADANG GUA MUSANG,K.K.S. LADANG GUA MUSANG,,TENAYAN,GUA MUSANG ESTATE,,,GUA MUSANG ESTATE
PALM OIL MILL,,GUA MUSANG ESTATE PALM OILMILL"
PO1000006173,TANJUNG PAUH,ROYAL GOLDEN EAGLE,Royal Golden Eagle (RGE),INTI INDOSAWIT SUBUR,,,Not RSPO Certified,,2019-10-31,-0.09765000000,101.29788000000,IDN,Indonesia,Riau,Kuantan Singingi,2-High Confidence,,,"INDOSAWIT SUBUR TANJUNG PAUH,,PT. INTI INDOSAWIT SUBUR SUNGAI PAUH,PT INDOSAWIT SUBUR TANJUNG PAUH,,,,,,,,,,,SUNGAI POKAHAN,INDOSAWIT SUBUR / RAJA GARUDA MAS,TANJUNG PAUH MILL,INTI INDOSAWIT SUBUR (TANJUNG PAUH),SALO BANDANG POM,INTI INDOSAWIT SUBUR SUNGAI POKAHAN),SUNGAI POKAHAN (PSP),TANJUNG PAUH/SUNGAI POKAHAN"
PO1000006176,PERSADA AGRO SAWITA,Jhagdra Group,Jhagdra,PERSADA AGRO SAWITA,,,Not RSPO Certified,,2019-10-31,-0.41125000000,102.35950000000,IDN,Indonesia,Riau,Indragiri Hulu,1-Fully Verified,,,"PEMATANG JAYA,,,,PERSADA AGRA SAWITA,,,,,,,,PERSADA AGRO SAWITA PT.,DANAU LAMO/MARO SEBO,,,,,"
PO1000006177,KECHAU A,FGV HOLDINGS BERHAD,FGV,FGV PALM INDUSTRIES SDN BHD,,,Not RSPO Certified,,2019-10-31,4.29293000000,102.07661000000,MYS,Malaysia,Pahang,Lipis,1-Fully Verified,,,"KECHAU A POM,KILANG SAWIT KECHAU 7,BAYUNG AGRO SAWITA,ABDI BUDI MULIA 452"
PO1000006178,ALIANZA DEL HUMEA S.A.S.,INPARME S.A.,INPARME,ALIANZA DEL HUMEA S.A.S.,,,Not RSPO Certified,,2019-10-31,4.26970000000,-72.98118000000,COL,Colombia,Meta,Cabuyaro,1-Fully Verified,,,"ALIANZA DEL HUMEA,,,,,,ALIANZA DEL HUMEA SAS"
PO1000006180,TINBARAP,SARAWAK OIL PALMS BERHAD,Sarawak Oil Palms,SARAWAK OIL PALMS BERHAD,,,Not RSPO Certified,,2019-10-31,4.02190000000,114.28760000000,MYS,Malaysia,Sarawak,Marudi,1-Fully Verified,,,"TINBARAP PALM OIL MILL,TINBARAP POM"
PO1000006181,TALANG JERINJING PALM,UNKNOWN,,TALANG JERINJING SAWIT,,,Not RSPO Certified,,2019-10-31,-0.46315000000,102.46722000000,IDN,Indonesia,Riau,Indragiri Hulu,1-Fully Verified,,,"TALANG JERINJING SAWIT,TALANG JERINJING,,TALANG JERINJING (TJS),,,,,,,,,,,PT. TALANG JERINJING SAWIT,,,,"
PO1000006182,KARIMUN AROMATICS,UNKNOWN,,KARIMUN AROMATICS,,,Not RSPO Certified,,2019-10-31,4.01308000000,98.14952000000,IDN,Indonesia,Sumatera Utara,Langkat,1-Fully Verified,Karimun Aromatics,,"KARIMUN KARIMUN AROMATICS,PT KARIMUN AROMATICS,KARIMUN  AROMATICS,,,JAYA PALMA NUSANTARA,,,,ABDI BUDI MULIA 435"
PO1000006184,SUMATERA MAKMUR LESTARI,INCASI RAYA (GUNAS),Incasi Raya Group (IRG),SUMATERA MAKMUR LESTARI,,,Not RSPO Certified,,2019-10-31,-0.66200000000,102.34500000000,IDN,Indonesia,Riau,Indragiri Hulu,1-Fully Verified,,,"SUMATERA MAKMUR LESTARI (RIAU),,,,BINA SAWIT NUSANTARA,,,,,,,,SUMATERA MAKMUR LESTARI (RI,SUMATERA MAKMUR LESTARI*,SUMATERA MAKMUR LESTARI (PEJANGKI)"
PO1000006186,SIJUNJUNG,SUPERVENTURE,Bintang Utama Lestari,KEMILAU PERMATA SAWIT,,,Not RSPO Certified,,2019-10-31,-0.90378000000,101.39814000000,IDN,Indonesia,Sumatera Barat,Sijunjung,1-Fully Verified,,,"KEMILAU PERMATA SAWIT (SIJUNJUNG),,KEMILAU PERMATA SAWIT,KEMILAU PERMATA SAWIT - SIJUNJUNG,BERLIAN INTI MEKAR - PALEMBANG,,KEMILAU PERMATA SAWIT
(SIJUNJUNG),PT KEMILAU PERMATA SAWIT,,,,"
PO1000006188,BUMI JAYA,GOODHOPE,Goodhope,AGRO INDOMAS,,,Not RSPO Certified,,2019-10-31,-1.01482000000,116.68954000000,IDN,Indonesia,Kalimantan Timur,Penajam Paser Utara,1-Fully Verified,,,"BUMI JAYA MILL,BUKIT RAYA,AGRO INDOMAS-BUMI JAYA,AGRO INDOMAS (BUMI JAYA),,AGRO INDOMAS (PKS BUMI JAYA),PT AGRO INDOMAS - BUMI JAYA MILL"
PO1000006189,TIAN SIANG PAHANG,TIAN SIANG HOLDINGS SDN BHD,Tian Siang Holdings,TIAN SIANG OILL MILL (PAHANG) SDN BHD,,,Not RSPO Certified,,2019-10-31,3.98650000000,101.79249000000,MYS,Malaysia,Pahang,Raub,1-Fully Verified,,,"TIAN SIANG OIL MILL (PAHANG) SDN BHD,TIAN SIANG HOLDINGS SDN BHD,TIAN SIANG (PAHANG),TIAN SIANG OIL MILL (PAHANG) SDN
BHD,TIAN SIANG
OIL  MILL
(PAHANG)
SDN BHD,TIAN SIANG OIL
MILL (PAHANG)
SDN BHD,,,,TIAN SIANG OIL MILL (PAHANG) SDN. BHD.,TIAN SIANG OIL MILL (PAHANG) SDN. BHD.,TIAN SIANG OIL MILL ( PAHANG) SDN BHD,TIAN SIANG
OIL MILL
(PAHANG)
SDN BHD,TIAN SIANG RAUB POM,TIAN SIANG GROUP,,,,,TIAN SIANG OIL MILL (PAHANG) SDN.
BHD.,TIAN SIANG PAHANG POM"
PO1000006192,ANSON OIL INDUSTRIES,MHC PLANTATIONS BHD,MHC Plantations,ANSON OIL INDUSTRIES SDN BHD,,,Not RSPO Certified,,2019-10-31,3.95556000000,101.19900000000,MYS,Malaysia,Perak,Hilir Perak,1-Fully Verified,,,"ANSON OIL,ANSON PALM OIL MILL SDN BHD,ANSON OIL INDUSTRIES SDN. BHD.,ANSON OIL
INDUSTRIES SDN.
BHD,,,ANSON OIL INDUSTRIES SDN BHD,ANSON OIL
INDUSTRIES SDN. BHD,AGRINA SAWIT PERDANA,,,,ANSON OIL INDUSTRIES SDN.
BHD."
PO1000006194,KEMA DEVELOPMENT,KEMA DEVELOPMENT SDN BHD,KEMA DEVELOPMENT,KEMA DEVELOPMENT SDN BHD,,,Not RSPO Certified,,2019-10-31,3.72928000000,102.88877000000,MYS,Malaysia,Pahang,Kuantan,1-Fully Verified,,,"SRI JAYA,KEMA DEVELOPMENT SDN BHD,K.K.S. KEMA DEVELOPMENT SDN. BHD.,K.K.S.KEMA DEVELOPMENT SDN.BHD.
(SRI JAYA PALM OIL MILL),,,K.K.S.KEMA DEVELOPMENT SDN.BHD. (SRI
JAYA PALM OIL MILL),,,,,K.K.S. KEMA DEVELOPMENT SDN.
BHD.,,KILANG KELAPA SAWIT SDN BHD,,K.K.S.KEMA DEVELOPMENT SDN.BHD.,K.K.S.KEMA DEVELOPMENT SDN.BHD. (SRI JAYA PALM OIL MILL),KEMA,K.K.S.KEMA DEVELOPMENT SDN.BHD. (SRI JAYA P,KEMA DEVELOPMENTS,,,,KERNS DEVELOPMENT SDN BHD,SRI JAYA PALM OIL MILL,K.K.S.KEMA DEVELOPMENTSDN.BHD. (SRI JAYA PALM OIL MILL),K.K.S.KEMA DEVELOPMENT SDN.BHD. (SRI
JAYA PALM OIL MILL)"
PO1000006195,DENDE DO PARA SA DENPASA,UNKNOWN,,DENDE DO PARA S A DENPASA,,,Not RSPO Certified,,2019-10-31,-1.19072000000,-48.12167000000,BRA,Brazil,Pará,Santo Antônio do Tauá,1-Fully Verified,,,"DENDE DO PARA DENPASA,DENPASA"
PO1000006198,SUKSES TANI SUBUR,ASTRA AGRO LESTARI,Astra Agro Lestari (AAL),SUKSES TANI NUSASUBUR,,,Not RSPO Certified,,2019-10-31,-1.38120000000,116.47466000000,IDN,Indonesia,Kalimantan Timur,Penajam Paser Utara,1-Fully Verified,,,SUKES TANI NUSASUBUR
PO1000006199,SRI SENGGORA,SERN LEE ENTERPRISE SDN BHD,SERN LEE ENTERPRISE,SRI SENGGORA KILANG KELAPA SAWIT SDN BHD,,,Not RSPO Certified,,2019-10-31,3.60373000000,102.91767000000,MYS,Malaysia,Pahang,Pekan,1-Fully Verified,,,"SERN LEE ENTERPRISE SDN BHD,SBRHI DSENGGORA,SRI SENGGORA KILANG KELAPA SAWIT SDN. BHD.,SRI SENGGORA KILANG KELAPA SAWIT
S/B.,,SRI SENGGORA KILANG KELAPA SAWIT S/B.,SRI SENGGORA KILANG KELAPA SAWIT
SDN. BHD.,SRI SENGGORA KILANG KELAPA SAWIT SDN
BHD (29679-W),,,,SRI SENGGORA KILANG KELAPA SAWIT SDN.
BHD.,SRI SENGGORA KILANG KELAPA
SAWIT SDN. BHD.,,SRI SENGGORA KILANG KELAPA SAWIT SDN.,SRI SENGGORA KILANG KELAPA SAWIT SDN.,,SRI SENGGORA KILANG KELAPA
SAWIT SDN BHD,SRI SENGGORA KILANG KELAPA SAWIT SDN.BHD.,SRI SENGGORA KILANG KELAPA SAWIT
SDN BHD (29679-W),MAS-BENGKALIS MILL,SRI SENGGORA SDN BHD,,,,SRT SENGGORA,SRI SENGGORA KILANG KELAPA SAWIT SDN BHD,SRI SENGGORA MILL,SRI SENGGORA KILANG KELAPA SAWIT,SRI SENGGORA KILANG KELAPASAWIT SDN BHD,SRI SENGGORA KILANG KELAPA SAWITS/B,SRI SENGGORA KILANG KELAPASAWIT S/B.,SRI SENGGORA
KILANG KELAPA
SAWIT SDN. BHD."
PO1000006200,MEJER AGROFLORESTAL,UNKNOWN,,BONITO - PA,,,Not RSPO Certified,,2019-10-31,-1.39361000000,-47.26222000000,BRA,Brazil,Pará,Bonito,1-Fully Verified,,,MEJER AGROFLORESTAL LTDA
PO1000006202,LANGKAT SAWITHIJAU PRATAMA,UNKNOWN,,LANGKAT SAWITHIJAU PRATAMA,,,Not RSPO Certified,,2019-10-31,3.49732000000,98.22469000000,IDN,Indonesia,Sumatera Utara,Langkat,1-Fully Verified,,,"LANGKAT SAWIT HIJAU PRATAMA,,,,,,,,,,,LANGKAT SAWITHIJAU PRATAMA  MILL,,RENGAS POM,LANGKAT SAWITHIJAU
PRATAMA,,,"
PO1000006204,SEMANTAN,NG CHIN SIU & SONS GROUP,NG CHIN SIU & SONS GROUP,KILANG MINYAK KELAPA SAWIT SEMANTAN SDN BHD,,,Not RSPO Certified,,2019-10-31,3.46923000000,102.31371000000,MYS,Malaysia,Pahang,Temerloh,1-Fully Verified,Bukit Senorang,,"S SEDMNA BNHTDAN,K.K.S. SEMANTAN,KKS SEMANTAN,KILANG MINYAK
KELAPA SAWIT
SEMANTAN SDN.
BHD.,,KILANG MINYAK KELAPA SAWIT SEMANTAN
SDN BHD,,,SEMANTAN OIL MILL,,S SEDMNA BNHTADN,,KILANG MINYAK KELAPA SAWIT SEMANTAN SDN BHD,KILANG MINYAK KELAPA SAWIT
SEMANTAN SDN. BHD.,,,,NG CHIN SIU & SONS GROUP,KILANG MINYAK KELAPA SAWIT SEMANTAN SDN.
BHD.,KILANG MINYAK KELAPA SAWITSEMANTAN"
PO1000006205,SEKIET KALTIM,UNKNOWN,,SAHABAT SAWIT SEJAHTERA,,,Not RSPO Certified,,2019-10-31,-1.48406000000,116.31728000000,IDN,Indonesia,Kalimantan Timur,Paser,2-High Confidence,,,SAHABAT SAWIT SEJAHTERA
PO1000006206,CHARUK PUTTING,BELL GROUP,BELL GROUP,KILANG SAWIT C.P. SDN BHD,,,Not RSPO Certified,,2019-10-31,3.44009000000,102.48987000000,MYS,Malaysia,Pahang,Temerloh,1-Fully Verified,,,"KILANG KELAPA SAWIT CHARUK PUTTING,KILANG SAWIT T C. P. SDN BHD,KILANG SAWIT CHARUK PUTTING SDN BHD,KILANG SAWIT C. P. SDN BHD,K.K.S CHARUK PUTING,,KILANG KELAPA SAWIT LKPP, KAMPUNG
CHAROK PUTING, TEMERLOH, 28000,
TEMERLOH, PAHANG.,KILANG KELAPA SAWIT LKPP, KAMPUNG
CHAROK PUTING, TEMERLOH, 28000,
TEMERLOH, PAHANG.,,KILANG KELAPA SAWIT LKPP, KAMPUNG
CHAROK PUTING, TEMERLOH, 28000,
TEMERLOH, PAHANG.,,KILANG SAWIT CHARUK PUTTING,CHAROK PUTING,KILANG SAWIT C.P. SDN BHD,,,,KILANG KELAPA SAWIT LKPP, KAMPUNG
CHAROK PUTING, TEMERLOH, 28000,
TEMERLOH, PAHANG.,KKS CHARUK PUTTING,KKS CHARUK PUTTING,BELL GROUP,,KILANG SAWIT CP - MILL,KILANG SAWIT C.P. (CHARUK PUTTING),KILANG SAWIT C.P. SDN. BHD.,CHARUK PUTTING PALM OIL MILL,,,,KILANG SAWIT C.P
SDN BHD"
PO1000006208,CITRA SAWIT HARUM,HARUM AGRO,HARUM AGRO,CITRA SAWIT HARUM,,,Not RSPO Certified,,2019-10-31,-1.74247000000,102.05447000000,IDN,Indonesia,Jambi,Bungo,2-High Confidence,,,",,,,,,,,,,PT CITRA SAWIT HARUM,"
PO1000006210,HARAPAN SAWIT SEJAHTERA,UNKNOWN,PTPN III,HARAPAN SAWIT SEJAHTERA,,,Not RSPO Certified,,2019-10-31,-1.75272000000,116.12089000000,IDN,Indonesia,Kalimantan Timur,Paser,1-Fully Verified,,,"GUNUNG TUA ABADI (HARAPAN SAWIT SEJAHTERAH),GUNUNG TUA ABADI (HARAPAN SAWIT SEJAHTERAH).,HARAPAN SAWIT SEJAHTERAH,HARAPAN SAWIT SEJAHTERAH PT.,"
PO1000006211,PUJAAN MAKMUR,TIAN SIANG HOLDINGS SDN BHD,Tian Siang Holdings,PUJAAN MAKMUR OIL MILL SDN BHD,,,Not RSPO Certified,,2019-10-31,3.18175000000,102.45890000000,MYS,Malaysia,Pahang,Bera,1-Fully Verified,,,"PUJAAN MAKMUR SDN BHD,PUJAAN MAKMUR SDN. BHD.,,,,TIAN SIANG OIL MILL (TRIANG) SDN BHD
(FKA AS PUJAAN MAKMUR),,,,,TIAN SIANG TRIANG,PUJAAN MAKMUR SDN BHD - (TIANG
SIANG),TIAN SIANG OIL MILL (TRIANG) SDN BHD (FKA AS PUJAAN MAKMUR),TIAN SIANG OIL MILL (TRIANG) SDN BHD (FKA AS PUJAAN MAKMUR),PUJAAN,TIAN SIANG OIL MILL (TRIANG) SDN BHD,TIAN SIANG GROUP,,,,PUJAAN MAKMUR SDN.
BHD.,,TIAN SIANG OIL MILL (TRIANG) SDN.
BHD.,PUJAAN MAKMUR SDN BHD - (TIANG SIANG),TIAN SIANG OIL MILL (TRIANG)"
PO1000006212,SURYA UTAMA AGROLESTARI,UNKNOWN,,SURYA UTAMA AGROLESTARI,,,Not RSPO Certified,,2019-10-31,-1.80506000000,103.43058000000,IDN,Indonesia,Jambi,Muaro Jambi,2-High Confidence,,,",,,PINANG WITMAS SEJATI,,,,,,,,SDARBY - ULU REMIS,SURYA UTAMA
AGROLESTARI,,,,,"
PO1000006213,GOLCONDA,SOUTHERN GROUP,SOUTHERN GROUP,SOUTHERN REALTY (MALAYA) SDN BHD,,,Not RSPO Certified,,2019-10-31,3.13941000000,101.38792000000,MYS,Malaysia,Selangor,Klang,1-Fully Verified,,,"SOUTHERN GROUP,SOUTHERN REALTY - GOLCONDA,K.K.S. GOLCONDA,GOLCONDA PALM OIL MILL,,SOUTHERN REALTY SDN BHD,,RETUS POM,,,,GOLCONDA PALM
OIL MILL"
PO1000006217,MARBORGES,UNKNOWN,Marborges,MARBORGES AGROINDUSTRIA SA,,,Not RSPO Certified,,2019-10-31,-1.98867000000,-48.60660000000,BRA,Brazil,Pará,Moju,2-High Confidence,,,MARBORGES AGROINDUSTRIA SA - MOJU
PO1000006218,BIOPALMA DA AMAZÔNIA S/A MILL 02,VALE,VALE,BIOPALMA DA AMAZÔNIA S.A. REFLORESTAMENTO INDÚSTRIA E COMÉRCIO,,,Not RSPO Certified,,2019-10-31,-2.04889000000,-48.27853000000,BRA,Brazil,Pará,Acará,2-High Confidence,,,"BIOPALMA DA AMAZÃ ́NIA 2,BIOPALMA DA AMAZÔNIA 2,BIOPALMA DA AMAZONIA 2,BIOPALMA DA AMAZÃ´NIA 2,BÚISOTPRIAL ME AC ODMA AÉRMCIAOZÔNIA S/A MILL 02"
PO1000006222,TAPAN,SUPERVENTURE,Bintang Utama Lestari,KEMILAU PERMATA SAWIT,,,Not RSPO Certified,,2019-10-31,-2.20169000000,101.08739000000,IDN,Indonesia,Sumatera Barat,Pesisir Selatan,1-Fully Verified,,,"KEMILAU PERMATA SAWIT (TAPAN),,KEMILAU PERMATA SAWIT – TAPAN,KEMILAU PERMATA SAWIT TAPAN,KEMILAU PERMATA SAWIT(TAPAN),,,,,,,,,,,PT KEMILAU PERMATA SAWIT"
PO1000006223,ENG HONG,ENG HONG PALM OIL MILL SDN BHD,ENG HONG PALM OIL MILL,ENG HONG PALM OIL MILL SDN BHD,,,Not RSPO Certified,,2019-10-31,2.85984000000,101.47440000000,MYS,Malaysia,Selangor,Kuala Langat,1-Fully Verified,,,"ENG HONG PALM OIL MILL SDN.BHD,ENG HONG PALM OIL MILL SDN BHD,KILANG KELAPA SAWIT ENG HONG
SDN.BHD.,KILANG KELAPA SAWIT ENG HONG SDN BHD,,KILANG KELAPA SAWIT ENG HONG SDN.BHD.,KILANG KELAPA SAWIT ENG HONG SDN
BHD,,,ENG HONG PALM OIL MILL,KILANG KELAPA SAWIT ENG HONG
SDN BHD,ENG HONG PALM OIL MILL SDN.BHD.,,KILANG KELAPA SAWIT ENG HONG SDN.,KILANG KELAPA SAWIT ENG HONG SDN.,KILANG KELAPA SAWIT SDN BHD,,ENG HONG S/B,KILANG KELAPA SAWIT ENG HONG SDN. BHD.,KILANG KELAPA SAWIT ENG HONG SDN.
BHD.,,,KILANG KELAPA SAWIT
ENG HONG SDN.BHD.,,ENG HONG SDN BHD,KILANG KELAPA SAWIT ENG HONG SDN.
BHD.,KILANG KELAPA SAWIT ENG HONGSDN.BHD."
PO1000006224,BIOPALMA DA AMAZÔNIA S/A MILL 01,VALE,VALE,BIOPALMA DA AMAZÔNIA S.A. REFLORESTAMENTO INDÚSTRIA E COMÉRCIO,,,Not RSPO Certified,,2019-10-31,-2.23261000000,-48.86022000000,BRA,Brazil,Pará,Moju,2-High Confidence,,,"BIOPALMA DA AMAZÃ ́NIA 1,BIOPALMA DA AMAZÔNIA 1,BIOPALMA MOJÃŠ,BIOPALMA MOJÚ,BÚISOTPRIAL ME AC ODMA AÉRMCIAOZÔNIA S/A MILL 01,BÚISOTPRIAL ME AC ODMA AÉRMCIAOZÔNIA S/A MILL 01,BIOPALMA DA AMAZÔNIA S/AMILL 01,BIOPALMA DA AMAZONIA S.A. MILL 01"
PO1000006225,KARANG AGUNG,MAKIN,Dhanistha ,BANYU KAHURIPAN INDONESIA,,,Not RSPO Certified,,2019-10-31,-2.26100000000,104.31269000000,IDN,Indonesia,Sumatera Selatan,Musi Banyuasin,1-Fully Verified,,,"BANYU KAHURIPAN INDONESIA (KARANG AGUNG),BANYU KAHURIPAN INDONESIA,SIRIHAM,AGUNG),BANYU KAHURIPAN INDONESIA PT.,,BANYU KAHURIPAN INDONESIA (KARANG
AGUNG),,BANYU KAHURIPAN INDONESIA  PT.,ABDI BUDI MULIA 434"
PO1000006226,SARASWANTI SAWIT MAKMUR,SARASWANTI,SARASWANTI,SARASWANTI SAWIT MAKMUR,,,Not RSPO Certified,,2019-10-31,-2.26694000000,116.01500000000,IDN,Indonesia,Kalimantan Timur,Paser,2-High Confidence,,,KERANG DAYO MILL
PO1000006227,BANGUN JAYA ALAM PERMAI PKS 1,BEST INDUSTRY,Best,BANGUN JAYA ALAM PERMAI,,,Not RSPO Certified,,2019-10-31,-2.29950000000,111.97371000000,IDN,Indonesia,Kalimantan Tengah,Kotawaringin Barat,1-Fully Verified,,,BANGUN JAYA ALAM PERMAI
PO1000006230,SAFIR,EAGLE HIGH PLANTATIONS,Eagle High Plantations (EHPT),PESONALINTAS SURASEJATI,,,Not RSPO Certified,,2019-10-31,-2.622260,116.156780,IDN,Indonesia,Kalimantan Selatan,Kota Baru,1-Fully Verified,,,"PESONALINTAS SURASEJATI SAFIR,,,,"
PO1000006231,SUTOPO LESTARI JAYA,UNKNOWN,,SUTOPO LESTARI JAYA,,,Not RSPO Certified,,2019-10-31,-2.79548000000,104.73595000000,IDN,Indonesia,Sumatera Selatan,Banyu Asin,1-Fully Verified,,,
PO1000006232,TRANSPACIFIC AGRO INDUSTRY,PROVIDENT AGRO,STA,TRANSPACIFIC AGRO INDUSTRY,,,Not RSPO Certified,,2019-10-31,-2.80250000000,104.89694000000,IDN,Indonesia,Sumatera Selatan,Banyu Asin,2-High Confidence,,,"TRANSPACIFIC AGRO INDUSTRI,PKMS UPANG JAYA"
PO1000006234,CENDERAWASIH,Prosper,Prosper Group,Prosper,,,Not RSPO Certified,,2019-10-31,2.77809000000,102.96200000000,MYS,Malaysia,Pahang,Rompin,1-Fully Verified,,,"LIAN HUP OIL MILL,KILANG KELAPA SAWIT LIAN HUP,,,,KS RISDA U. KERATONG,,,HARN LEN (LIAN HUP OIL MILL),CENDERAWASIH,CENDERAWASIH,CENDERAWASIH,CENDERAWASIH,CENDERAWASIH,CENDERAWASIH,CENDERAWASIH,CENDERAWASIH,CENDERAWASIH,CENDERAWASIH,CENDERAWASIH,CENDERAWASIH,CENDERAWASIH,CENDERAWASIH,,LIAN HUP POM,CENDERAWASIH (LIAN HUP),CENDERAWASIH (LIAN HUP),CENDERAWASIH (LIAN HUP) PALM OIL MILL,CENDERAWASIH PALM OIL MILL,CENDERAWASIH POM"
PO1000006236,HASNUR CITRA TERPADU,HASNUR,HASNUR,HASNUR CITRA TERPADU,,,Not RSPO Certified,,2019-10-31,-2.96164000000,114.98717000000,IDN,Indonesia,Kalimantan Selatan,Tapin,1-Fully Verified,,,
PO1000006237,UNIT TALANG SAWIT,PTPN III,PTPN III,PERKEBUNAN NUSANTARA VII,,,Not RSPO Certified,,2019-10-31,-2.96878000000,104.12181000000,IDN,Indonesia,Sumatera Selatan,Musi Banyuasin,1-Fully Verified,,,"TALANG SAWIT,TALANGSAWIT,BUNGA MAYANG,PKS TALANG SAWIT,PTPN VII - TALANG SAWIT,PERKEBUNAN NUSANTARA VII (TALANG SAWIT),,PERKEBUNAN NUSANTARA VII (TALANG"
PO1000006239,SUNGAI NIRU,PTPN III,PTPN III,PERKEBUNAN NUSANTARA VII,,,Not RSPO Certified,,2019-10-31,-3.48742000000,104.03591000000,IDN,Indonesia,Sumatera Selatan,Muara Enim,1-Fully Verified,,,"SRI ANDAL LESTARI,PERKEBUNAN NUSANTARA VII (SUNGAI NIRU),PERKEBUNAN NUSANTARA VII (SUNGAI"
PO1000006240,SUNGAI LENGI,PTPN III,PTPN III,PERKEBUNAN NUSANTARA VII,,,Not RSPO Certified,,2019-10-31,-3.54847000000,103.84418000000,IDN,Indonesia,Sumatera Selatan,Muara Enim,1-Fully Verified,,,"PTPN VII,PTPN VII - SUNGAI LENGI,PERKEBUNAN NUSANTARA VII (SUNGAI LENGI),,PERKEBUNAN NUSANTARA VII (SUNGAI"
PO1000006241,ULU KANCHONG,GAN TENG SIEW REALTY SDN BHD,Gan Teng Siew Realty,GAN TENG SIEW REALTY SDN BHD,,,Not RSPO Certified,,2019-10-31,2.58264000000,101.99794000000,MYS,Malaysia,Negeri Sembilan,Seremban,1-Fully Verified,,,"GAN TENG SIEW REALTY SDN BHD,KILANG KELAPA SAWIT ULU KANCHONG,GAN TENG SIEW REALTY,ULU KANCHONG PALM OIL MILL,KILANG KELAPA SAWIT ULU
KANCHONG,,,,,,,GAN TENG SIEW REALTY SDN.BHD.,GAN TENG SIEW,,,,,,,,KILANG KELAPA SAWIT
ULU KANCHONG,,ULU KANCHONG PALM 0IL MILL,KILANG KELAPA SAWIT ULUKANCHONG"
PO1000006242,BELL SRI LINGGA,BELL GROUP,BELL GROUP,BELL SRI LINGGA SDN BHD,,,Not RSPO Certified,,2019-10-31,2.37764000000,101.98532000000,MYS,Malaysia,Melaka,Alor Gajah,1-Fully Verified,,,"BELL SRI LINGGA SDN BHD,BELL SRI LINGGI SDN BHD,KILANG KELAPA SAWIT BELL SRI
LINGGA,,KILANG KELAPA SAWIT BELL SRI LINGGA,,,BELL SRI LINGGA SDN. BHD.,,,,KILANG KELAPA SAWIT SRI LINGGA,KILANG KELAPA SAWIT SRI LINGGA,BELL GROUP,,BELL SRI LINGGI,,,KILANG KELAPA SAWIT
BELL SRI LINGGA,,,,BELL-SRI LINGGA SDN BHD,KILANG KELAPA SAWIT BELL SRILINGGA"
PO1000006244,KINTAP,MAKIN,Makin,POLA KAHURIPAN INTI SAWIT,,,Not RSPO Certified,,2019-10-31,-3.81044000000,115.17294000000,IDN,Indonesia,Kalimantan Selatan,Tanah Laut,1-Fully Verified,,,"POLA KAHURIPAN INTI SAWIT (KINTAPURA),POLA KAHURIPAN INTI SAWIT,KINTAPURA,,,,POLA KAHURIPAN INTI SAWIT (KINTAP),EPA - SINDORA,POLA KAHURIPAN INTI SAWIT - KINTAPURA,POLA KAHURIPAN INTI
SAWIT,,,POLA KAHURIPAN INTI SAWIT -"
PO1000006246,KINTAP JAYA WATTINDO,J.A. WATTIE (JAWA),J.A. WATTIE (JAWA),KINTAP JAYA WATTINDO,,,Not RSPO Certified,,2019-10-31,-3.89853000000,115.20507000000,IDN,Indonesia,Kalimantan Selatan,Tanah Laut,2-High Confidence,,,KINTAP
PO1000006247,AEK NOPAN,UNKNOWN,MEWAH,KENCANA INTI PERKASA,,,Not RSPO Certified,,2019-10-31,2.56751000000,99.57845000000,IDN,Indonesia,Sumatera Utara,Labuhanbatu Utara,1-Fully Verified,,,"KENCANA INTI PERKASA,PT KENCANA INTI PERKASA,,,KENCANA INTL PERKASA,,,,,LABUHAN BATU PALM OIL MILL,,,KENCANA INTI PERKASA - AEK NOPAN"
PO1000006249,JORONG FACTORY,SINAR ALAM,SINAR ALAM,CITRA PUTRA KEBUN ASRI,,,Not RSPO Certified,,2019-10-31,-3.94361000000,114.95333000000,IDN,Indonesia,Kalimantan Selatan,Tanah Laut,1-Fully Verified,,,"CITRAPUTRA KEBUNASRI,JORONG (CPKA),,,,JORONG,,"
PO1000006251,BUMIRAYA INVESTINDO,GOLDEN PLANTATION,GOLDEN,BUMIRAYA INVESTINDO,,,Not RSPO Certified,,2019-10-31,-3.96556000000,116.09861000000,IDN,Indonesia,Kalimantan Selatan,Kota Baru,1-Fully Verified,,,
PO1000006257,NUBIKA JAYA,PERMATA HIJAU,Permata Hijau Group (PHG),NUBIKA JAYA,,,RSPO Certified,"RSPO Certified, MB",2019-10-31,1.94833000000,100.10114000000,IDN,Indonesia,Sumatera Utara,Labuhanbatu Selatan,1-Fully Verified,,,"BLOK SONGO,NUBIKA JAYA - BLOK SONGO"
PO1000006258,BALAM,SALIM GROUP,Salim,SALIM IVOMAS PRATAMA,,,Not RSPO Certified,,2019-10-31,1.76208000000,100.62086000000,IDN,Indonesia,Riau,Rokan Hilir,1-Fully Verified,,,"BALAM (SIP),PT BALAM"
PO1000006259,MERIDAN SEJATI SURYA PLANTATION BANGSAL ACEH,FIRST RESOURCES,First Resources (FR),MERIDAN SEJATISURYA PLANTATION,,,Not RSPO Certified,,2019-10-31,1.72350000000,101.37894000000,IDN,Indonesia,Riau,Dumai,1-Fully Verified,,,"ADHITYA SERAYA KORITA,MERIDAN SEJATISURYA PLANTATION - BA MILL,MERIDAN SEJATI SURYA PLANTATION (BANGSAL ACEH),BANGSAL ACEH,MERIDAN SEJATISURYA PLANTATION - BA
MILL,OBANNGSAL ACEH,OBANNGSAL ACEH,MERIDAN SEJATI SURYA PLANTATION - BANGSAL ACEH,MERIDAN SEJATISURYA PLANTATION (BANGSAL ACEH),MERIDAN SEJATISURYA PLANTATION
(BANGSAL ACEH),MERIDAN SE ATISURYA PLANTATION - BA
MILL,MERIDAN SEJATI SURYA PLANTATIONBANGSAL ACEH,MERIDAN SEJATISURYA PLANTATION -,MERIDAN SEJATISURYA PLANTATION - BAMILL,MERIDAN SEJATISURYA PLANTATION -BA MILL"
PO1000006261,FRUIT EXPRESS,PH PALM EXPRESS CORPORATION,PH PALM EXPRESS CORPORATION,PH PALM EXPRESS SDN BHD,,,Not RSPO Certified,,2019-10-31,1.59742000000,104.21333000000,MYS,Malaysia,Johor,Kota Tinggi,3-Low Confidence,,,"PH MULTIMAX GROUP,PH PALM EXPRESS SDN. BHD.,PH PALM EXPRESS,,"
PO1000006264,HAPESONG,PTPN III,PTPN III,PERKEBUNAN NUSANTARA III,PTPN III,,RSPO Certified,"RSPO Certified, MB",2019-10-31,1.45198000000,99.06847000000,IDN,Indonesia,Sumatera Utara,Tapanuli Selatan,1-Fully Verified,,,"HAPESONG MILL,PTPN III,PERKEBUNAN NUSANTARA III (HAPESONG),,,,"
PO1000006266,YUDHA WAHANA ABADI,TRIPUTRA AGRO PERSADA,TAP,YUDHA WAHANA ABADI,,,Not RSPO Certified,,2019-10-31,1.44075000000,117.21270000000,IDN,Indonesia,Kalimantan Timur,Berau,1-Fully Verified,,,"YUDHA WAHANA ABADI, PT.,YUDHA WAHANA ABADI, PT.,YUDHA WAHANA ABADI, PT.,YUDHA WAHANA ABADI PT.,PT YUDHA WAHANA ABADI,,,,,"
PO1000006268,TAMBUSAI,FIRST RESOURCES,First Resources (FR),PANCASURYA AGRINDO,,,Not RSPO Certified,,2019-10-31,1.15719000000,100.50833000000,IDN,Indonesia,Riau,Rokan Hulu,1-Fully Verified,,,"PANCASURYA AGRINDO (KEPEHUHAN),PANCASURYA AGRINDO MILL,PT PANCA SURYA AGRINDO TAMBUSAI MILL,PANCA SURYA AGRINDO,PANCASURYA AGRINDO,PANCASURYA AGRINDO,KEPEHUHAN"
PO1000006269,UNIT PABRIK HUTALOMBANG,PERMATA HIJAU,Permata Hijau Group (PHG),VICTORINDO ALAM LESTARI,,,Not RSPO Certified,,2019-10-31,1.13953000000,99.76809000000,IDN,Indonesia,Sumatera Utara,Padang Lawas,1-Fully Verified,,,"VICTORINDO ALAM LESTARI,VICTORINDO MANI LESTARI,VICTORINDO ALAMLESTARL,VICTORINDO ALARN LESTARI, PT.,VICTORINDO ALARN LESTARI, PT.,VICTORINDO ALAMLESTARI, PT.,VICTORINDO ALAMLESTARI, PT.,VICTORINDO ALAMLESTARI, PT.,VICTORINDO ALAMLESTARI, PT.,PT. VICTOR RINDO ALAM LESTARI,PT VICTORINDO ALAM LESTARI,PERMATA HIJAU SAWIT"
PO1000006293,AMPENAS,SALIM GROUP,Salim,GUNTA SAMBA,,,Not RSPO Certified,,2019-10-31,1.21352000000,117.80838000000,IDN,Indonesia,Kalimantan Timur,Kutai Timur,1-Fully Verified,,,
PO1000006294,KALIREJO LESTARI,SINAR JAYA AGRO INVESTAMA (SJAI),SINAR JAYA AGRO INVESTAMA (SJAI),KALIREJO LESTARI,,,Not RSPO Certified,,2019-10-31,-5.22871000000,104.94821000000,IDN,Indonesia,Lampung,Lampung Tengah,1-Fully Verified,,,"PT. KALIREJO LESTARI,,,,NILO,,,,"
PO1000006295,ANAK TUHA SAWIT MANDIRI,SINAR JAYA AGRO INVESTAMA (SJAI),SINAR JAYA AGRO INVESTAMA (SJAI),ANAKTUHA SAWIT MANDIRI,,,Not RSPO Certified,,2019-10-31,-5.09546000000,105.18682000000,IDN,Indonesia,Lampung,Lampung Tengah,1-Fully Verified,,,"PT. ANAKTUHA SAWIT MANDIRI,ANAKTUHA SAWIT MANDIRI,,,,,ANAKTUHA SAWITMANDIRI,,,"
PO1000006301,SINAR JAYA INTI MULYA,SINAR JAYA AGRO INVESTAMA (SJAI),SINAR JAYA AGRO INVESTAMA (SJAI),SINAR JAYA INTI MULYA,,,Not RSPO Certified,,2019-10-31,-5.06650000000,105.30200000000,IDN,Indonesia,Lampung,Metro,1-Fully Verified,,Crusher,"SINAR JAYA INTI MULYA, LAMPUNG,SINAR JAYA INTI MULYA, LAMPUNG,SINAR JAYA INTI MULYA 2"
PO1000006304,MUKAH,MUKAH KILANG KELAPA SAWIT SDN BHD,SETIA KAWAN KILANG KELAPA SAWIT,MUKAH KILANG KELAPA SAWIT SDN BHD,,,Not RSPO Certified,,2019-10-31,2.90611000000,112.30861000000,MYS,Malaysia,Sarawak,Mukah,1-Fully Verified,,,"MUKAH KILANG KELAPA SAWIT SDN BHD,,MUKAH KILANG KELAPA SAWIT,,,,,,,,RH SELANGAU PALM OIL MILL,,,SETIA KAWAN,,"
PO1000006305,KRABINOI MILL,LAM SOON (THAILAND),LAM SOON (THAILAND),UNITED PALM OIL INDUSTRY PUBLIC COMPANY LIMITED (UPOIC),,,Not RSPO Certified,,2019-10-31,8.19495000000,98.98438000000,THA,Thailand,Krabi,Muang Krabi,1-Fully Verified,,,
PO1000006309,MARIANGO,SALIM GROUP,Salim,KEBUN MANDIRI SEJAHTERA,,,Not RSPO Certified,,2019-10-31,-1.28094000000,116.63699000000,IDN,Indonesia,Kalimantan Timur,Penajam Paser Utara,1-Fully Verified,,,
PO1000006310,MEGA HIJAU LESTARI,UNKNOWN,,MEGA HIJAU LESTARI,,,Not RSPO Certified,,2019-10-31,-1.24075000000,116.64500000000,IDN,Indonesia,Kalimantan Timur,Penajam Paser Utara,1-Fully Verified,,,"MEGAH HIJAU LESTARI,,,"
PO1000006312,PALMA & TRABAJO SAS,DAABON GROUP,DAABON GROUP,PALMA & TRABAJO S.A.S.,,,RSPO Certified,"RSPO Certified, IP",2019-10-31,7.23849000000,-73.80009000000,COL,Colombia,Santander,Puerto Wilches,1-Fully Verified,,,"PALMA & TRABAJO,PALMA & TRABAJO S.A.S.,PALMATRA,,,,PALMA Y TRABAJO SAS"
PO1000006313,PROCESADORA DE ACEITE ORO ROJO LTDA,INDUPALMA,INDUPALMA,PROCESADORA DE ACEITE ORO ROJO LTDA,,,Not RSPO Certified,,2019-10-31,7.37609000000,-73.56854000000,COL,Colombia,Santander,Sabana de Torres,1-Fully Verified,,,"PROCESADORA DE ACEITE ORO ROJO,PROCESADORA DE ACEITE OROROJA,,,,ORO ROJO,PROCESADORA DE ACEITE ORO ROJO LTDA.,"
PO1000006316,PALMA SUR S.A.,PALMA SUR S.A.,Palma S.U.R. SA,PALMA SUR S.A.,,,Not RSPO Certified,,2019-10-31,16.42833000000,-90.34189000000,GTM,Guatemala,Petén,Sayaxché,1-Fully Verified,,,"PALMA SUR,,,,,,,,,,,"
PO1000006321,SEPANG (SOU 09A),SIME DARBY,Sime Darby Guthrie (SDGI),SIME DARBY PLANTATION BHD,Sime Darby Guthrie (SDGI),,Not RSPO Certified,,2019-10-31,2.67849000000,101.73196000000,MYS,Malaysia,Selangor,Sepang,1-Fully Verified,,,
PO1000006323,KERRY SAWIT INDONESIA 2,WILMAR,Wilmar,KERRY SAWIT INDONESIA,,,RSPO Certified,"RSPO Certified, MB",2019-10-31,-2.69695000000,112.48308000000,IDN,Indonesia,Kalimantan Tengah,Seruyan,1-Fully Verified,,,",,,,,,,,,,,"
PO1000006328,GUNA AGUNG SEMESTA,UNKNOWN,,GUNA AGUNG SEMESTA,,,Not RSPO Certified,,2019-10-31,0.98806000000,101.24345000000,IDN,Indonesia,Riau,Siak,1-Fully Verified,,,",,,GUNA AGUNG SERNESTA,,,,,,,,GUNA AGUNG SEMESTA PT."
PO1000006329,SUMBERIPA,NBPOL,NBPOL,KULA PALM OIL LTD - HIGATURU OIL PALMS,,,Not RSPO Certified,,2019-10-31,-8.76918000000,148.16079000000,PNG,Papua New Guinea,Oro,Sohe,1-Fully Verified,,,",,,,,,SUMBIRIPA MILL,SUMBERIPA*,MAMBA"
PO1000006331,HENRISON INTI PERSADA,NOBEL PLANTATION,NOBEL PLANTATION,HENRISON INTI PERSADA,,,Not RSPO Certified,,2019-10-31,-1.07490000000,131.56260000000,IDN,Indonesia,Papua Barat,Sorong,2-High Confidence,,,HENRISON INTI PERSADA (PAPUA)
PO1000006339,GREENGLORY CO,UNKNOWN,Green Glory Co.,GREENGLORY CO.,Green Glory Co.,,RSPO Certified,"RSPO Certified, IP, MB",2019-10-31,9.32035000000,99.12756000000,THA,Thailand,Surat Thani,Tha Chang,1-Fully Verified,,,"GREEN GLORY SURATHANI,GREEN GLORY CO LTD. SURATHANI,GREEN GLORY CO. LTD,GREEN GLORY CO LTD,GREENGLORY CO.,SURATHANI"
PO1000006340,UNIT BETUNG,PTPN III,PTPN III,PERKEBUNAN NUSANTARA VII,,,RSPO Certified,"RSPO Certified, MB",2019-10-31,-2.84894000000,104.16490000000,IDN,Indonesia,Sumatera Selatan,Banyu Asin,1-Fully Verified,,,"BETUNG (PN),BETUNG,PERKEBUNAN NUSANTARA VII (BETUNG BARAT),BETUNG BARAT,PTPN VII - BETUNG,PERKEBUNAN NUSANTARA VII (BETUNG),,,,,"
PO1000006344,BENGKAYANG,SALIM GROUP,Salim,MITRA INTISEJATI PLANTATION,,,Not RSPO Certified,,2019-10-31,1.16752000000,109.58609000000,IDN,Indonesia,Kalimantan Barat,Bengkayang,1-Fully Verified,,,MITRA INTISEJATI PLANTATION
PO1000006345,LUBUK BANYAU,GURITAS LINTAS SAMUDERA,GURITAS LINTAS SAMUDERA (GLS),SANDABI INDAH LESTARI,,,Not RSPO Certified,,2019-10-31,-3.30970000000,102.09260000000,IDN,Indonesia,Bengkulu,Bengkulu Utara,1-Fully Verified,Sandabi Indah Lestari,,"SANDABI INDAH LESTARI,,,,,"
PO1000006346,MERAPUN,SALIM GROUP,Salim,GUNTA SAMBA JAYA,,,Not RSPO Certified,,2019-10-31,1.37450000000,117.14447000000,IDN,Indonesia,Kalimantan Timur,Berau,1-Fully Verified,,,GUNTA SAMBA JAYA
PO1000006347,SABAJU,SARAWAK OIL PALMS BERHAD,Sarawak Oil Palms,SARAWAK OIL PALMS BERHAD,,,Not RSPO Certified,,2019-10-31,3.19748000000,113.50983000000,MYS,Malaysia,Sarawak,Bintulu,1-Fully Verified,,,"SABAJU PALM OIL MILL,SABAJU PALM OIL MILL,SABAJU POM"
PO1000006348,LEOK,BERCA / CIPTA CAKRA MURDAYA,BERCA / CIPTA CAKRA MURDAYA,HARDAYA INTI PLANTATIONS,,,Not RSPO Certified,,2019-10-31,1.02639000000,121.36083000000,IDN,Indonesia,Sulawesi Tengah,Buol,1-Fully Verified,,,"HARDAYA INTI PLANTATIONS,PT HARDAYA INTI PLANTATIONS - LEOK,,,SURYA UTAMA AGROLESTARI,,,,,PT HARDAYA INTI PLANTATIONS - LEOK MILL,,,,,ABDI BORNEO PLANTATION,HARDAYA INTI PLANTATIONS (LEOK),,,HARDAYA INTI PLANTATION"
PO1000006349,OLEAGINOSAS DE COLOMBIA LTDA / OLEOCOL,C.I BIOCOSTA S.A,C.I BIOCOSTA,OLECOCOL,,,Not RSPO Certified,,2019-10-31,4.29657000000,-73.04753000000,COL,Colombia,Meta,Cabuyaro,3-Low Confidence,,,"OLEAGINOSAS DE COLOMBIA LIMITADA,OLEOCOL,OLEAGINOSAS DE COLOMBIA LTDA / OLE,OLEAGINOSAS DE COLOMBIA LTDA /,OLEAGINOSAS DE COLOMBIA LTDA,OLEAGINOSAS DE COLOMBIA,OLEAGINOSAS EL OCOA,OLEAGINOSAS DE COLOMBIA LTDA /
OLEOCOL,"
PO1000006350,UNIPALMA S.A.,UNKNOWN,Unipalma,UNIPALMA S.A.,,,RSPO Certified,"RSPO Certified, MB",2019-10-31,4.22384000000,-73.25552000000,COL,Colombia,Meta,Cumaral,2-High Confidence,,,"UNIPALMA,,,,,,,,,,,,PLANTACIONES UNIPALMA DE LOS LLANOS S.A,PLANTACIONES UNIPALMA DE LOS LLANOS"
PO1000006353,RISDA DURIAN MAS,RISDA ESTATES SDN BHD,RISDA ESTATES,RISDA ESTATES SDN BHD,,,Not RSPO Certified,,2019-10-31,4.59509000000,103.20281000000,MYS,Malaysia,Trengganu,Dungun,2-High Confidence,,,"DURIAN MAS,,KILANG KELAPA SAWIT RISDA DURIAN MAS,KILANG KELAPA SAWIT RISDA DURIAN MAS,KILANG KELAPA SAWIT DURIAN MAS,KILANG SAWIT RISDA DURIAN MAS,KKS RISDA DURIAN MAS,KILANG SAWIT
DURIAN MAS,,,,,,,,,,,,,,TEE TEHH POM,,,,,RISDA,DURIAN MAS PALM OIL MILL,RISDA ESTATES SDN BHD (KKS DURIAN MAS),,,,RISDA DURIAN MAS PALM OIL MILL,,,RISDA DURIAN MAS POM"
PO1000006354,ARING B,FGV HOLDINGS BERHAD,FGV,FGV PALM INDUSTRIES SDN BHD,,,Not RSPO Certified,,2019-10-31,4.93640000000,102.42560000000,MYS,Malaysia,Kelantan,Gua Musang,1-Fully Verified,,,ARING B - KELANTAN
PO1000006356,SANGARA,NBPOL,NBPOL,KULA PALM OIL LTD - HIGATURU OIL PALMS,,,RSPO Certified,"RSPO Certified, IP",2019-10-31,-8.74339000000,148.19871000000,PNG,Papua New Guinea,Oro,Ijivitari,1-Fully Verified,,,",,,,,,,SANGARA MILL,SANGARA*,KULA PALM OIL LTD - HIGATURU OIL PALMS (PART OF NBPOL GROUP),KULA PALM OIL LTD - HIGATURU OIL PALMS (PART OF NBPOL GROUP),KULA PALM OIL LTD - HIGATURU OIL PALMS (PART OF NBPOL GROUP),HIGATURU SANGARA,SANG&A"
PO1000006357,AGROIPSA - JALAPA,GRUPO OLEOMEX (OLEOFINOS),GRUPO OLEOMEX,OLEOPALMA,,,RSPO Certified,"RSPO Certified, MB",2019-10-31,17.73921000000,-92.78387000000,MEX,Mexico,Tabasco,Jalapa,1-Fully Verified,,,"AGROIPSA ‐ JALAPA,AGROIPSA JALAPA,"
PO1000006362,KAPUASINDO PALM INDUSTRY,Kencana,Kencana Agri,BUANA TUNAS SEJAHTERA,BUANA TUNAS SEJAHTERA,,Not RSPO Certified,,2019-10-31,0.78499,111.779,IDN,Indonesia,Kalimantan Barat,Kapuas Hulu,1-Fully Verified,,,
PO1000006363,KIAN HOE PLANTATIONS,KIAN HOE PLANTATIONS BHD,KIAN HOE PLANTATIONS,KIAN HOE PLANTATIONS BHD,,,Not RSPO Certified,,2019-10-31,2.00626000000,103.30139000000,MYS,Malaysia,Johor,Keluang,1-Fully Verified,,,"KIAN HOE-CORONATION,CORONATION,KIAN HOE PLANTATIONS BERHAD"
PO1000006365,USAHA AGRO INDONESIA,SAMPOERNA AGRO,Sampoerna Agro,USAHA AGRO INDONESIA,,,RSPO Certified,"RSPO Certified, MB",2019-10-31,-2.68316000000,110.97544000000,IDN,Indonesia,Kalimantan Barat,Ketapang,1-Fully Verified,,,
PO1000006366,KAYUNG AGRO LESTARI,ANJ AGRO,ANJ AGRO,KAYUNG AGRO LESTARI,,,RSPO Certified,"RSPO Certified, MB",2019-10-31,-1.45051000000,110.23203000000,IDN,Indonesia,Kalimantan Barat,Ketapang,2-High Confidence,,,
PO1000006370,SAWITMAS NUGRAHA PERDANA,ASAM JAWA,Asam Jawa,SAWIT MAS NUGRAHA PERDANA,,,Not RSPO Certified,,2019-10-31,-2.65525000000,112.24646000000,IDN,Indonesia,Kalimantan Tengah,Seruyan,1-Fully Verified,,,"PT SAWITMAS NUGRAHA PERDANA,SAWITMAS NUGRAHAPERDANA"
PO1000006373,BUKIT ROTAN,BUKIT ROTAN PALM OIL MILLS,SOUTHERN GROUP,BUKIT ROTAN PALM OIL MILLS,,,Not RSPO Certified,,2020/09/01 00:00:00+00,3.301992,101.370751,MYS,Malaysia,Selangor,Kuala Selangor,1-Fully Verified, ,,
PO1000006376,WANASARI NUSANTARA,SOUTHERN ACIDS BERHAD,SOUTHERN ACIDS,WANASARI NUSANTARA,,,Not RSPO Certified,,2019-10-31,-0.28700000000,101.47180000000,IDN,Indonesia,Riau,Kuantan Singingi,1-Fully Verified,,,",,,,,,WANASARI
NUSANTARA,,,,,PADASA ENAM UTAMA,SOUTHERN BERHAD,,,,,,WANASARI NUSANTARA PALM OIL MILL"
PO1000006389,TRONG OIL MILL,BOUSTEAD PLANTATIONS BERHAD,Boustead,BOUSTEAD PLANTATIONS BERHAD,,,RSPO Certified,"RSPO Certified, IP",2019-10-31,4.67356000000,100.70815000000,MYS,Malaysia,Perak,Larut and Matang,1-Fully Verified,,,"TRONG PALM OIL MILL,TERONG,TRP (TRONG OIL MILL),,TRONG,KILANG KELAPA SAWIT TRP,TERONG OIL MILL,,,,,BOUSTED TELOK SENGAT SDN BHD,,,,BOUSTEAD ESTATE AGENCY SDN BHD,BOUSTEAD ESTATE AGENCY SDN BHD,,GUNUNG SAHILAN MILL,,,KIM LOONG POM,,TRONG PALM 0IL MILL,,,BOUSTEAD ESTATES AGENCY SDN. BHD. -TRONG BUSINESS UNIT"
PO1000006502,KERATONG 09,FGV HOLDINGS BERHAD,FGV,FGV PALM INDUSTRIES SDN BHD,,,RSPO Certified,"RSPO Certified, MB",2019-10-31,2.96902700000,102.95800000000,MYS,Malaysia,Pahang,Rompin,2-High Confidence,,,"KILANG KELAPA SAWIT KERATONG 9,KERATONG 9,KERATONG 9 POM,,KILANG SAWIT KERATONG 9,KS KERATONG 9,,,,,,,,,,,,,,K.K.S. KERATONG 9,K.K.S. KERATONG 9,KISARAN MILL,FGV HOLDINGS BHD,"
PO1000006505,GUNTUNG IDAMAN NUSA 2,MUSIM MAS,Musim Mas,GUNTUNG IDAMAN NUSA,,,RSPO Certified,"RSPO Certified, IP",2019-10-31,0.05304000000,103.20761000000,IDN,Indonesia,Riau,Indragiri Hilir,1-Fully Verified,,,"PT. GUNTUNG IDAMAN NUSA 2,MUSIM MAS,GUNTUNG IDAMANNUSA 2,AGRO INTI KENCANAMAS POM,GUNTUNG IDAMAN NUSA
2,GUNTUNG IDAMAN
NUSA 2,GUNTUNG IDAMAN
NUSA 2,GUNTUNG IDAMAN
NUSA 2,GIN 2"
PO1000006576,BILALA PALM OIL MILL,OLAM INTERNATIONAL,Olam International,OLAM PALM GABON SA,,,RSPO Certified,"RSPO Certified, MB",2019-10-31,-1.65215500000,10.85452700000,GAB,Gabon,Ngounié,Tsamba Mangotsi,2-High Confidence,,,"MOUILA PALM OIL MILL,BILALA,PLANTA EXTRACTORA LEAN,MOUILA BILALA"
PO1000006652,TENGKALAT,MP EVANS,MP EVANS,GUNUNG PELAWAN LESTARI,,,RSPO Certified,"RSPO Certified, MB",2019-10-31,-1.62363000000,105.98857000000,IDN,Indonesia,Bangka Belitung,Bangka,1-Fully Verified,,,"GUNUNG PELAWAN LESTARI (TENGKALAT),,TENGAKALAT,,,KRIDATAMA LANCAR-SUKAMANDANG,,,,GUNUNG PELAWAN LESTARI,GUNUNG PELAWAN LESTARI,,,KHARISMA WIRAJAYA PALMA,SAWIT KALTIM LESTARI POM,,,,,GUNUNG PELAWAN LESTARI ((TENGKALAT),GUNUNG PELAWAN LESTARI - TENGKALAT"
PO1000006977,KASUARI,SINAR MAS,Sinar Mas,SINAR KENCANA INTI PERKASA,,,Not RSPO Certified,,2019-10-31,-2.97311000000,140.02992000000,IDN,Indonesia,Papua,Jayapura,1-Fully Verified,,,"SINAR KENCANA INTI PERKASA (KASUARI),SINAR KENCANA INTI PERKASA KASUARI,PT SINAR KENCANA INTI PERKASA - KASUARI,KASUARI
PT SINAR KENCANA INTI PERKASA -,"
PO1000006983,SUNGAI MAGALAU,UNKNOWN,,GOLDEN AGRI RESOURCES,,,Not RSPO Certified,,,-2.78526000,116.17140000,IND,Indonesia,Kalimatan Selatan,Kotra Baru,2-High Confidence,,,
PO1000006984,JALEMO,SINAR MAS,Sinar Mas,AGROLESTARI SENTOSA,,,Not RSPO Certified,,2019-10-31,-1.34820000000,113.50220000000,IDN,Indonesia,Kalimantan Tengah,Gunung Mas,1-Fully Verified,,,"AGROLESTARI SENTOSA (JALEMO),PT AGROLESTARI SENTOSA - JALEMO,,,,,,,,,,,,AGROLESTARI SENTOSA,,"
PO1000006989,KECHAU B,FGV HOLDINGS BERHAD,FGV,FGV PALM INDUSTRIES SDN BHD,,,RSPO Certified,"RSPO Certified, MB",2019-10-31,4.23917000000,102.10667000000,MYS,Malaysia,Pahang,Lipis,1-Fully Verified,,,"KS KECHAU B,KILANG SAWIT KECHAU B,,K.K.S KECHAU B,FGV HOLDINGS BERHAD,,,KECHAU B POM,KILANG KELAPA SAWIT FELDA KECHAU B,KILANG KELAPA SAWIT FELDA KECHAU B,FELDA GLOBAL VENTURE BHD,JAYA BARU PERTAMA,,,"
PO1000006992,PALONG TIMOR,FGV HOLDINGS BERHAD,FGV,FGV PALM INDUSTRIES SDN BHD,,,RSPO Certified,"RSPO Certified, MB",2019-10-31,2.73889000000,102.70500000000,MYS,Malaysia,Johor,Segamat,1-Fully Verified,,,"PALONG TIMUR,,PALONG TIMUR POM,KS PALONG TIMUR,KILANG SAWIT PALONG TIMOR,,,,,,,,,,KILANG KELAPA SAWIT PALONG TIMUR,,,,,K.K.S. PALONG TIMUR 3,K.K.S. PALONG TIMUR 3"
PO1000006998,SERTING HILIR,FGV HOLDINGS BERHAD,FGV,FGV PALM INDUSTRIES SDN BHD,,,RSPO Certified,"RSPO Certified, MB",2019-10-31,2.99778000000,102.47806000000,MYS,Malaysia,Negeri Sembilan,Jempol,1-Fully Verified,,,"KILANG SAWIT SERTING HILIR,KS SERTING HILIR,KILANG KELAPA SAWIT SERTING HILIR,KILANG KELAPA SAWIT SERTING HILIR,,,,,,,,,,,,,,K.K.S. SERTING HILIR,K.K.S. SERTING HILIR,FELDA GLOBAL VENTURE BHD,,BINTANG NAULI PRATAMA,,,,,,KS SERTING HILIR-
N.SEMBILAN"
PO1000007000,CHIKU,FGV HOLDINGS BERHAD,FGV,FGV PALM INDUSTRIES SDN BHD,,,RSPO Certified,"RSPO Certified, MB",2019-10-31,4.94194440000,102.20361110000,MYS,Malaysia,Kelantan,Gua Musang,1-Fully Verified,,,"KILANG SAWIT CHIKU,KILANG KELAPA SAWIT CHIKU,KS CHIKU,,,,FELDA PALM INDUSTRIES SDN BHD(CHIKU),K.K.S. CHIKU,CHIKU PALM OIL MILL,KTU/ PANGKALAN PISANG,FGVT-CHIKU,FGV HOLDINGS BHD,"
PO1000007049,RINWOOD PELITA PLANTATION,RIMBUNAN HIJAU GROUP,Rimbunan Hijau Group,RH SELANGAU PALM OIL MILL SDN BHD,,,Not RSPO Certified,,2019-10-31,2.51599000000,112.33116000000,MYS,Malaysia,Sarawak,Selangau,1-Fully Verified,,,
PO1000007051,MOSTYN (SOU 30B),SIME DARBY,Sime Darby Guthrie (SDGI),SIME DARBY PLANTATION BHD,Sime Darby Guthrie (SDGI),,Not RSPO Certified,,2019-10-31,4.66695000000,118.20346000000,MYS,Malaysia,Sabah,Kunak,1-Fully Verified,,,"SANG GUAN (KUNAK),SANG GUAN"
PO1000007052,SUBUR ARUM MAKMUR II,FIRST RESOURCES,First Resources (FR),SUBUR ARUM MAKMUR,,,Not RSPO Certified,,2019-10-31,0.97839000000,100.78260000000,IDN,Indonesia,Riau,Rokan Hulu,1-Fully Verified,,,"SUBUR ARUM MAKMUR 2,SUBUR ARUM MAKMUR 2 MILL,ANDIKA PERMATA SAWIT LESTARI,SANDAU POM,SUBUR ARUMMAKMUR - 2 MILL"
PO1000007053,TUNJUK LAUT,AWAN TIMUR GROUP,AWAN TIMUR GROUP,AWAN TIMUR MANAGEMENT SDN BHD,,,Not RSPO Certified,,2019-10-31,1.97370000000,103.97900000000,MYS,Malaysia,Johor,Kota Tinggi,2-High Confidence,,,"KKS TUNJUK LAUT,,AWAN TIMUR PALM OIL MILL
RESOURCES (JOHOR) SDN BHD,AWAN TIMUR MILL TERUNG PERAK,KILANG TUNJUK LAUT, PERUMAHAN
KILANG SAWIT TUNJUK LAUT, KOTA
TINGGI,81900 JOHOR,KILANG TUNJUK LAUT, PERUMAHAN
KILANG SAWIT TUNJUK LAUT, KOTA
TINGGI,81900 JOHOR,AWAN TIMUR,,KILANG TUNJUK LAUT, PERUMAHAN
KILANG SAWIT TUNJUK LAUT, KOTA
TINGGI,81900 JOHOR,,AWAN TIMUR PALM OIL MILL RESOURCES,KILANG TUNJUK LAUT, PERUMAHAN
KILANG SAWIT TUNJUK LAUT, KOTA
TINGGI,81900 JOHOR,,ABDI BUDI MULIA 1256"
PO1000007305,NACIONAL AGRO INDUSTRIAL S.A.,UNKNOWN,KH Regional Group Inc.,KH REGIONAL GROUP INC.,,,RSPO Certified,"RSPO Certified, IP",2019-10-31,16.22791300000,-90.15290000000,GTM,Guatemala,Petén,Las Pozas,1-Fully Verified,,,"PROCESADORA QUIRIGUA,NACIONAL AGRO INDUSTRIAL, S.A,NACIONAL AGRO INDUSTRIAL, S.A.,,,NACIONAL AGRO INDUSTRIAL, S.A,NACIONAL AGRO INDUSTRIAL, S.A.,,,,,NACIONAL AGRO INDUSTRIAL S.A,NACIONAL AGRO INDUSTRIAL, S.A.,NACIONAL AGRO INDUSTRIAL, S.A.,NACIONAL AGRO INDUSTRIAL, S.A.,NACIONAL AGRO INDUSTRIAL, S.A.,NACIONAL AGRO INDUSTRIAL, S.A.,NACIONAL AGRO INDUSTRIAL, S.A.,NACIONAL AGRO INDUSTRIAL, S.A.,NACIONAL AGRO INDUSTRIAL, S.A.,NACIONAL AGRO INDUSTRIAL, S.A.,NACIONAL AGRO INDUSTRIAL, S.A.,NACIONAL AGRO INDUSTRIAL, S.A,NACIONAL AGRO INDUSTRIAL, S.A,NACIONAL AGRO INDUSTRIAL, S.A.,NACIONAL AGRO INDUSTRIAL, S.A.,NACIONAL AGRO INDUSTRIAL, S.A.,NACIONAL AGRO INDUSTRIAL, S.A.,NACIONAL AGRO INDUSTRIAL, S.A.,NACIONAL AGRO INDUSTRIAL, S.A.,NACIONAL AGRO INDUSTRIAL, S.A,NACIONAL AGRO INDUSTRIAL, S.A,NACIONAL AGRO INDUSTRIAL, S.A,NACIONAL AGRO INDUSTRIAL, S.A.,NACIONAL AGRO INDUSTRIAL, S.A,NACIONAL AGRO INDUSTRIAL, S.A,NACIONAL AGRO INDUSTRIAL, S.A.,NACIONAL AGRO INDUSTRIAL, S.A.,NACIONAL AGRO INDUSTRIAL, S.A.,NACIONAL AGRO INDUSTRIAL, S.A.,NACIONAL AGRO INDUSTRIAL, S.A.,NAISA,NAISA,NAISA,NAISA,NAISA,NAISA,NAISA,NAISA,NAISA,NAISA,NACIONAL AGRO INDUSTRIAL, S.A,NACIONAL AGRO INDUSTRIAL S.A.,NACIONAL AGRO
INDUSTRIAL S. A.,NACIONAL AGRO INDUSTRIAL
S. A.,NACIONAL AGRO
INDUSTRIAL S.A.,NACIONAL AGRO INDUSTRIAL SA,NACIONAL AGRO INDUSTRIAL SA,,NACIONAL AGRO INDUSTRIAL SA,,NACIONAL AGRO INDUSTRIAL SA,,NACIONAL AGRO INDUSTRIAL S. A.,ABDI BUDI MULIA 690"
PO1000007396,MULTI PERSADA GATRA MEGAH,MUSIM MAS,Musim Mas,MULTI PERSADA GATRA MEGAH,,,RSPO Certified,"RSPO Certified, MB",2019-10-31,-0.77083300000,114.74122200000,IDN,Indonesia,Kalimantan Tengah,Barito Utara,1-Fully Verified,,,"MULTIPERSADA GATRAMEGAH,DAYA SEMESTA AGRO PERSADA"
PO1000007432,AGRO PALINDO SAKTI 2,WILMAR,Wilmar,AGRO PALINDO SAKTI,,,Not RSPO Certified,,2019-10-31,0.30300000000,110.19596000000,IDN,Indonesia,Kalimantan Barat,Sanggau,1-Fully Verified,,,"AGRO PALINDO SAKTI 2 (SANGGAU),DAYA LANDAK PLANTATION - AGRO PALINDO SAKTI 2 (SANGAU),,,,,,,DAYA LANDAK PLANTATION - AGRO
PALINDO SAKTI 2 (SANGAU),,,,,"
PO1000007433,AGROINPLA S.A.,UNKNOWN,AEXPALMA,AEXPALMA S.A. DE C.V.,,,Not RSPO Certified,,2019-10-31,-0.07265000000,-79.37150000000,ECU,Ecuador,Santo Domingo de los Tsachilas,La Concordia,2-High Confidence,,,"AGROINPLA,AGROIMPLA"
PO1000007434,AGROINCE LTDA Y CIA SCA,AGROINDUSTRIAS DEL SUR DEL CESAR LIMITADA,AGROINDUSTRIAS DEL SUR DEL CESAR LIMITADA,AGROINCE LTDA Y CIA SCA,,,RSPO Certified,"RSPO Certified, MB",2019-10-31,8.11031000000,-73.57463000000,COL,Colombia,Cesar,Río de Oro,1-Fully Verified,,,"AGROINCE,,,,,,AGROINCE LTDA & CIA SCA,,"
PO1000007436,MANGKALAPI,GOODHOPE,Goodhope,AGRO BUKIT,,,Not RSPO Certified,,2019-10-31,-3.45207000000,115.64248000000,IDN,Indonesia,Kalimantan Selatan,Tanah Bumbu,2-High Confidence,,,"AGRO BUKIT (HARAPAN MAKMUR),ADISURYA CIPTA LESTARI,ADISURYA CIPTA LESTARI (MANGKALAPI),SUNGAI BINTI,MUSTIKA POM,ADISURYA CIPTA LESTARI
(MANGKALAPI)"
PO1000007437,SINAR AGRO RAYA,MUSIM MAS,Musim Mas,SINAR AGRO RAYA,,,Not RSPO Certified,,2019-10-31,0.41992000000,101.75639000000,IDN,Indonesia,Riau,Pelalawan,2-High Confidence,,,",,,,,,,,,,PT. SINAR AGRO RAYA"
PO1000007438,EXTRACTORA LA COMUNA,LA FABRIL,LA FABRIL,EXTRACTORA AGRICOLA RIO MANSO,,,Not RSPO Certified,,2019-10-31,0.32585000000,-79.37090000000,ECU,Ecuador,Esmeraldas,Quinindé,1-Fully Verified,,,LA COMUNA
PO1000007440,LUBOK ANTU,SARAWAK LAND CONSOLIDATION AND REHABILITATION AUTHORITY (SALCRA),SARAWAK LAND CONSOLIDATION AND REHABILITATION AUTHORITY (SALCRA),LUBOK ANTU PALM OIL MILL SDN BHD,,,Not RSPO Certified,,2019-10-31,1.16816000000,111.76197000000,MYS,Malaysia,Sarawak,Sri Aman,1-Fully Verified,,,"LUBOK ANTU MILL,,LAULBCOKR AN) TU,LUBOK ANTU PALM OIL MILL 2,,,,,,,,LUBUK ANTU PALM OIL MILL 2,K.K.S. LUBUK ANTU,K.K.S. LUBUK ANTU,LUBOK ANTU PALM OIL MILL 1,,LOUBROITKY A(SNATLUC RPA)LM OIL MILL 1,,LUBOK ANTU 1"
PO1000007441,SINAR HALOMOAN,UNKNOWN,,SINAR HALOMOAN,,,Not RSPO Certified,,2019-10-31,1.06173000000,99.83438000000,IDN,Indonesia,Sumatera Utara,Padang Lawas,2-High Confidence,,,"PASIR JAE,,SINAR HALOMAOAN,,,,SI NAR HALOMOAN,,,,,,,,SINAR HALOMOAN PT,SINAR HALOMOAN  PT"
PO1000007442,SULTRA PRIMA LESTARI,UNKNOWN,,SULTRA PRIMA LESTARI,,,Not RSPO Certified,,2019-10-31,-3.45176000000,122.16825000000,IDN,Indonesia,Sulawesi Tenggara,Konawe Utara,1-Fully Verified,,,",,,,,,SAWITA INTER PERKASA,,,,,ABDI BUDI MULIA 1081"
PO1000007443,DUTA MENTARI RAYA,PPA KAPITAL,PPA KAPITAL,DUTA MENTARI RAYA,,,Not RSPO Certified,,2019-10-31,-0.34809000000,101.39907000000,IDN,Indonesia,Riau,Kuantan Singingi,1-Fully Verified,,,BASTIAN OLAH SAWIT MILL
PO1000007444,KUB MAJU MILL,KUB AGRO HOLDING SDN BHD,KUB Agro Holdings,KUB MAJU MILL SDN BHD,,,Not RSPO Certified,,2019-10-31,2.85811000000,111.93078000000,MYS,Malaysia,Sarawak,Dalat,1-Fully Verified,,,"KUB AGRO HOLDING,KUB MAJU MILL SDN BHD,,,,,,,,,SINONG PELITA,KUB AGRO HOLDING SDN BHD,KUB AGRO HOLDING SDN BHD,SINONG PELITA OIL MILL SDN BHD,SINONG PELITA OIL MILL SDN BHD,SINONG PELITA OIL MILL SDN BHD,SINONG PELITA OIL MILL SDN BHD,SINONG PELITA OIL MILL SDN BHD,SINONG PELITA OIL MILL SDN BHD,SINONG PELITA OIL MILL SDN BHD,SINONG PELITA OIL MILL SDN BHD,SINONG PELITA OIL MILL SDN BHD,SINONG PELITA OIL MILL SDN BHD,MUARA BULAN,,,KUB MAJU MILL (SINONG PELITA),,,,"
PO1000007447,AGROPARAISO,UNKNOWN,OLEODAVILA,OLEODAVILA,,,Not RSPO Certified,,2019-10-31,-0.57461000000,-79.49826000000,ECU,Ecuador,Manabi,El Carmen,1-Fully Verified,,,"AGROPARAÍSO,AGROPARAISO MILL"
PO1000007448,SUMBER KENCANA INDO PALMA,UNKNOWN,DARMEX AGRO,SUMBER KENCANA INDO PALMA,,,RSPO Certified,"RSPO Certified, MB",2019-10-31,-0.68269000000,102.50150000000,IDN,Indonesia,Riau,Indragiri Hulu,1-Fully Verified,,,"RINGIN,,,SUMBER KENCANA INDOPALMA/RINGIN"
PO1000007449,MEDCO PAPUA HIJAU SELARAS,MEDCO AGRO,MEDCO AGRO,MEDCO PAPUA HIJAU SELARAS,,,Not RSPO Certified,,2019-10-31,-0.81040000000,133.59507000000,IDN,Indonesia,Papua Barat,Manokwari,1-Fully Verified,,,",,,,,,,,,,,MEDCOPAPUA HIJAU SELARAS,ABDI BUDI MULIA 619"
PO1000007450,"THANA PALM PRODUCTS CO., LTD.",UNKNOWN,,"THANA PALM PRODUCTS CO., LTD.",,,RSPO Certified,"RSPO Certified, IP, MB",2019-10-31,9.29467000000,99.14394000000,THA,Thailand,Surat Thani,Tha Chang,1-Fully Verified,,,THANA PALM PRODUCT CO. LTD.
PO1000007453,META EPSI AGRO,UNKNOWN,,CEMPAKA MAS ABADI GROUP,,,Not RSPO Certified,,2020/09/01 00:00:00+00,-2.60852,111.780488,IDN,Indonesia,Kalimantan Tengah,Kotawaringin Barat,1-Fully Verified, ,,
PO1000007457,ANUGERAH TANI MAKMUR,UNKNOWN,,ANUGERAH TANI MAKMUR,,,Not RSPO Certified,,2019-10-31,0.53622000000,101.60202000000,IDN,Indonesia,Riau,Siak,1-Fully Verified,,,",,,,,,,,,,ANUGERAH TANI MAKMUR PT.,,,,,"
PO1000007462,MITRA ABADIMAS SEJAHTERA,TANJUNG RHU PLANTATION,TANJUNG RHU PLANTATION,MITRA ABADIMAS SEJAHTERA,,,Not RSPO Certified,,2019-10-31,1.18186000000,109.43800000000,IDN,Indonesia,Kalimantan Barat,Sambas,1-Fully Verified,,,ABDI BUDI MULIA 644
PO1000007463,SUNGAI SEPETI,Kalimantan Agro Pusaka,Kalimantan Agro Pusaka,KALIMANTAN AGRO PUSAKA,,,Not RSPO Certified,,2019-10-31,-0.82900000000,109.88604000000,IDN,Indonesia,Kalimantan Barat,Kayong Utara,1-Fully Verified,,,"KALIMANTAN AGRO PUSAKA,,,,,KALIMANTAN AGRO
PUSAKA,"
PO1000007464,MITRASARI PRIMA,YPJ Plantations,YPJ PLANTATIONS,MITRASARI PRIMA,,,Not RSPO Certified,,2019-10-31,0.13631000000,101.70503000000,IDN,Indonesia,Riau,Pelalawan,1-Fully Verified,,,"MITRASARI PRIMA MILL,,,,TUNGGAL MITRA PLANTATIONS-
MANGGALA,,,,,,,,MITRASARI PRIMA PT.,PT MITRASARI PRIMA,,"
PO1000007465,TUNGKA MILL,VICHITBHAN GROUP,VICHITBHAN GROUP,VICHITBHAN PALMOIL PUBLIC COMPANY LTD,,,Not RSPO Certified,,2019-10-31,10.42507000000,99.13060000000,THA,Thailand,Chumphon,Muang Chumphon,1-Fully Verified,,,"TUNGKA,TUNGKA,VICHITBHAN 2 (TUNG KHA)"
PO1000007466,KENCANA SARI,LONSUM,LONSUM,PERUSAHAAN PERKEBUNAN LONDON SUMATRA INDONESIA,,,Not RSPO Certified,,2019-10-31,-3.63888000000,103.44838000000,IDN,Indonesia,Sumatera Selatan,Lahat,1-Fully Verified,,,
PO1000007467,MUARA BULAN,BIMA PALMA,Dharma Satya Nusantara (DSN),BIMA AGRI SAWIT,,,Not RSPO Certified,,2019-10-31,1.26342000000,117.60256000000,IDN,Indonesia,Kalimantan Timur,Kutai Timur,1-Fully Verified,,,"BIMA AGRI SAWIT (MUARA BULAN),PKS 10 (DSN),BIMA AGRI SAWIT,MULIA POM,,,,BIMA AGRI SAWIT (DSN 10),,,"
PO1000007468,ASIA SAWIT LESTARI,UNKNOWN,PT Sumatera Selaras Sejahtera,ASIA SAWIT LESTARI,,,Not RSPO Certified,,2019-10-31,-1.83758000000,103.37903000000,IDN,Indonesia,Jambi,Batang Hari,1-Fully Verified,,,",,,,,,,,,,PETAPAHAN MILL,PT. ASIA SAWIT LESTARI"
PO1000007469,SURYA GEMILANG AGRO MANDIRI,UNKNOWN,,SURYA GEMILANG AGRO MANDIRI,,,Not RSPO Certified,,2019-10-31,-1.27123000000,103.81444000000,IDN,Indonesia,Jambi,Tanjung Jabung T,1-Fully Verified,,,"SURYA GEMILANG  AGRO MANDIRI,RANTAU PANJANG MILL,SURYA GEMILANG AGRO
MANDIRI,"
PO1000007471,ASIAN PALM OIL COMPANY,UNKNOWN,,ASIAN PALM OIL COMPANY,,,Not RSPO Certified,,2019-10-31,8.38274000000,98.71607000000,THA,Thailand,Krabi,Ao Luk,1-Fully Verified,,,"ASIAN PALM OIL CO., LTD.,ASIAN PALM OIL CO., LTD.,ASIAN PALM OIL CO,ASIAN PALM OIL CO., LTD.,ASIAN PALM OIL CO., LTD.,ASIAN PALM OIL CO., LTD.,ASIAN PALM OIL CO., LTD.,ASIAN PALM OIL CO., LTD.,ASIAN PALM OIL CO., LTD.,ASIAN PALM OIL CO. LTD.,ASIAN PALM OIL CO.LTD."
PO1000007472,TAGAR,PROSPER GROUP,Prosper Group,TAGAR PROPERTIES SDN BHD,,,Not RSPO Certified,,2019-10-31,3.43592000000,101.47410000000,MYS,Malaysia,Selangor,Hulu Selangor,1-Fully Verified,,,"TAGAR PROPERTIES SDN BHD,TAGAR  PROPERTIES,TAGAR PALM OIL MILL,KILANG KELAPA SAWIT MINYAK,KILANG KELAPA SAWIT MINYAK,TAGER,TAGAR PROPERTIES SDN. BHD.,TAGAR PALM OIL
MILL"
PO1000007473,MULTI AGRINDO SUMATERA,UNKNOWN,,MULTI AGRINDO SUMATERA,,,Not RSPO Certified,,2019-10-31,3.34831000000,98.95033000000,IDN,Indonesia,Sumatera Utara,Serdang Bedagai,1-Fully Verified,,,",,,,,,,MULTI AGRINDO  SUMATERA,MAJU ANEKA SAWIT POM,ABDI BUDI MULIA 670"
PO1000007474,LALAN,MAKIN,Makin,BANYU KAHURIPAN INDONESIA,,,Not RSPO Certified,,2019-10-31,-2.23413000000,104.33226000000,IDN,Indonesia,Sumatera Selatan,Musi Banyuasin,1-Fully Verified,,,"BANYU KAHURIPAN INDONESIA LALAN,,,ABDI BUDI MULIA 545"
PO1000007475,NAMHONG PALM OIL CO.,UNKNOWN,,NAMHONG PALM OIL CO.,,,Not RSPO Certified,,2019-10-31,8.26238000000,99.08450000000,THA,Thailand,Krabi,Khao Phanom,1-Fully Verified,,,"NAMHONG PALM OIL CO., LTD.,NAMHONG PALM OIL CO., LTD.,NAM HONG,NAMHONG PALM OIL CO., LTD.,NAMHONG PALM OIL CO., LTD.,NAMHONG PALM OIL CO., LTD.,NAMHONG PALM OIL CO., LTD.,NAMHONG PALM OIL CO., LTD.,NAMHONG PALM OIL CO., LTD.,NAMHONG PALM OIL CO. LTD.,NAMHONG PALM OIL CO. LTD"
PO1000007477,BEKRI,PTPN III,PTPN III,PERKEBUNAN NUSANTARA VII,,,Not RSPO Certified,,2019-10-31,-5.07393000000,105.13455000000,IDN,Indonesia,Lampung,Lampung Tengah,1-Fully Verified,,,"PKS BEKRI,PERKEBUNAN NUSANTARA VII (BEKRI)"
PO1000007478,NUMUNDO,NBPOL,NBPOL,NEW BRITAIN PALM OIL,NBPOL,,RSPO Certified,"RSPO Certified, IP",2019-10-31,-5.52376000000,150.03440000000,PNG,Papua New Guinea,West New Britain,Talasea,1-Fully Verified,,,"M. NUMUNDO,,NUMONDO,,,,,,,,NUMUNDO MILL,NUMUNDO*,NEW BRITAIN PALM OIL LIMITED,NEW BRITAIN PALM OIL LIMITED,NEW BRITAIN PALM OIL LIMITED"
PO1000007481,BINA MITRA MAKMUR,SUPERVENTURE,SUPERVENTURE,BINA MITRA MAKMUR,,,Not RSPO Certified,,2019-10-31,-1.49723000000,102.24067000000,IDN,Indonesia,Jambi,Bungo,1-Fully Verified,,,",,,,,,,,,,ASTRA GROUP,PT BINA MITRA MAKMUR,,"
PO1000007483,BIOPLANTA PALMERA,C.I BIOCOSTA S.A,C.I BIOCOSTA,BIOPLANTA PALMERA PARA EL DESARROLLO S.A.,,,Not RSPO Certified,,2019-10-31,7.56772000000,-76.61233000000,COL,Colombia,Antioquia,Chigorodó,1-Fully Verified,,,"BIOPLANTA PALMERA PARA EL DESARROLLO,BIOPLANTA PALMERA PARA EL DESARROLLO S.A.,BIOPLANTA PALMERA PARA EL DESARROLLO SA,OB ISO.AP.LANTA PALMERA,,,,BIOPLANTA PALMERA PARA EL DESARROLLO
S.A.,BIOPLANTA PALMERA PARA EL DESARROLLO
S.A.,BIOPLANTA PALMERA PARA ELDESARROLLO S.A."
PO1000007485,BORNEO KETAPANG INDAH,CILIANDRY ANKY ABADI, Ciliandry Anky Abadi (CAA),BORNEO KETAPANG INDAH,,,Not RSPO Certified,,2019-10-31,-1.75175000000,115.04412000000,IDN,Indonesia,Kalimantan Tengah,Barito Timur,1-Fully Verified,,,
PO1000007486,BUDI NABATI PERKASA,SUNGAI BUDI,SUNGAI BUDI,BUDI NABATI PERKASA,,,Not RSPO Certified,,2019-10-31,-1.69203000000,102.16055000000,IDN,Indonesia,Jambi,Bungo,1-Fully Verified,,,"LAE BUTAR,,,ABDI BUDI MULIA 151"
PO1000007489,CINI 2,FGV HOLDINGS BERHAD,FGV,FGV PALM INDUSTRIES SDN BHD,,,Not RSPO Certified,,2019-10-31,3.39521000000,102.96810000000,MYS,Malaysia,Pahang,Pekan,1-Fully Verified,,,"CHINI 2,KILANG KELAPA SAWIT CINI 2,KILANG SAWIT CHINI 2,K.K.S. CINI 2,"
PO1000007490,CHINTAMPALLI,UNKNOWN,Godrej Agrovet,GODREJ AGROVET LTD,,,Not RSPO Certified,,2019-10-31,17.20973000000,80.94000000000,IND,India,Telangana,Khammam,1-Fully Verified,,,"GODREJ AGROVETLTD., CHINTAMPALLI,GODREJ AGROVETLTD., CHINTAMPALLI,GODREJ AGROVETLTD., CHINTAMPALLI,GODREJ AGROVETLTD., CHINTAMPALLI,GODREJ AGROVETLTD., CHINTAMPALLI,GODREJ AGROVETLTD., CHINTAMPALLI,GODREJ AGROVETLTD., CHINTAMPALLI,GODREJ AGROVETLTD., CHINTAMPALLI,GODREJ AGROVETLTD., CHINTAMPALLI,GODREJ AGROVETLTD., CHINTAMPALLI,GODREJ AGROVETLTD., CHINTAMPALLI,GODREJ AGROVETLTD., CHINTAMPALLI,GODREJ AGROVETLTD., CHINTAMPALLI,GODREJ AGROVETLTD., CHINTAMPALLI,GODREJ AGROVETLTD., CHINTAMPALLI,GODREJ AGROVETLTD., CHINTAMPALLI,GODREJ AGROVET LTD.,CHINTAMPALLI,GODREJ AGROVET LTD.,CHINTAMPALLI,GODREJ AGROVET LTD.,CHINTAMPALLI,GODREJ AGROVET LTD.,CHINTAMPALLI,GODREJ AGROVET LTD.,CHINTAMPALLI,GODREJ AGROVET LTD.,CHINTAMPALLI,GODREJ AGROVET LTD.,CHINTAMPALLI,GODREJ AGROVET LTD.,CHINTAMPALLI,GODREJ AGROVET LTD.,CHINTAMPALLI,GODREJ AGROVET LTD.,CHINTAMPALLI,GODREJ AGROVET LTD.,CHINTAMPALLI,GODREJ AGROVET LTD.,CHINTAMPALLI,GODREJ AGROVET LTD.,CHINTAMPALLI,GODREJ AGROVET LTD.,CHINTAMPALLI,GODREJ AGROVET LTD.,CHINTAMPALLI,GODREJ AGROVET LTD.,CHINTAMPALLI,GODREJ AGROVET LTD.,CHINTAMPALLI,GODREJ AGROVET LTD.,CHINTAMPALLI,GODREJ AGROVET LTD.CHINTAMPALLI,GODREJ AGROVET LTD.
CHINTAMPALLI"
PO1000007492,CONDONG GARUT,J.A. WATTIE (JAWA),J.A. WATTIE (JAWA),CONDONG GARUT,,,Not RSPO Certified,,2019-10-31,-7.59417000000,107.66000000000,IDN,Indonesia,Jawa Barat,Garut,1-Fully Verified,,,SUNGAI KAHANG POM
PO1000007493,"CORPORACION AGROINDUSTRIAL DE PALMICULTORES, S.A.(CORAPSA)",UNKNOWN,Grupo Jaremar,"CORPORACION AGROINDUSTRIAL DE PALMICULTORES, S.A.(CORAPSA)",,,Not RSPO Certified,,2019-10-31,15.70294000000,-87.56656000000,HND,Honduras,Atlántida,Tela,1-Fully Verified,,,"C.(OCROPORRAAPCSIOAN) AGROINDUSTRIAL DE PALMICULTORES, S.A.,C.(OCROPORRAAPCSIOAN) AGROINDUSTRIAL DE PALMICULTORES S.A."
PO1000007494,CORPORACION INDUSTRIAL BARU S.A. (CIBA S.A.),UNKNOWN,,CORPORACION INDUSTRIAL BARU S.A. (CIBA S.A.),,,Not RSPO Certified,,2019-10-31,8.42464000000,-82.78864000000,PAN,Panama,Chiriquí,Alanje,1-Fully Verified,,,CORPORACION INDUSTRIAL DE BARU
PO1000007496,DHARMASRAYA SAWIT LESTARI,UNKNOWN,,DHARMASRAYA SAWIT LESTARI,,,Not RSPO Certified,,2019-10-31,-1.14982000000,101.74018000000,IDN,Indonesia,Sumatera Barat,Dharmasraya,1-Fully Verified,,,"DAMASRAYA SAWIT LESTARI,,,PT. DAMASRAYA SAWIT LESTARI,,,,STABAT,,,,,,,,,PT DAMASRAYA SAWIT LESTARI,DAMASRAYA SAWIT
LESTARI"
PO1000007497,DD PALM,DOUBLE DYNASTY SDN BHD,DDPOM,DD PALM OIL MILL SDN BHD,,,Not RSPO Certified,,2019-10-31,3.14292000000,113.31033000000,MYS,Malaysia,Sarawak,Bintulu,1-Fully Verified,,,"DD PALM OIL MILL,DD PALM OIL MILL SDN BHD,,,,,,,,,MERANGKAI ARTHA NUSANTARA,,,,,DD,,"
PO1000007500,EXTRACTORA DEL BARU,UNKNOWN,,EBASA,,,Not RSPO Certified,,2019-10-31,8.31900000000,-82.82392000000,PAN,Panama,Chiriquí,Barú,1-Fully Verified,,,"EXTRACTORA DEL BARU (EBASA),EXTRACTORA DEL BARU (EBASA)"
PO1000007502,EXTRACTORA MARIA LA BAJA S.A.,OLEOFLORES,OLEOFLORES,EXTRACTORA MARIA LA BAJA S.A.,,,Not RSPO Certified,,2019-10-31,9.92350000000,-75.32761000000,COL,Colombia,Bolívar,María la Baja,1-Fully Verified,,,"EXTRACTORA MARIA LA BAJA,,,,,,,,,,,,EXTRACTORA MARIA LA BAJA S.A,MARÍA LA BAJA,EXTRACTORA MARIA LA BAJA S A"
PO1000007503,THACHANG PALM INDUSTRY,UNKNOWN,,THACHANG PALM INDUSTRY,,,RSPO Certified,"RSPO Certified, MB",2019-10-31,9.28210000000,99.13878000000,THA,Thailand,Surat Thani,Tha Chang,1-Fully Verified,,,THA CHANG OIL PALM INDUSTRIES CO. LTD.
PO1000007504,PAHOSA,GRUPO HAME,GRUPO HAME,PALMAS DEL HORIZONTE S.A. (PAHOSA),,,RSPO Certified,"RSPO Certified, IP",2019-10-31,14.56483000000,-91.93894000000,GTM,Guatemala,Quezaltenango,Coatepeque,1-Fully Verified,,,EXTRACTORA PALMAS DEL HORIZONTE (PAHOSA)
PO1000007505,FERMANAGH,SOUTHERN GROUP,SOUTHERN GROUP,SOUTHERN REALTY (MALAYA) SDN BHD,,,Not RSPO Certified,,2019-10-31,2.65006000000,101.65862000000,MYS,Malaysia,Selangor,Sepang,1-Fully Verified,,,"SOUTHERN GROUP,SOUTHERN REALTY - FERMANAGH,KILANG KELAPA SAWIT FERMANAGH,FERMANAGH PALM OIL MILL,,,,FERMANGH,SOUTHERN REALTY,,,MELUR GEMILANG POM,,,,KILANG KELAPA SAWIT
FERMANAGH,,FERMANAGH PALM
OIL MILL"
PO1000007507,"THACHANA PALM OIL CO., LTD.",UNKNOWN,,"THACHANA PALM OIL CO., LTD.",,,Not RSPO Certified,,2019-10-31,9.60608000000,99.12419000000,THA,Thailand,Surat Thani,Tha Chana,1-Fully Verified,,,"THA CHANG OIL PALM INDUSTRIES,THACHANA PALM OIL"
PO1000007508,GEMILANG SAWIT LESTARI,UNKNOWN,Bintang Utama Lestari,GEMILANG SAWIT LESTARI,,,Not RSPO Certified,,2019-10-31,-0.45481000000,101.82700000000,IDN,Indonesia,Riau,Kuantan Singingi,1-Fully Verified,,,",,,,,,,,,,AAA,TAMORA AGRO LESTARI MILL"
PO1000007509,GOLDEN OILINDO NUSANTARA,UNKNOWN,,GOLDEN OILINDO NUSANTARA,,,Not RSPO Certified,,2019-10-31,-3.11920000000,104.69452000000,IDN,Indonesia,Sumatera Selatan,Ogan Ilir,1-Fully Verified,,,"PT GOLDEN OILINDO,GOLDEN OILINDO
NUSANTARA,,,,,,"
PO1000007510,THAI EASTERN TRAT CO,UNKNOWN,,THAI EASTERN TRAT CO,,,Not RSPO Certified,,2019-10-31,12.29820000000,102.46776000000,THA,Thailand,Trat,Muang Trat,1-Fully Verified,,,"THAI EASTERN TRAT CO., LTD.,THAI EASTERN TRAT CO., LTD.,THAI EASTERN TRAT,THAI EASTERN TRAT CO., LTD.,THAI EASTERN TRAT CO., LTD.,THAI EASTERN TRAT CO., LTD.,THAI EASTERN TRAT CO., LTD.,THAI EASTERN TRAT CO., LTD.,THAI EASTERN TRAT CO., LTD.,THAI EASTERN TRAT CO. LTD.,,"
PO1000007511,IBUL,SARIMAS,SMP,TRI BAKTI SARIMAS,,,Not RSPO Certified,,2019-10-31,-0.86028000000,101.75083000000,IDN,Indonesia,Riau,Kuantan Singingi,1-Fully Verified,,,"TRI BAKTI SARIMAS (IBUL),,TRI BAKTI SARIMAS 2 IBUL,TRI BAKTI
SARIMAS,,PKS 2 IBUL,TRI BAKTI SARIMAS 2 IBUL
TRI BAKTI SARIMAS DESA KOTO,"
PO1000007512,THASAE MILL,VICHITBHAN GROUP,VICHITBHAN GROUP,VICHITBHAN PALMOIL PUBLIC COMPANY LTD,,,Not RSPO Certified,,2019-10-31,10.69561000000,99.20319000000,THA,Thailand,Chumphon,Tha Sae,1-Fully Verified,,,"MTHITAESDAE,VICHITBHAN PALMOIL PCL,THASAE,THASAE,MTIHTEADSAE,MTIHTEADSAE,VICHITBHAN 1"
PO1000007514,THASAE CO-OP,UNKNOWN,,THASAE CO-OP,,,Not RSPO Certified,,2019-10-31,10.71182000000,99.14378000000,THA,Thailand,Chumphon,Tha Sae,1-Fully Verified,,,"THASAE LAND SETTLEMENT COOPERATIVE,THASAE CO‐OP,THASAE CO‐OP,"
PO1000007515,ICHTIAR GUSTI PUDI,AHMAD ZAKI RESOURCES BERHAD,AZRB,ICHTIAR GUSTI PUDI,,,Not RSPO Certified,,2019-10-31,0.23495000000,109.85213000000,IDN,Indonesia,Kalimantan Barat,Landak,1-Fully Verified,,,
PO1000007516,PAHU MAKMUR,LONSUM,LONSUM,PERUSAHAAN PERKEBUNAN LONDON SUMATRA INDONESIA,,,Not RSPO Certified,,2019-10-31,-0.59832000000,116.13980000000,IDN,Indonesia,Kalimantan Timur,Kutai Barat,1-Fully Verified,,,PT PP LONDON SUMATRA INDONESIA PAHU MA
PO1000007519,TRINITY PALMAS PLANTATION,TRINITY INTERLINK,TRINITY INTERLINK,TRINITY PALMAS PLANTATION,,,Not RSPO Certified,,2019-10-31,-2.05790000000,119.34486000000,IDN,Indonesia,Sulawesi Barat,Mamuju,1-Fully Verified,,,"PT TRINITY PALMAS PLANTATION,"
PO1000007520,PALM PATTANA SOUTHERN BORDER,UNKNOWN,,"PALM PATTANA SOUTHERN BORDER CO., LTD",,,Not RSPO Certified,,2019-10-31,6.81496000000,101.15317000000,THA,Thailand,Pattani,Nong Chik,1-Fully Verified,,,"TPDALM PATTANA SOUTHERN BORDER,PALMPATTANA SOUTHERN BORDER"
PO1000007522,WARASTON,NBPOL,NBPOL,NEW BRITAIN PALM OIL,NBPOL,,RSPO Certified,"RSPO Certified, IP",2019-10-31,-5.48570000000,150.08530000000,PNG,Papua New Guinea,West New Britain,Talasea,1-Fully Verified,,,"WARASTONE,,,,,,,,WARASTON MILL,WARASTON*,NEW BRITAIN PALM OIL LIMITED,NEW BRITAIN PALM OIL LIMITED,NEW BRITAIN PALM OIL LIMITED"
PO1000007523,SUMBER BUDI AGUNG,SUMBER BUDI AGUNG,SUNGAI BUDI,TUNAS BARU LAMPUNG,,,Not RSPO Certified,,2019-10-31,0.47807000000,101.60026000000,IDN,Indonesia,Riau,Pelalawan,1-Fully Verified,,,"SUMBER BUDI AGUNG,TUNAS BARU LAMPUNG-PKS 8,TUNAS BARU LAMPUNG PELALAWAN,PKS 8 SEKIJANG,SAWITTA UNGGUL JAYA,,PKS8,,ABDI BUDI MULIA 813"
PO1000007524,JABAL PERKASA,UNKNOWN,,JABAL PERKASA,,,Not RSPO Certified,,2019-10-31,1.06108000000,100.13192000000,IDN,Indonesia,Riau,Rokan Hulu,1-Fully Verified,,,"PT JABAL PERKASA,,,,"
PO1000007526,SERI BANDAR PALM OIL MILL SDN BHD,SERI BANDAR PALM OIL MILL SDN BHD,SERI BANDAR PALM OIL MILL SDN BHD,JUGRA PALM OIL MILL SDN BHD,,,Not RSPO Certified,,2019-10-31,2.84587000000,101.46721000000,MYS,Malaysia,Selangor,Kuala Langat,1-Fully Verified,,,"SERI BANDAR PALM OIL MILL,JUGRA PALM OIL MILL SDN BHD,JUGRA PALM OIL MILL,SERI BANDAR PALM OIL MILL SDN.BHD,,SERI BANDAR,,,SERI BANDAR PALM OIL MILL SDN BHD,JUGRA PALM OIL MILL SDN. BHD.,JUGRA PALM OIL MILL SDN. BHD.,BUKIT TUNGGAL JAYA POM,ULU SEBOL,JUGRA POM,,,,JUGRA PALM 0IL MILL SDN BHD,SERI BANDAR (JUGRA),SERI BANDAR PALM OIL MILL SDNBHD"
PO1000007527,JAYAPUTRA,FELCRA BERHAD,FELDA,FELCRA JAYAPUTRA SDN BHD,,,Not RSPO Certified,,2019-10-31,3.98294000000,102.22248000000,MYS,Malaysia,Pahang,Jerantut,1-Fully Verified,,,"FELCRA JAYA PUTRA SDN BHD,JAYA PUTRA,FELCRA JAYA PUTRA,FELCRA JAYAPUTRA SDN BHD,FELCRA JAYAPUTRA SDN BHD,FELCRA JAYAPUTRA SDN. BHD.,KILANG SAWIT FELCRA JAYA
PUTRA,KILANG KELAPA
SAWIT JAYAPUTRA,,,,,KILANG SAWIT FELCRA JAYA PUTRA,KILANG KELAPA SAWIT JAYAPUTRA,,,,,,,,,FELCRA BERHAD (JAYA PUTRA),,,,,,FELCRA JAYAPUTRA SDN BHD (KILANG SAWIT FELCRA JAYAPUTRA),FELCRA JAYAPUTRA SDN BHD (KILANG SAWIT FELCRA JAYAPUTRA),KILANG SAWIT FELCRA JAYAPUTRA,KILANG SAWIT,,KILANG SAWIT FELCRA BERHAD JAYA PUTRA,KILANG SAWIT FELCRA BERHAD JAYA PUTRA,FELCRA JAYAPUTRA SDN BHD (KILANG
SAWIT FELCRA JAYAPUTRA),FELCRA JAYAPUTRA SDN BHD (KILANG
SAWIT FELCRA JAYAPUTRA),FELCRA JAYAPUTRA SDN BHD (KILANG SAWIT FELCRA
JAYAPUTRA),FELCRA JAYAPUTRA SDN BHD (KILANG SAWIT FELCRA,FELCRA JAYAPUTRA SDN BHD (KILANG SAWIT FELCRA,FELCRA JAYA PUTRA SDN. BHD.,,,FELCRA JAYAPUTRA SDN BHD (KILANG SAWIT FELCRA JAYAPUT,,FELCRA JAYAPUTRA SDN BHD (KILANG SAWIT
FELCRA,FELCRA BERHAD  (JAYA PUTRA),FELCRA JAYAPUTRA
PALM OIL MILL"
PO1000007528,AGRI EASTBORNEO KENCANA,KENCANA AGRI,Kencana Agri,AGRI EASTBORNEO KENCANA,,,Not RSPO Certified,,2019-10-31,0.13417000000,116.91610000000,IDN,Indonesia,Kalimantan Timur,Kutai Kartanegara,1-Fully Verified,,,"AGRI EASTBORNEO
KENCANA"
PO1000007529,VAREM SAWIT CEMERLANG,UNKNOWN,,VAREM SAWIT CEMERLANG,,,Not RSPO Certified,,2019-10-31,2.66501000000,99.66742000000,IDN,Indonesia,Sumatera Utara,Asahan,1-Fully Verified,,,",,,,,,,PT VAREM SAWIT CEMERLANG,VAREM SAWIT
CEMERLANG,,,"
PO1000007530,JERANTUT,KILANG KELAPA SAWIT JERANTUT SDN BHD,KILANG KELAPA SAWIT JERANTUT,KILANG KELAPA SAWIT JERANTUT SDN BHD,,,Not RSPO Certified,,2019-10-31,3.86205000000,102.34548000000,MYS,Malaysia,Pahang,Jerantut,1-Fully Verified,,,"KILANG KELAPA SAWIT JERANTUT,KILANG KELAPA SAWIT JERANTUT SDN BHD,,,,,,JERANTUT SDN BHD,,,KILANG KELAPA SAWIT
JERANTUT,"
PO1000007531,PALMICULTORES DEL NORTE (PALNORTE) S.A.S.,UNKNOWN,,PALMICULTORES DEL NORTE S.A.S.,,,Not RSPO Certified,,2019-10-31,8.53507000000,-72.63589000000,COL,Colombia,Norte de Santander,Tibú,1-Fully Verified,,,"PALMICULTORES DEL NORTE,PALMICULTORES DEL NORTE SAS,,PALMICULTORES DEL NORTE (PALNORTE),,,,PALMICULTORES DEL NORTE (PALNORTE) S,,,,,,,,PALNORTE SAS,PALMICULTORES DEL NORTE S.A.S. (PALNORTE),PALMICULTORES DEL NORTE (PALNORTE)
S.A.S.,"
PO1000007532,BUANA HIJAU ABADI,HPI Agro,HPI-AGRO (DJARUM),BUANA HIJAU ABADI,,,Not RSPO Certified,,2019-10-31,0.51795000000,111.58378000000,IDN,Indonesia,Kalimantan Barat,Sintang,2-High Confidence,,,"PT.BUANA HIJAU ABADI,SRIGUNTING,,,,PT. BUANA HIJAU ABADI,SRIGUNTING MILL,SYARIKAT PELADANG DAN PERUSAHAANMINYAK PALM OIL MILL,,"
PO1000007533,SUNGAI KUMBAH,GAMA PLANTATIONS,KPN,WAWASAN KEBUN NUSANTARA,,,Not RSPO Certified,,2019-10-31,1.26689000000,109.81714000000,IDN,Indonesia,Kalimantan Barat,Bengkayang,1-Fully Verified,,,"WAWASAN KEBUN NUSANTARA,,PT WAWSAN KEBUN NUSANTARA,,,,,WANASARI NUSANTARA POM"
PO1000007534,KALIMANTAN SANGGAR PUSAKA,LYMAN AGRO,Lyman ,KALIMANTAN SANGGAR PUSAKA,,,Not RSPO Certified,,2019-10-31,0.08311000000,111.19205000000,IDN,Indonesia,Kalimantan Barat,Sekadau,1-Fully Verified,,,",,,,,,KALIMANTAN SANGGAR
PUSAKA"
PO1000007535,Tata Hamparan Eka Persada,Tata Hamparan Eka Persada,PT. Eka Tradisi (Tradisi Group),PALMINDO MITRA LESTARI,,,Not RSPO Certified,,2019-10-31,-1.98953000000,105.89459000000,IDN,Indonesia,Bangka Belitung,Bangka,1-Fully Verified,,,TATA HAMPARAN EKA PERSADA
PO1000007536,SIN HUAT HIN PALM OIL MILL (KUALA SELANGOR) SDN BHD,SIN HUAT HIN,SIN HUAT HIN,KAMPONG KUANTAN PALM OIL MILL BERHAD,,,Not RSPO Certified,,2019-10-31,3.34461000000,101.29161000000,MYS,Malaysia,Selangor,Kuala Selangor,1-Fully Verified,,,"KAMPUNG KUANTAN,SIN HUAT HIN PALM OIL MILL (KUALA SELANGOR) SDN BHD,K.K.S. KAMPUNG KUANTAN BHD.,,,,SIN HUAT HIN (KUALA SELANGOR),SIN HUAT HIN PALM OIL MILL (KUALA SELANGOR) SDN. BHD.,SIN HUAT HIN PALM OIL MILL
(KUALA SELANGOR) SDN BHD,SIN HUAT HIN PALM OIL MILL (KUALA SELANGOR),SIN HUAT HIN PALM OIL MILL (KUALA
SELANGOR) SDN BHD,BUKIT BELABAN JAYA POM,KAMPUNG KUANTAN BHD,SIN HUAT HIN PALM OIL MILL (KUALA
SELANGOR) SDN. BHD.,SIN HUAT (KUALA SELANGOR),KILANG ISI SAWIT SIN HUAT HIN,SIN HUAT HIN PALM OIL MILL,SIN HUAT HIN PALM OIL MILL (KUALA
SELANGOR) SDN. BHD.,SIN HUAT HIN PALM OIL MILL (KUALASELANGOR) SDN BHD"
PO1000007537,CAHAYA INTI SAWIT,UNKNOWN,,CAHAYA INTI SAWIT,,,Not RSPO Certified,,2019-10-31,1.44083000000,100.29111000000,IDN,Indonesia,Sumatera Utara,Padang Lawas Utara,1-Fully Verified,,,",,,CAHAYA INTL SAWIT,,,,,,,,SYARIKAT PENANAMAN BUKIT SENORANGSDN.BHD.,CAHAYA INTI SAWIT PT,SEKUNYIR PALM OIL MILL,SYARIKAT PENANAMAN BUKIT SENORANG SDN.BHD."
PO1000007538,WEE TEE TONG,WEE TEE TONG PLANTATIONS SDN BHD,WEE TEE TONG PLANTATIONS,WEE TEE TONG PALM OIL MILL SDN BHD,,,Not RSPO Certified,,2019-10-31,5.66281000000,117.81144000000,MYS,Malaysia,Sabah,Kinabatangan,1-Fully Verified,,,"WEE TEE TONG PALM OIL MILL SDN BHD,,LCH,LCH PALM OIL MILL,,,,,,,,LCH PALM OIL  MILL SDN BHD,,,,WEE TEE TONG PALM OIL MILL,K.K.S. WEE TEE TONG,K.K.S. WEE TEE TONG,WEE TEE TONG POM,LCH PALM OIL MILL SDN BHD,BIOGROW CITY PLANTATIONS POM,,,,,"
PO1000007539,KAPIURA,NBPOL,NBPOL,NEW BRITAIN PALM OIL,NBPOL,,RSPO Certified,"RSPO Certified, IP",2019-10-31,-5.62408000000,150.68470000000,PNG,Papua New Guinea,West New Britain,Talasea,1-Fully Verified,,,",,,,,,,KAPIURA MILL,KAPIURA*,NEW BRITAIN PALM OIL LIMITED,NEW BRITAIN PALM OIL LIMITED,NEW BRITAIN PALM OIL LIMITED,SYARIKAT PERUSAHAAN KELAPA SAWIT SDNBHD"
PO1000007540,PALUTA INTI SAWIT,UNKNOWN,,PALUTA INTI SAWIT,,,Not RSPO Certified,,2019-10-31,1.55403000000,99.83569000000,IDN,Indonesia,Sumatera Utara,Padang Lawas Utara,1-Fully Verified,,,",,,KOTO KAMPAR,PAL UTA INN SAWIT,PALUTA INTL SAWIT,PALUTA INTL SAWN,PALUTA INTI SAWA,,,,,,,,,PALUTA SAWIT,,,PALUTA INTI SAWIT PT.,PALM LAMPUNG PERSADA,,"
PO1000007541,GRUTI LESTARI PRATAMA,UNKNOWN,,GRUTI LESTARI PRATAMA,,,Not RSPO Certified,,2019-10-31,0.51375000000,99.27133000000,IDN,Indonesia,Sumatera Utara,Mandailing Natal,1-Fully Verified,,,",,,GRUB LESTARI PRATAMA,,,,,,,,GRUTI LESTARI PRATAMA  PT,"
PO1000007545,INDUSTRIAS DEL SHANUSI,GRUPO PALMAS / PALMAS DEL ESPINO,GRUPO PALMAS / PALMAS DEL ESPINO,INDUSTRIAS DEL SHANUSI SA,,,Not RSPO Certified,,2019-10-31,-6.12150000000,-76.17145000000,PER,Peru,Loreto,Alto Amazonas,2-High Confidence,,,"INDUSTRIAS DEL SHANUSI S.A,INDUSTRIAS DEL ESPINO S.A- SHANUSI"
PO1000007546,KARYA INDORATA PERSADA,SUPERVENTURE,SUPERVENTURE,KARYA INDORATA PERSADA,,,Not RSPO Certified,,2019-10-31,0.11336000000,101.23560000000,IDN,Indonesia,Riau,Kampar,1-Fully Verified,,,"KARYA INDORATA PERSADA (GUNUNG SAHILAN),,,,,,,,,,,,GUNUNG SAHILAN,SAHILAN),PT KARYA INDORATA PERSADA,ANUGRAH,KARYA INDORATA PERSADA (GUNUNG
SAHILAN),KARYA INDORATA
PERSADA,,,,"
PO1000007547,AGRO SUKSES LESTARI,INCASI RAYA (GUNAS),Incasi Raya Group (IRG),AGRO SUKSES LESTARI,,,Not RSPO Certified,,2019-10-31,0.22950000000,111.66590000000,IDN,Indonesia,Kalimantan Barat,Sintang,1-Fully Verified,,,"AGRO SUKES LESTARI,"
PO1000007548,INDOMAKMUR SAWIT BERJAYA,MUSIM MAS,Musim Mas,INDOMAKMUR SAWIT BERJAYA,,,Not RSPO Certified,,2019-10-31,0.93491000000,100.35198000000,IDN,Indonesia,Riau,Rokan Hulu,1-Fully Verified,,,"PASIR PANGARAYAN,,PT INDO MAKMUR SAWIT BERJAYA MILL,INDOMAKMUR SAWIT BERJAYA (PASIR PANGARAYAN) JL,,,,CIPTA FUTURA,,,,,,,,(PASIR PANGARAYAN) JL"
PO1000007549,ARJUNA UTAMA SAWIT,First Borneo,First Borneo,ARJUNA UTAMA SAWIT,,,Not RSPO Certified,,2019-10-31,-2.25303000000,113.37915000000,IDN,Indonesia,Kalimantan Tengah,Katingan,1-Fully Verified,,,KATARI AGRO
PO1000007550,KARYA MAKMUR ABADI,KUALA LUMPUR KEPONG (KLK),KUALA LUMPUR KEPONG (KLK),KARYA MAKMUR ABADI,,,RSPO Certified,"RSPO Certified, IP, MB",2020/09/01 00:00:00+00,-2.0422611,112.4899694,IDN,Indonesia,Kalimantan Tengah,Kotawaringin Timur,1-Fully Verified, ,,"KARYA MAKMUR
ABADI POM,PT KARYA MAKMUR ABADI,,"
PO1000007552,PALMERAS DE LOS ANDES QUININDE,DANEC,DANEC,PALMERAS DE LOS ANDES QUININDE,,,RSPO Certified,"RSPO Certified, MB",2019-10-31,0.26069000000,-79.36239000000,ECU,Ecuador,Esmeraldas,Quinindé,1-Fully Verified,,,"PDA - PALMERAS DE LOS ANDES QUININDE,PALMERAS DE LOS ANDES (QUININDE)"
PO1000007553,KATINGAN CENTRAL,AGROSUBUR,AGROSUBUR,KARYA DEWI PUTRA,,,Not RSPO Certified,,2019-10-31,-1.43817000000,112.87414000000,IDN,Indonesia,Kalimantan Tengah,Katingan,1-Fully Verified,,,"PERKEBUNAN LEMBAH BHAKTI 2,,KARYA DEWIPUTRA"
PO1000007559,PINANG TINGGI,PTPN III,PTPN III,PERKEBUNAN NUSANTARA VI,,,Not RSPO Certified,,2019-10-31,-1.96255000000,103.40070000000,IDN,Indonesia,Jambi,Muaro Jambi,1-Fully Verified,,,"PERKEBUNAN NUSANTARA VI (PINANG
TINGGI),PERKEBUNAN NUSANTARA VI (PINANG TINGGI),,,PTP NUSANTARA VI (BUNUT),,,,PTPN VI (PINANG TINGGI),KEBUNAN NUSANTARA VI  PINANG TIN,ABDI BUDI MULIA 797,PERKEBUNAN NUSANTARA VI (PINANG"
PO1000007560,SAPANG PALM OIL MILL,KENSO TIMUR SDN BHD,KENSO TIMUR,KEMABONG SDN BHD,,,Not RSPO Certified,,2019-10-31,4.57883000000,118.31783000000,MYS,Malaysia,Sabah,Semporna,1-Fully Verified,,,"KEMABONG PALM OIL MILL,KEMABONG,KEMABONG PALM OIL MILL SDN BHD,,,,,,,,SAPANG"
PO1000007561,KUTAI AGRO LESTARI,CT AGRO,CT AGRO,KUTAI AGRO LESTARI,,,Not RSPO Certified,,2019-10-31,-0.64283000000,115.73880000000,IDN,Indonesia,Kalimantan Timur,Kutai Barat,1-Fully Verified,,,
PO1000007564,LA JOYA,GRUPO LA JOYA,GRUPO LA JOYA,EXTRACTORA LA JOYA CIA LTDA,,,Not RSPO Certified,,2019-10-31,-0.07200000000,-79.42720000000,ECU,Ecuador,Santo Domingo de los Tsachilas,La Concordia,1-Fully Verified,,,
PO1000007565,PROVASA,LA FABRIL,LA FABRIL,EXTRACTORA AGRICOLA RIO MANSO,,,Not RSPO Certified,,2019-10-31,0.49036000000,-79.38585000000,ECU,Ecuador,Esmeraldas,Quinindé,1-Fully Verified,,,
PO1000007566,KENCANA PERMATA NUSANTARA,UNKNOWN,,KENCANA PERMATA NUSANTARA,,,Not RSPO Certified,,2019-10-31,3.45222000000,98.69861000000,IDN,Indonesia,Sumatera Utara,Deli Serdang,1-Fully Verified,,,"KENCANA PERORATE NUSANTARA,,,KENCANA PERMATA NUSANTAR,KENCANA PERMATA NUSANTAR,KENCANA PERMATA NUSANTAR,KENCANA PERMATA NUSANTAR,,PT. KENCANA PERMATA NUSANTARA,,,PERMATA NUSANTARA,KENCANA PERMATA
NUSANTARA,,,"
PO1000007567,LANGGAK INTI LESTARI,LANGGAK INTI LESTARI,Langgak Inti Lestari,LANGGAK INTI LESTARI,,,Not RSPO Certified,,2019-10-31,0.63492000000,100.59178000000,IDN,Indonesia,Riau,Rokan Hulu,1-Fully Verified,,,"PKS LANGGAK INTI LESTARI,,,,,,,,,,,,LANGGAK LESTARI,PADASA ENAM UTAMA,LANGGAK INTI LESTARI PT.,"
PO1000007568,CAHAYA SAWIT LESTARI,SUPERVENTURE,SUPERVENTURE,CAHAYA SAWIT LESTARI,,,Not RSPO Certified,,2019-10-31,-3.80461000000,102.39752000000,IDN,Indonesia,Bengkulu,Bengkulu Tengah,1-Fully Verified,,,"PULAU PANGGUNG,,,,,,,,SURYABUMI AGROLANGGENG POM,CAHAYA SAWIT SDN BHD"
PO1000007569,KENCANA UTAMA SEJATI,UNKNOWN,,KENCANA UTAMA SEJATI,,,Not RSPO Certified,,2019-10-31,1.06897000000,100.11720000000,IDN,Indonesia,Sumatera Utara,Padang Lawas,1-Fully Verified,,,"SINAR AGRO RAYA,KENCARA MAMA SEJATI,,,,KENCANA UTAMA SEJATI  PT,TINTIN BOYOK SAWIT MAKMUR,,,,"
PO1000007570,QL MILL 2,QL RESOURCES,QL Resources,QL PLANTATION SDN BHD,,,Not RSPO Certified,,2019-10-31,4.82894000000,118.10409000000,MYS,Malaysia,Sabah,Kunak,1-Fully Verified,,,"TONG LEN TRADING QL MILL 2,QL PALM OIL
MILL 2,MILL 2,QL POM 2,QL PALM OIL MILL 2,QL PLANTATIONS SDN BHD (MILL 2),"
PO1000007571,LIMPAH SEJAHTERA,FIRST RESOURCES,First Resources (FR),LIMPAH SEJAHTERA,,,Not RSPO Certified,,2019-10-31,-1.71623000000,110.35437000000,IDN,Indonesia,Kalimantan Barat,Ketapang,1-Fully Verified,,,"LIMPAH SEJAHTERA MILL,SUNGAI MELAYU,KASAI POM,LIMPAH SE AHTERA MILL"
PO1000007572,RAJA MARGA,UNKNOWN,RM,RAJA MARGA,,,Not RSPO Certified,,2019-10-31,3.98547000000,96.62714000000,IDN,Indonesia,Aceh,Nagan Raya,1-Fully Verified,,,"PTP NUSANTARA VI (RIMBO DUA),"
PO1000007577,RAUB,UNKNOWN,,RAUB MINING & DEVELOPMENT COMPANY SDN BHD,,,Not RSPO Certified,,2019-10-31,3.84332000000,101.85549000000,MYS,Malaysia,Pahang,Raub,1-Fully Verified,,,"RAUB OIL MILL,RAUB OIL MILL SDN BHD,RAUB PALM OIL MILL SDN BHD,RAUB PALM OIL MILL SDN.BHD,,,,K.K.S. RAUB SDN. BHD.,K.K.S. RAUB SDN. BHD.,JC CHANG GROUP,RAUB OIL MILL SDN.BHD.,SUMBER SAWIT JAYA LESTARI,,,,RAUB 0IL MILL SDN BHD,RAUB OIL,RAUB OIL MILL SDN
BHD"
PO1000007579,BELL-KSL,BELL GROUP,BELL GROUP,BELL-KSL SDN BHD,,,Not RSPO Certified,,2019-10-31,2.46833000000,101.99376000000,MYS,Malaysia,Negeri Sembilan,Port Dickson,1-Fully Verified,,,"BELL KILANG SAWIT LINGGI,BELL - KSL,BELL KSL KILANG SAWIT LINGGI,BELL - KSL SDN BHD,BELL - KSL SDN BHD,BELL-KSL SDN BHD,,BELL‐KSL,,,BELL KSL SDN BHD,LINGGI POM,,,,BELL-KSL SDN. BHD.,BELL-KSL SDN. BHD.,BELL GROUP,,BELL - LADANG SUA MANGGIS,,,,BELL-KSL (LINGGI) POM"
PO1000007580,REBINMAS JAYA,DELLOYD,DELLOYD,REBINMAS JAYA,,,Not RSPO Certified,,2019-10-31,-2.73342000000,107.90147000000,IDN,Indonesia,Bangka Belitung,Belitung,1-Fully Verified,,,"REBIN MAS JAYA,PT. REBINMAS
JAYA,PT. REBINMAS JAYA,TACLICO COMPANY SDN. BHD.,SEI SILAU ESTATE,,,REBINMAS"
PO1000007581,MILIK MESTIKA,DUPONT & LEOSK ENTERPRISES,DUPONT & LEOSK ENTERPRISES,MILIK MESTIKA SDN BHD,,,Not RSPO Certified,,2019-10-31,2.40157000000,102.66721000000,MYS,Malaysia,Johor,Ledang,1-Fully Verified,,,"MILIK MESTIKA (LEDANG MAS),DUPONT & LEOSK ENTERPRISES SDN BHD,MILIK MESTIKA SDN BHD,KILANG KELAPA SAWIT LEDANG MAS,LEDANG MAS,MILIK MESTIKA SDN BHD (KILANG KELAPA SAIWT
LEDANG MAS),BATU BULAN POM,,LADANG MAS"
PO1000007582,KUMBANGO,NBPOL,NBPOL,NEW BRITAIN PALM OIL,NBPOL,,RSPO Certified,"RSPO Certified, IP",2019-10-31,-5.59186000000,150.21280000000,PNG,Papua New Guinea,West New Britain,Talasea,1-Fully Verified,,,",,,,,,,KUMBANGO MILL,KUMBANGO*,NEW BRITAIN PALM OIL LIMITED,NEW BRITAIN PALM OIL LIMITED,NEW BRITAIN PALM OIL LIMITED"
PO1000007585,KWALA SAWIT,PTPN III,PTPN III,PERKEBUNAN NUSANTARA II,PTPN II,,Not RSPO Certified,,2019-10-31,3.69194000000,98.15306000000,IDN,Indonesia,Sumatera Utara,Langkat,1-Fully Verified,,,"PADANG TUALANG UNIT - KWALA SAWIT MILL,PERKEBUNAN NUSANTARA II (KWALA SAWIT),,PEPUTRA SUPRA JAYA,PKS KWALA SAWIT,PTP NUSANTARA II (KWALA SAWIT},PTP NUSANTARA II (KWALA SAWA),,,,,PTP NUSANTARA II (KWALA SAWIT),PTPN II (KWALA SAWIT),,,SAWIT MILL
PADANG TUALANG UNIT - SAWIT,KWALA SAWIT MILL,,,RKEBUNAN NUSANTARA II (KWALA SA"
PO1000007586,KEBUN RIMBA BELIAN,PTPN III,PTPN III,PERKEBUNAN NUSANTARA XIII,,,Not RSPO Certified,,2019-10-31,-0.02874000000,110.45414000000,IDN,Indonesia,Kalimantan Barat,Sanggau,1-Fully Verified,,,"RIMBA BELIAN,PERKEBUNAN NUSANTARA XIII (RIMBA BELIAN)*,PERKEBUNAN NUSANTARA VI (RIMBA BELIAN),PERKEBUNAN NUSANTARA XIII (RIMBA BELIAN)"
PO1000007587,SERARAS,MULTI PRIMA ENTAKAI,MULTI PRIMA ENTAKAI,PERMATA HIJAU SARANA,,,Not RSPO Certified,,2019-10-31,0.04467000000,111.02510000000,IDN,Indonesia,Kalimantan Barat,Sekadau,1-Fully Verified,,,"PERMATA HIJAU SARANA,,,,,,,,,PT. PERMATA HIJAU SARANA,DUTA MENTARI RAYA,,,,PERMATA HIJAU SARANA (SERARAS),,"
PO1000007589,RIMBO PANJANG SUMBER MAKMUR,UNKNOWN,,RIMBO PANJANG SUMBER MAKMUR,,,Not RSPO Certified,,2019-10-31,-0.02709000000,100.00298000000,IDN,Indonesia,Sumatera Barat,Pasaman Barat,1-Fully Verified,,,",,,,,,,,,,PT.RIMBO PANJANG SUMBER MAKMUR,RRIMBO PANJANG SUMBER MAKM,RRIMBO PANJANG SUMBER MAKM,RIMBO PANJANG
SUMBER MAKMUR,,,RIMBO PANJANG SUMBERMAKMUR"
PO1000007590,RIAU AGRI,UNKNOWN,,RIAU AGRI,,,Not RSPO Certified,,2019-10-31,-0.64075000000,102.79478000000,IDN,Indonesia,Riau,Indragiri Hilir,2-High Confidence,,,"PT. RIAU AGRI,,,,,,,,,,,RIAU AGRI PT.,PT RIAU AGRI,,,,,"
PO1000007591,ROHUL PALMINDO,UNKNOWN,Astra Agro Lestari (AAL),ROHUL PALMINDO,,,Not RSPO Certified,,2019-10-31,0.98675000000,100.73253000000,IDN,Indonesia,Riau,Rokan Hulu,1-Fully Verified,,,"ROHUL SAWIT INDUSTRI (ROHUL PALMINDO),,,,,"
PO1000007593,LAMBIR,SARAWAK OIL PALMS BERHAD,Sarawak Oil Palms,SARAWAK OIL PALMS BERHAD,,,Not RSPO Certified,,2019-10-31,4.13643000000,113.97708000000,MYS,Malaysia,Sarawak,Miri,1-Fully Verified,,,"SARAWAK OIL PALMS,,SARAWAK OIL PALM,LAMBIR POM,LAMBIR OIL MILL"
PO1000007594,SARI BUAH SAWIT,UNKNOWN,,SARI BUAH SAWIT,,,Not RSPO Certified,,2019-10-31,-0.04964000000,99.88314000000,IDN,Indonesia,Sumatera Barat,Pasaman Barat,1-Fully Verified,,,"PT. SARI BUAH SAWIT,,,,PEPUTRA SUPRA JAYA,,,,,,,,"
PO1000007595,SEBANGA MULTI SAWIT,UNKNOWN,,SEBANGA MULTI SAWIT,,,Not RSPO Certified,,2019-10-31,1.25598000000,101.28869000000,IDN,Indonesia,Riau,Bengkalis,1-Fully Verified,,,",,,SECIANGA MULTI SAWN,,,,,,,,SEBANGA MULTI: SAWIT,SEBANGA MULTI SAWIT PT.,PT SEBANGA MULTI SAWIT,"
PO1000007596,SARI LEMBAH SUBUR 2,ASTRA AGRO LESTARI,Astra Agro Lestari (AAL),SARI LEMBAH SUBUR,,,Not RSPO Certified,,2019-10-31,-0.00208000000,102.19642000000,IDN,Indonesia,Riau,Pelalawan,1-Fully Verified,,,",,,SARI ADITYA LOKA 1,,,,SARI LEMBAH
SUBUR 2,,,,,PKS 2,SARI LEMBAH SUBUR 2 PT.,,,SARI LEMBAH SUBUR 2 PALM OIL MILL"
PO1000007598,SINAR JAYA INTI MULYA,SINAR JAYA AGRO INVESTAMA (SJAI),SINAR JAYA AGRO INVESTAMA (SJAI),SINAR JAYA INTI MULYA,,,Not RSPO Certified,,2019-10-31,-2.48743000000,113.00728000000,IDN,Indonesia,Kalimantan Tengah,Kotawaringin Timur,1-Fully Verified,,Crusher,"SINAR JAYA INTI MULYA (KANTOR),SINAR JAYA INTI MULYA (KT),,,,WINDU NABATINDO LESTARI (KATARI AGRO MILL),SINAR JAYA INTI MULYA 1,,"
PO1000007599,SUNGAI PERAK,TSANI HUTANI ABADI (THA),THA,KRUING LESTARI JAYA,,,Not RSPO Certified,,2019-10-31,-0.66144000000,115.58972000000,IDN,Indonesia,Kalimantan Timur,Kutai Barat,1-Fully Verified,,,"KRUING LESTARI JAYA,,,,,"
PO1000007600,SAWIT JUJUHAN ABADI,UNKNOWN,DTK Opportunity,SAWIT JUJUHAN ABADI,,,Not RSPO Certified,,2019-10-31,-1.24208000000,101.74614000000,IDN,Indonesia,Jambi,Bungo,1-Fully Verified,,,"SEKAPUR SIRIH,,,,,,,,,,,SEKAPUR SIRIH (PSS),PIPIT MUTIARA INDAH POM"
PO1000007601,LUM,NG CHIN SIU & SONS GROUP,NG CHIN SIU & SONS GROUP,KILANG MINYAK KELAPA SAWIT LUM SDN BHD,,,Not RSPO Certified,,2019-10-31,2.74357000000,102.93882000000,MYS,Malaysia,Pahang,Rompin,1-Fully Verified,,,"KILANG MINYAK SAWIT LUM,LUM OIL MILL,,NG CHIN SIU GROUP OF COMPANIES,LHUDM,KILANG MINYAK KELAPA SAWIT LUM SDN BHD,KILANG MINYAK KELAPA SAWIT LUM SDN. BHD.,KILANG MINYAK KELAPA SAWIT LUM SDN. BHD.,KILANG MINYAK KELAPA SAWIT LUM
SDN.BHD.,KILANG MINYAK KELAPA SAWIT
LUM SDN.BHD.,KILANG MINYAK
KELAPA SAWIT
LUM SDN. BHD.,,,,,KILANG MINYAK KELAPA SAWIT LUM
SDN. BHD.,KILANG MINYAK KELAPA SAWIT LUM SDN
BHD (54634-U),,,,,,,,,,KILANG MINYAK KELAPA SAWIT LUM SDN.BHD.,,BLHUDM,BLHUDM,BLHUDM,BLHUDM,,,KILANG MINYAK KELAPA SAWIT LUM SDN.,KILANG MINYAK KELAPA SAWIT LUM SDN.,,KILANG MINYAK SAWIT LUM SDN BHD,KILANG MINYAK KELAPA SAWIT LUM
SDN BHD,KILANG MINYAK KELAPA SAWIT LUM SDN.
BHD.,KILANG MINYAK KELAPA SAWIT
LUM SDN BHD,KILANG MINYAK KELAPA SAWIT LUM SDN
BHD (LUM OIL MILL),KILANG MINYAK KELAPA SAWIT LUM SDN BHD (LUM OIL MILL),KEDIPI MILL,SAWIT LUM,KILANG MINYAK KELAPA SAWIT LUM SDN.
BHD.,NCS GROUP,,,KRAU,,,,KILANG MINYAK KELAPA SAWIT LUM 
SDN.BHD.,KILANG MINYAK KELAPA SAWIT LUM,LUM OIL,KILANG MINYAK KELAPA SAWIT LUMSDN.BHD."
PO1000007602,SAWITA,SINAR MAS,Sinar Mas,SAWITA KARYA MANUNGGUL,,,Not RSPO Certified,,2019-10-31,-2.54664000000,116.14067000000,IDN,Indonesia,Kalimantan Selatan,Kota Baru,1-Fully Verified,,,"SAWITAKARYA MANUNGGUL SAWITA,SAWITA KARYA MANUNGGUL MILL,PT SAWITAKARYA MANUNGGUL - SAWITA,,,,"
PO1000007603,SATU SEMBILAN DELAPAN,KUALA LUMPUR KEPONG (KLK),KUALA LUMPUR KEPONG (KLK),SATU SEMBILAN DELAPAN,,,RSPO Certified,"RSPO Certified, IP",2019-10-31,2.14256000000,117.29838000000,IDN,Indonesia,Kalimantan Timur,Berau,1-Fully Verified,,,"SATU SEMBILAN DELAPAN (SEGAH),,SEGAH,SEGAH PALM
OIL MILL,SEGAH POM,,SEGAH PALM OIL MILL,,PT SATU
SEMBILAN
DELAPAN,SATU SEMBILAN
DELAPAN,PT SATU SEMBILAN DELAPAN,PT SATU SEMBILAN
DELAPAN,,"
PO1000007604,SUNGAI GALUH,PTPN III,PTPN III,PERKEBUNAN NUSANTARA V,PTPN V,,RSPO Certified,"RSPO Certified, MB",2019-10-31,0.54692000000,101.22910000000,IDN,Indonesia,Riau,Kampar,1-Fully Verified,,,"SEI GALUH,SEI GALUH MILL,PKS SEI GALUH,,,,MITRASARI PRIMA,PIP NUSANTARA V (SEI GALUH),,,,,,,PTP NUSANTARA (SEI GALUH),PTPN V - SEI GALUH MILL,PTP NUSANTARA V (SEI GALUH),PERKEBUNAN NUSANTARA V (SEI GALU,PTP  V - SEI  ALUH MILL,PERKEBUNAN NUSANTARA V (SEI GALUH),PTPN V (SEI GALUH)"
PO1000007605,SEI GARO,PTPN III,PTPN III,PERKEBUNAN NUSANTARA V,PTPN V,,RSPO Certified,"RSPO Certified, MB",2019-10-31,0.64402000000,101.10970000000,IDN,Indonesia,Riau,Kampar,1-Fully Verified,,,",,,MULTI AGRO SENTOSA,PERKEBUNAN NUSANTARA V (SEI GARO),PTP NUSANTARA V (SAL GARO),,,,,,,PTP NUSANTARA V(SEI GARO),PKS SEI GARO,PKS SEI GARO,PTPN V - SEI GARO MILL,PERKEBUNAN NUSANTARA V,PTP NUSANTARA V (SEI GARO),PERKEBUNAN NUSANTARA V (SEI GARO,PTP  V - SEI  ARO MILL,PTPN V (SEI GARO)"
PO1000007609,BENKAYANG,DHARMA AGUNG WIJAYA (DAW),DHARMA AGUNG WIJAYA (DAW),SENTOSA BUMI WIJAYA,,,Not RSPO Certified,,2019-10-31,1.04422000000,109.57953000000,IDN,Indonesia,Kalimantan Barat,Bengkayang,1-Fully Verified,,,"SENTOSA BUMI WIJAYA,SENTOSA BUMI WIJAYA,TUDUNG AGRI (SENTOSA BUMI WIJAYA),,,,,,,,,ABDI BUDI MULIA 117"
PO1000007610,SERASAN SEKUNDANG SAWITMAS,SINAR JAYA AGRO INVESTAMA (SJAI),SINAR JAYA AGRO INVESTAMA (SJAI),SERASAN SEKUNDANG SAWITMAS,,,Not RSPO Certified,,2019-10-31,-3.89291000000,104.09561000000,IDN,Indonesia,Sumatera Selatan,Muara Enim,1-Fully Verified,,,"PT . SERASAN SEKUNDANG SAWITMAS,,,,,"
PO1000007611,TYSAISA,LA FABRIL,LA FABRIL,EXTRACTORA AGRICOLA RIO MANSO,,,Not RSPO Certified,,2019-10-31,0.05827000000,-79.40961000000,ECU,Ecuador,Esmeraldas,Quinindé,1-Fully Verified,,,
PO1000007612,SERI LANGAT,SERI ULU LANGAT PALM OIL MILL SDN BHD,SERI ULU LANGAT PALM OIL MILL,SERI LANGAT PALM OIL MILL SDN BHD,,,Not RSPO Certified,,2019-10-31,2.86379000000,101.51281000000,MYS,Malaysia,Selangor,Kuala Langat,1-Fully Verified,,,"SERI LANGAT PALM OIL MILL SDN BHD,SERI LANGAT PALM OIL MILL SDN.BHD,SERI LANGAT PALM OIL MILL SDN. BHD.,,,,SERI LANGAT PALM OIL MILL SDN
BHD,,,,,SERI LANGAT PALM OIL MILL,LADANG ROMPIN,,,,,SERI LANGAT PALM 0IL MILL SDN BHD,SERI LANGAT PALM OIL MILL SDN.BHD."
PO1000007613,MUARA MERANG,SALIM GROUP,Salim,MENTARI SUBUR ABADI,,,Not RSPO Certified,,2019-10-31,-2.14362000000,104.19821000000,IDN,Indonesia,Sumatera Selatan,Musi Banyuasin,1-Fully Verified,,,"PT. MENTARI SUBUR ABADI,MENTARI SUBUR ABADI"
PO1000007616,SUMATERA JAYA AGRO LESTARI,INCASI RAYA (GUNAS),Incasi Raya Group (IRG),SUMATERA JAYA AGRO LESTARI,,,Not RSPO Certified,,2019-10-31,-0.41106000000,110.18269000000,IDN,Indonesia,Kalimantan Barat,Sanggau,1-Fully Verified,,,"SUMATERA JAYA AGRO LESTARI*,,,,SUMATERAJAYA AGROLESTARI,ABDI BUDI MULIA 1083"
PO1000007618,SONDAI MUARA,AGRINDO,AGRINDO,KALIMANTAN RIA SEJAHTERA,,,Not RSPO Certified,,2019-10-31,-1.17998000000,114.03198000000,IDN,Indonesia,Kalimantan Tengah,Kapuas,1-Fully Verified,,,KALIMANTAN RIA SEJAHTERA
PO1000007619,AUR GADING,PTPN III,PTPN III,PERKEBUNAN NUSANTARA VI,,,Not RSPO Certified,,2019-10-31,-1.86270000000,103.02070000000,IDN,Indonesia,Jambi,Batang Hari,1-Fully Verified,,,"PERKEBUNAN NUSANTARA VI (AUR GADING),PERKEBUNAN NUSANTARA VI (AUR
GADING),,,,,,PTPN VI (AUR GADING),RKEBUNAN NUSANTARA VI  AUR GADI,ABDI BUDI MULIA 73"
PO1000007621,CEMPAKA SAKTI,ZTE AGRIBUSINESS,ZTE AGRIBUSINESS,SINAR CITRA CEMERLANG,,,Not RSPO Certified,,2019-10-31,-2.13300000000,112.90600000000,IDN,Indonesia,Kalimantan Tengah,Kotawaringin Timur,1-Fully Verified,,,"SINAR CITRA CEMERLANG,PMKS CEMPAKA SAKTI,,,,,,,CEMERLANG,,,,,,"
PO1000007622,PERKEBUNAN KALTIM UTAMA I,TOBA BARA,TOBA BARA,PERKEBUNAN KALTIM UTAMA I,,,Not RSPO Certified,,2019-10-31,-0.72846000000,117.18548000000,IDN,Indonesia,Kalimantan Timur,Kutai Kartanegara,1-Fully Verified,,,"PERKEBUNAN KALTIM UTAMA,PERKEBUNAN KALTIM UTAMA 1,PERKEBUNAN KALTIM
UTAMA I"
PO1000007623,FELIZA,CAHAYA TIARA PLANTATION,CAHAYA TIARA PLANTATION,CAHAYA ANUGERAH PLANTATION,,,Not RSPO Certified,,2019-10-31,-0.09158000000,117.02864000000,IDN,Indonesia,Kalimantan Timur,Kutai Kartanegara,1-Fully Verified,,,"CAHAYA ANUGERAH PLANTATION,,,,CAHAYA ANUGERAH PLANTATIO,,,,,FELIZA ESTATE &"
PO1000007624,RUCHI SOYA,RUCHI SOYA,RUCHI SOYA,RUCHI SOYA INDUSTRIES,,,Not RSPO Certified,,2019-10-31,16.59829000000,80.90044000000,IND,India,Andhra Pradesh,Krishna,1-Fully Verified,,,"AMPAPURAM,RUCHI SOYAINDUSTRIES LTD.,AMPAPURAM,RUCHI SOYAINDUSTRIES LTD.,AMPAPURAM,RUCHI SOYAINDUSTRIES LTD.,AMPAPURAM,RUCHI SOYAINDUSTRIES LTD.,AMPAPURAM,RUCHI SOYAINDUSTRIES LTD.,AMPAPURAM,RUCHI SOYAINDUSTRIES LTD.,AMPAPURAM,RUCHI SOYAINDUSTRIES LTD.,AMPAPURAM,RUCHI SOYAINDUSTRIES LTD.,AMPAPURAM,RUCHI SOYAINDUSTRIES LTD.,AMPAPURAM,RUCHI SOYAINDUSTRIES LTD.,AMPAPURAM,RUCHI SOYAINDUSTRIES LTD.,AMPAPURAM,RUCHI SOYAINDUSTRIES LTD.,AMPAPURAM,RUCHI SOYAINDUSTRIES LTD.,AMPAPURAM,RUCHI SOYAINDUSTRIES LTD.,AMPAPURAM,RUCHI SOYAINDUSTRIES LTD.,AMPAPURAM,RUCHI SOYAINDUSTRIES LTD.,AMPAPURAM,HARGUN AGRO INDUSTRIES,RUCHI SOYA INDUSTRIESLTD., AMPAPURAM,RUCHI SOYA INDUSTRIESLTD., AMPAPURAM,RUCHI SOYA INDUSTRIESLTD., AMPAPURAM,RUCHI SOYA INDUSTRIESLTD., AMPAPURAM,RUCHI SOYA INDUSTRIESLTD., AMPAPURAM,RUCHI SOYA INDUSTRIESLTD., AMPAPURAM,RUCHI SOYA INDUSTRIESLTD., AMPAPURAM,RUCHI SOYA INDUSTRIESLTD., AMPAPURAM,RUCHI SOYA INDUSTRIESLTD., AMPAPURAM,RUCHI SOYA INDUSTRIESLTD., AMPAPURAM,RUCHI SOYA INDUSTRIESLTD., AMPAPURAM,RUCHI SOYA INDUSTRIESLTD., AMPAPURAM,RUCHI SOYA INDUSTRIESLTD., AMPAPURAM,RUCHI SOYA INDUSTRIESLTD., AMPAPURAM,RUCHI SOYA INDUSTRIESLTD., AMPAPURAM,RUCHI SOYA INDUSTRIESLTD., AMPAPURAM,RUCHI SOYA INDUSTRIESLTD., AMPAPURAM,RUCHI SOYA INDUSTRIESLTD., AMPAPURAM,RUCHI SOYA INDUSTRIESLTD. AMPAPURAM,RUCHI SOYA INDUSTRIES
LTD. AMPAPURAM"
PO1000007625,RUNDING PUTRA PERSADA,RUNDING PUTRA PERSADA,Runding Putra Persada,RUNDING PUTRA PERSADA,,,Not RSPO Certified,,2019-10-31,2.46267000000,97.93961000000,IDN,Indonesia,Aceh,Aceh Singkil,1-Fully Verified,,,"FORTIUS AGRO ASIA,,,,,PT RUNDING PUTRA PERSADA,RUNDING PUTRA
PERSADA,,,,,"
PO1000007626,SAKO,SINAR MAS,Sinar Mas,ADITUNGGAL MAHAJAYA,,,Not RSPO Certified,,2019-10-31,-2.03560000000,112.23870000000,IDN,Indonesia,Kalimantan Tengah,Seruyan,1-Fully Verified,,,"ADITUNGGAL MAHAJAYA,PT SINAR KENCANA INTI PERKASA - SAKO,,,,,,,,,,,ADITUNGGAL MAHAJAYA - SAKO,,,"
PO1000007627,SAWIT GRAHA MANUNGGAL,ANGLO-EASTERN PLANTATION (AEP),Anglo Eastern Plantations (AEP),SAWIT GRAHA MANUNGGAL,,,Not RSPO Certified,,2019-10-31,-2.07272000000,115.06854000000,IDN,Indonesia,Kalimantan Tengah,Barito Timur,1-Fully Verified,,,"LUWU,SAWIT GRAHA
MANUNGGAL,,,,,,,ABDI BUDI MULIA 923"
PO1000007628,MANGSANG,UNKNOWN,,BINAKARYA ERAMANDIRI,,,Not RSPO Certified,,2019-10-31,-2.17300000000,103.98700000000,IDN,Indonesia,Sumatera Selatan,Musi Banyuasin,1-Fully Verified,,,"BINAKARYA ERAMANDIRI (MANGSANG),BINAKARYA ERAMANDIRI,,BINAKARYA EREMANDIRI,,BINA KARYA ERAMANDIRI,,PEKAWAI POM,,BINA KARYA ERA MANDIRI,ABDI BUDI MULIA 606"
PO1000007629,SURYA AGROLIKA REKSA 2,ADIMULIA,Adimulia Agrolestari Group,SURYA AGROLIKA REKSA,,,Not RSPO Certified,,2019-10-31,-0.20561000000,101.31894000000,IDN,Indonesia,Riau,Kuantan Singingi,1-Fully Verified,,,"SURYA AGROLIKA REKSA (SINGINGI),SINGINGI,,PKS 2 - SINGINGI,SURYA AGROLIKA REKSA 2 (SINGINGI),KOTOBARU,,,,PKS 2 ‐ SINGINGI,,,,,,,,SURYA AGROLIKA REKSA,ADIMULIA,"
PO1000007630,PERDANA INTI SAWIT PERKASA 2,FIRST RESOURCES,First Resources (FR),PERDANA INTISAWIT PERKASA,,,Not RSPO Certified,,2019-10-31,1.16733000000,100.70478000000,IDN,Indonesia,Riau,Rokan Hulu,1-Fully Verified,,,"PERDANA INTISAWIT PERKASA 2 MILL,PERDANA INTISAWIT PERKASA 2,LAUT TADOR (SSM),PERDANA INTISAWIT PERKASA - 2 MILL"
PO1000007632,SRI OIL EXTRACTION LTD,UNKNOWN,,SRI OIL EXTRACTION LTD,,,Not RSPO Certified,,2019-10-31,6.17981000000,-1.15486000000,GHA,Ghana,Eastern,Birim North,1-Fully Verified,,,"SRI GHANA OILS,SRI,SRIGHANA OILSEXTRACTION LTD"
PO1000007634,KASAI,MAKIN,Makin,SURYA INTI SAWIT KAHURIPAN,,,Not RSPO Certified,,2019-10-31,-1.90681000000,112.83290000000,IDN,Indonesia,Kalimantan Tengah,Kotawaringin Timur,1-Fully Verified,,,"SURYA INTI SAWIT KAHURIPAN,SURYA INTISAWIT KAHURIPAN (KASAI),SURYA INTISAWIT KAHURIPAN KASAI,,,TASIK RAJA,,,,,SURYA INTI SAWIT KAHURIPAN – PKS KASAI,SURYA INTI SAWIT KAHURIPAN - KASAI,SUKAMANDANG MILL,,,PPKS KASAI,ABDI BUDI MULIA 449"
PO1000007635,TANTAHAN PANDUHUP ASI,SUMBER TANI AGUNG (STA),STA,TANTAHAN PENDUHUP ASI,,,Not RSPO Certified,,2019-10-31,-1.42146000000,113.40108000000,IDN,Indonesia,Kalimantan Tengah,Gunung Mas,1-Fully Verified,,,",,SUMBERTAMA NUSA PERTIWI,,,,,TUMBANG SEPAN,TPA GUNUNG MAS,,,,ABDI BUDI MULIA 1186"
PO1000007637,BUMI MEKAR TANI,TUDUNG,TUDUNG,BUMI MEKAR TANI,,,Not RSPO Certified,,2019-10-31,-2.49479000000,102.87414000000,IDN,Indonesia,Sumatera Selatan,Musi Rawas,1-Fully Verified,,,",,,,,,,,,,,"
PO1000007638,KUTAI BALIAN NAULI,CHELLAM PLANTATIONS,CHELLAM PLANTATIONS,KUTAI BALIAN NAULI,,,Not RSPO Certified,,2019-10-31,0.75000000000,117.35000000000,IDN,Indonesia,Kalimantan Timur,Kutai Timur,1-Fully Verified,,,"MAHKOTA ANDALAN SAWIT,,,,,"
PO1000007639,EXTRACTORA SAN SEBASTIANO S.A.S.,UNKNOWN,EXTRACTORA SAN SEBASTIANO S.A.S.,EXTRACTORA SAN SEBASTIANO S.A.S.,,,Not RSPO Certified,,2019-10-31,4.10167000000,-71.91972000000,COL,Colombia,Meta,Puerto Gaitán,1-Fully Verified,,,"EXTRACTORA SAN SEBASTIANO,,,,,,EXTRACTORA SAN SEBASTIANO S.A.S,PROTEINAS DEL ORIENTE S.A.,OPERADORA DE PALMA DE LA ALTILLANURA,PROTEINAS DEL ORIENTE S.A.S.,EXTRACTORA  SAN SEBASTIANO
SAS,EXTRACTORA  SAN SEBASTIANO SAS,"
PO1000007640,BANYUASIN NUSANTARA SEJAHTERA,UNKNOWN,,BANYUASIN NUSANTARA SEJAHTERA,,,Not RSPO Certified,,2019-10-31,-2.87834000000,104.72728000000,IDN,Indonesia,Sumatera Selatan,Palembang,1-Fully Verified,,"Crusher,CPO",RBANYUASIN NUSANTARA SEJAHT
PO1000007641,BATANG CENAKU,Tasma Puja,Tasma Puja,TASMA PUJA,,,Not RSPO Certified,,2019-10-31,-0.81467000000,102.19000000000,IDN,Indonesia,Riau,Indragiri Hulu,1-Fully Verified,,,",,,BUNGO LIMBUR,,,,,,,,TASMA PUJA PT,PT TASMA PUJA,TASMA PUJA (BATANG CENAKU),,,,,"
PO1000007642,BONTI PERMAI JAYA,LYMAN AGRO,Lyman ,BONTI PERMAI JAYA,,,Not RSPO Certified,,2019-10-31,0.21493000000,111.54985000000,IDN,Indonesia,Kalimantan Barat,Sintang,1-Fully Verified,,,"BONTIPERMAI JAYARAYA,BONTI PERMAI JAYARAYA,,,,PT BONTI PERMAI JAYARAYA,BUKIT PERAK POM"
PO1000007644,EASTERN PALM OIL,THAI EASTERN GROUP,THAI EASTERN GROUP,EASTERN PALM OIL,,,RSPO Certified,"RSPO Certified, MB",2019-10-31,13.07510000000,101.39612000000,THA,Thailand,Chon Buri,Nong Yai,1-Fully Verified,,,ABDI BUDI MULIA 258
PO1000007645,ORGANIC SUPPLY S.A.,UNKNOWN,ORGANIC CROPS S.A.,ORGANIC CROPS S.A.,,,Not RSPO Certified,,2019-10-31,-0.20153000000,-79.19006000000,ECU,Ecuador,Santo Domingo de los Tsachilas,Santo Domingo,1-Fully Verified,,,"EPACEM S.A.,EPACEM,EXTRACTORA Y PROCESADORA DE ACEITES
EPACEM SA"
PO1000007646,SUBULUSSALAM,Global Sawit Semesta (GSS),Global Sawit Semesta (GSS),GLOBAL SAWIT SEMESTA,Global Sawit Semesta (GSS),,Not RSPO Certified,,2019-10-31,2.617386,98.028350,IDN,Indonesia,Aceh,Subulussalam,1-Fully Verified,,,"GLOBAL SAWIT SEMESTA,PT. GLOBAL SAWIT SEMESTA,GLOBAL SAWIT SEMESTA MILL,PRADIKSI GUNATAMA"
PO1000007648,DWIE WARNA KARYA,GENTING PLANTATIONS,Genting,DWIE WARNA KARYA,,,Not RSPO Certified,,2019-10-31,-0.84194000000,114.08000000000,IDN,Indonesia,Kalimantan Tengah,Kapuas,1-Fully Verified,,,"DWIE WARNA KARYA (GOLDEN HILL),KALIMANTAN SAWIT KUSUMA,GOLDEN HILL,GOLDEN HILL OIL MILL,,,,,,"
PO1000007649,GRASAS EL PUERTO,UNKNOWN,,GRASAS EL PUERTO,,,Not RSPO Certified,,2019-10-31,8.89166000000,-71.97207000000,VEN,Venezuela,Zulia,Colón,1-Fully Verified,,,GRASAS EL PUERTO C.A
PO1000007651,PKS 3 HANAKAU,SUNGAI BUDI,SUNGAI BUDI,AGRO BUMI MAS,,,Not RSPO Certified,,2019-10-31,-4.57283000000,104.75531000000,IDN,Indonesia,Lampung,Lampung Utara,2-High Confidence,,,"HANAKAU,AGRO BUMI MAS,,,ABDI BUDI MULIA 808"
PO1000007652,BERKAT SAWIT SEJAHTERA,SUPERVENTURE,SUPERVENTURE,BERKAT SAWIT SEJAHTERA,,,Not RSPO Certified,,2019-10-31,-0.71000000000,102.66000000000,IDN,Indonesia,Riau,Indragiri Hilir,1-Fully Verified,,,"BERKAT SAWIT SEJAHTERA (INHIL),,BERKAT SAWIT SEJAHTERA INHIL,INDRAGIRI HILIR,INHIL,,,,PARASAWITA,,,,,,,,PT BERKAT SAWIT SEJATI MILL,BERKAT SAWIT SEJAHTERA (INHI,PT. BERKAT SAWIT SEJAHTERA (INHIL),PT. BERKAT SAWIT SEJAHTERA (INHIL),PT BERKAT SAWIT SEJAHTERA,BERKAT SAWIT SEJAHTERA II"
PO1000007653,JAYA GEMILANG SUKSES,UNKNOWN,,JAYA GEMILANG SUKSES,,,Not RSPO Certified,,2019-10-31,1.59869000000,100.90522000000,IDN,Indonesia,Riau,Rokan Hilir,1-Fully Verified,,,"PT JAYA GEMILANG SUKSES,,,,"
PO1000007654,JELALONG,GLENEALY PLANTATIONS SDN BHD,Glenealy Plantations (GPSB),SAMLING PLANTATION SDN BHD,,,Not RSPO Certified,,2019-10-31,3.37903000000,113.99947000000,MYS,Malaysia,Sarawak,Bintulu,1-Fully Verified,,,"JELALONG PALM OIL MILL,,,,,,,,,KRIYA SWARNA PUBIAN MILL"
PO1000007655,JEMIMA & SUNGEI SENDAYAN ESTATE,CHIN TECK PLANTATIONS BERHAD,Chin Teck Plantations,CHIN TECK PLANTATIONS BERHAD,Chin Teck Plantations,,Not RSPO Certified,,2019-10-31,2.61037000000,101.85701000000,MYS,Malaysia,Negeri Sembilan,Port Dickson,1-Fully Verified,,,"JEMIMA & SUNGEI SENDAYAN
ESTATE"
PO1000007656,JERNIH KEMBOJA,JERNIH KEMBOJA SDN BHD,JERNIH KEMBOJA,JERNIH KEMBOJA SDN BHD,,,Not RSPO Certified,,2019-10-31,2.48882000000,102.93683000000,MYS,Malaysia,Johor,Segamat,1-Fully Verified,,,"JERNIH KEMBOJA SDN BHD,JERNEH KEMBOJA MILES,JERNIH
KEMBOJA SDN.
BHD.,,,,,,,,,,,,,,STABLE WIN SDN BHD,,,JERNEH KEMBOJA PALM OIL MILL,JERNIH KEMBOJA SDN BHD - MILL,KENDAWANGAN POM,JERNIH KEMBOJA MILES,JERNIH KEMBOJA SDN. BHD.,,JERNIH KEMBOJA PALM OIL MILL,JERNIH KEMBOJA POM"
PO1000007657,KAPILIT,YAYASAN SABAH GROUP,YAYASAN SABAH GROUP,SABAH SOFTWOODS BHD,,,Not RSPO Certified,,2019-10-31,4.50489000000,117.52875000000,MYS,Malaysia,Sabah,Tawau,1-Fully Verified,,,"KAPILIT POM,,SABAH SOFTWOOD - KAPILIT,,,,,,SABAH SOFTWOOD SDN BHD,KAPILIT MILL,,,KAPILIT PALM OIL MILL,PMKS UPANG JAYA,SABAH SOFTWOOD BERHAD (KAPILIT PALM OIL MILL),,,,,SABAH SOFTWOOD BERHAD (KAPILIT,,"
PO1000007658,KELAMPAI,EAGLE HIGH PLANTATIONS,Eagle High Plantations (EHPT),ARRTU PLANTATION,,,Not RSPO Certified,,2019-10-31,-1.93485000000,110.49413000000,IDN,Indonesia,Kalimantan Barat,Ketapang,1-Fully Verified,,,"ARRTU PLANTATION,,KELAMPAI MILL,ABDI BUDI MULIA 458"
PO1000007660,MULTI PERKASA SEJAHTERA,UNKNOWN,,MULTI PERKASA SEJAHTERA,,,Not RSPO Certified,,2019-10-31,0.35656000000,109.97425000000,IDN,Indonesia,Kalimantan Barat,Landak,1-Fully Verified,,,",,,,,,MULTI PERKASA
SEJAHTERA,,"
PO1000007661,MUSTIKA AGUNG SARANA SEJAHTERA,UNKNOWN,,MUSTIKA AGUNG SARANA SEJAHTERA,,,Not RSPO Certified,,2019-10-31,1.75000000000,100.93333000000,IDN,Indonesia,Riau,Rokan Hilir,1-Fully Verified,,,"PKS MUSTIKA AGUNG SARANA SEJAHTERA,,,,,,,,,,,MUSTIKA AGUNG SARANA
SEJAHTERA,EMRUASTIKA AGUNG SARANA SEJAH,EMRUASTIKA AGUNG SARANA SEJAH,EMRUASTIKA AGUNG SARANA SEJAH,PT. MUSTIKA AGUNG SARANA SEJAHTERA,PT. MUSTIKA AGUNG SARANA SEJAHTERA,PKS MUSTIKA AGUNG SARANA
SEJAHTERA,MUSTIKA AGUNG SARANA SEJAHTERA PT.,PT MUSTIKA AGUNG SARANA SEJAHTERA,SEJAHTERA,MUSTIKA AGUNG SARANASEJAHTERA,MAUSTIKA AGUNG SARANA SEJAHTERA"
PO1000007662,MUTIARANUSA AGRO SEJAHTERA,UNKNOWN,,MUTIARA NUSA AGRO SEJAHTERA,,,Not RSPO Certified,,2019-10-31,2.26924000000,99.76792000000,IDN,Indonesia,Sumatera Utara,Labuhanbatu Utara,1-Fully Verified,,,",,,,,,,MUTIARANUSA AGRO SEJAHTER,MUTIARANUSA AGRO SEJAHTER,MUTIARANUSA AGRO SEJAHTER,MUTIARANUSA AGRO SEJAHTER,MUTIARANUSA AGRO SEJAHTER,PT MUTIARANUSA AGRO SEJAHTERA,MUTIARANUSA AGRO
SEJAHTERA,,,"
PO1000007664,NANGA KIU,CITRA BORNEO INDAH (CBI),CITRA BORNEO INDAH (CBI),SAWIT MULTI UTAMA,,,Not RSPO Certified,,2019-10-31,-1.83789000000,111.53281000000,IDN,Indonesia,Kalimantan Tengah,Lamandau,1-Fully Verified,,,
PO1000007666,Extractora San Fernando,THIN OIL,C.I. TOP S.A.,Extractora San Fernando S.A.,EXTRACTORA SAN FERNANDO S.A.,,Not RSPO Certified,,2019-10-31,7.25333000000,-73.56636000000,COL,Colombia,Santander,Sabana de Torres,1-Fully Verified,,,"NUTRIMEZCLAS Y ACEITES,NUTRIMEZCLAS Y ACEITES S.A.S.,,,,,,C.I. TOP S.A.,NUTRIMEZCLAS Y ACEITES SAS,NUTRIMEZCLASY ACEITES SAS,"
PO1000007667,OLEAGINOSAS SAN MARCOS LTDA,UNKNOWN,Oleaginosas San Marcos,OLEAGINOSAS SAN MARCOS LTDA,,,RSPO Certified,"RSPO Certified, IP, MB",2019-10-31,3.73315000000,-73.34197000000,COL,Colombia,Meta,San Carlos de Guaroa,2-High Confidence,,,"OLEAGINOSAS SAN MARCOS,OLEAGINOSAS SAN MARCOS S.A.,,,,,,,,,,OLEOAGINOSAS SAN MARCOS S.A.,OLEOAGINOSAS SAN MARCOS S.A.,OLEAGINOSAS SAN MARCOS LTDA.,OLEAGINOSAS SAN
MARCOS S.A.,OLEAGINOSAS SAN MARCOS
S.A.,OLEAGINOSAS SAN MARCOS
S.A.,OLEAGINOSAS SAN MARCOS
S.A.,OLEAGINOSAS SAN MARCOS
S.A.,OLEAGINOSAS SAN
MARCOS S.A."
PO1000007670,POTHAPALLI,UNKNOWN,Godrej Agrovet,GODREJ AGROVET LTD,,,Not RSPO Certified,,2019-10-31,17.00341000000,81.26000000000,IND,India,Andhra Pradesh,West Godavari,1-Fully Verified,,,"CH POTHEPALLI,GODREJ AGROVETLTD., POTHAPALLI,GODREJ AGROVETLTD., POTHAPALLI,GODREJ AGROVETLTD., POTHAPALLI,GODREJ AGROVETLTD., POTHAPALLI,GODREJ AGROVETLTD., POTHAPALLI,GODREJ AGROVETLTD., POTHAPALLI,GODREJ AGROVETLTD., POTHAPALLI,GODREJ AGROVETLTD., POTHAPALLI,GODREJ AGROVETLTD., POTHAPALLI,GODREJ AGROVETLTD., POTHAPALLI,GODREJ AGROVETLTD., POTHAPALLI,GODREJ AGROVETLTD., POTHAPALLI,GODREJ AGROVETLTD., POTHAPALLI,GODREJ AGROVETLTD., POTHAPALLI,GODREJ AGROVETLTD., POTHAPALLI,GODREJ AGROVETLTD., POTHAPALLI,GODREJ AGROVET LTD.,POTHAPALLI,GODREJ AGROVET LTD.,POTHAPALLI,GODREJ AGROVET LTD.,POTHAPALLI,GODREJ AGROVET LTD.,POTHAPALLI,GODREJ AGROVET LTD.,POTHAPALLI,GODREJ AGROVET LTD.,POTHAPALLI,GODREJ AGROVET LTD.,POTHAPALLI,GODREJ AGROVET LTD.,POTHAPALLI,GODREJ AGROVET LTD.,POTHAPALLI,CH.POTHEPALLI,GODREJ AGROVET LTD.,POTHAPALLI,GODREJ AGROVET LTD.,POTHAPALLI,GODREJ AGROVET LTD.,POTHAPALLI,GODREJ AGROVET LTD.,POTHAPALLI,GODREJ AGROVET LTD.,POTHAPALLI,GODREJ AGROVET LTD.,POTHAPALLI,GODREJ AGROVET LTD.,POTHAPALLI,GODREJ AGROVET LTD.,POTHAPALLI,GODREJ AGROVET LTD.,POTHAPALLI,GODREJ AGROVET LTD.POTHAPALLI,GODREJ AGROVET LTD.
POTHAPALLI"
PO1000007671,EXTRACTORA AGRICOLA RIO MANSO,LA FABRIL,LA FABRIL,EXTRACTORA AGRICOLA RIO MANSO,,,Not RSPO Certified,,2019-10-31,-0.54141000000,-79.37048000000,ECU,Ecuador,Los Rios,Buena Fé,1-Fully Verified,,,"EXTRACTORA AGRICOLA RIO MANSO-SAN CARLOS,RIO MANSO,RÍO MANSO SAN CARLOS,RÃO MANSO / SAN CARLOS"
PO1000007672,SEMPIDAN,HPI Agro,HPI-AGRO (DJARUM),SABAN SAWIT SUBUR,,,Not RSPO Certified,,2019-10-31,-0.03424000000,110.06648000000,IDN,Indonesia,Kalimantan Barat,Sanggau,1-Fully Verified,,,"NUSARAYA PERMAI,SABAN SAWIT SUBUR (SEMPIDAN),,,,,,,SEMPIDAN MILL,,,,SABAN SAWIT SUBUR - SEMPIDAN,ABDI BUDI MULIA 980"
PO1000007673,SARANA ESA CITA,MUSIM MAS,Musim Mas,SARANA ESA CITA,,,RSPO Certified,"RSPO Certified, MB",2019-10-31,1.35803000000,109.38363000000,IDN,Indonesia,Kalimantan Barat,Sambas,1-Fully Verified,,,
PO1000007706,"SUKSOMBOON PALM OIL CO,.LTD",UNKNOWN,SUKSOMBOON GROUP,SUKSOMBOON VEGETABLE OIL COMPANY LTD,,,RSPO Certified,"RSPO Certified, MB",2019-10-31,13.15752800000,101.33416700000,THA,Thailand,Chon Buri,Amphoe Nong Yai,1-Fully Verified,,"Crusher,CPO","SUKSOMBOON PALM OIL,,ABDI BUDI MULIA 1080"
PO1000007758,GENTING TRUSHIDUP,GENTING PLANTATIONS,Genting,GENTING SDC SDN BHD,,,RSPO Certified,"RSPO Certified, MB",2019-10-31,5.56327800000,117.97955600000,MYS,Malaysia,Sabah,Sandakan,1-Fully Verified,,,"TRUSHIDUP,TRUSHIDUP MILL,,ASIATIC TRUSHIDUP,GENTING
TRUSHIDUP
OIL MILL,,,,,,,,,,,,,,GENTING SDC SDN BHD (TRUSHIDUP MILL),,,,,,,GENTING TRUSHIDUP OIL MILL,GENTING TRUSHIDUP OIL MILL,GENTING TRUSHIDUP MILL,GENTING
TRUSHIDUP OIL
MILL,GENTING
TRUSHIDUP OIL MILL,SUNGAI JERNIH POM,,,,,TRUSHIDUP OIL MILL,GENTING
TRUSHIDUP PALM OIL MILL,,,,GENTING TRUSHIDUP OIL"
PO1000007786,KUNAK,TSH RESOURCES,TSH Resources ,TSH PLANTATION MANAGEMENT SDN BHD,,,RSPO Certified,"RSPO Certified, MB",2019-10-31,4.46732000000,118.18517000000,MYS,Malaysia,Sabah,Tawau,1-Fully Verified,,,"TIAN SIANG KUNAK,TSH PLANTATIONS SDN BHD (KUNAK MILL),,,,,,,,,,,,,,,TSH KUNAK PALM OIL MILL,TSH KUNAK PALM OIL MILL,TUDUNG AGRI,TSH PLANTATIONS SDN BHD (KUNAKMILL),BUMI SAWIT KENCANA POM,,,,TSH PLANTATION MANAGEMENT SDN BHD (KUNAK MILL),TSH PLANTATIONS SDN BHD (KUNAK,,"
PO1000007798,DARA LAM SOON SDN.BHD,LAM SOON (M) BERHAD,LAM SOON (M),LAM SOON PLANTATIONS SDN BHD,,,RSPO Certified,"RSPO Certified, IP",2019-10-31,3.15702000000,103.16363000000,MYS,Malaysia,Pahang,Pekan,1-Fully Verified,,,"DARA LAM SOON,DARA LAM SOON SDN BHD,,DARA LAM SOON POM,DARA LAM SOON POM,,,,,DARA LAM SOON PALM OIL MILL,,,LAM SOON,LAM SOON,LAM SOON,DARA LAM SOON
SDN.BHD,,,,DARA LAM SOON SDNBHD,,DARA LAM SOON SDN. BHD.,DARA LAM-SOON"
PO1000007943,EXTRACTORA SAN LORENZO S.A.,UNKNOWN,DANEC,INDUSTRIAS OLEANA S.A.,,,Not RSPO Certified,,2019-10-31,1.19378600000,-78.76121300000,ECU,Ecuador,Esmeraldas,San Lorenzo,1-Fully Verified,,,
PO1000007945,SILIMPOPON,KRETAM HOLDINGS BERHAD,Kretam Holdings (KHB),SYARIKAT KRETAM MILL SDN BHD,,,RSPO Certified,"RSPO Certified, MB",2019-10-31,4.32530000000,117.47736000000,MYS,Malaysia,Sabah,Tawau,1-Fully Verified,,,"SILIMPOPON
POM,,,,SYARIKAT KRETAM MILL SDN BHD (SILIM POPON),,SYARIKAT KRETAM MILL SDN BHD (SILIM
POPON),SILIMPOPON POM,SYARIKAT KRETAM MILL SDN. BHD. (SILIMPOPON),SYARIKAT KRETAM MILL SDN. BHD. (SILIMPOPON),SILIMPOPON PALM OIL MILL,SYARIKAT KRETAM MILL SDN BHD
(SILIMPOPON),SYARIKAT KRETAM MILL SDN BHD (SILIMPOPON),KUNAK POM,KRETAM HOLDINGS BERHAD,SYARIKAT KRETAM MILL SDN. BHD.
(SILIMPOPON),SYARIKAT KRETAM MILL SDN. BHD.
(SILIMPOPON),,,,SYARIKAT KRETAM MILL SDN BHD (SILIM,SYARIKAT KRETAM MILL SDN. BHD.
(SILIMPOPON)"
PO1000007953,ACEITES Y GRASAS DEL CATATUMBO SAS,UNKNOWN,,ACEITES Y GRASAS DEL CATATUMBO SAS,,,RSPO Certified,"RSPO Certified, MB",2019-10-31,8.50225000000,-72.63998000000,COL,Colombia,Norte de Santander,Tibú,1-Fully Verified,,,"EXTRACTORA ACEITES Y GRASAS DEL CATATUMBO,EXTRACTORA ACEITES Y GRASAS DEL,,,CATATUMBO,EXTRACTORA ACEITES Y GRASAS DEL
CATATUMBO S.A.S,ACEITES Y GRASAS DEL CATATUMBO S.A.S,ACEITES Y GRASAS DEL CATATUMBO,EXTRACTORA ACEITES Y GRASAS DEL CATATUMBO S.A.S"
PO1000007984,MUSTIKA SEMBULUH 2,WILMAR,Wilmar,MUSTIKA SEMBULUH,,,RSPO Certified,"RSPO Certified, MB",2019-10-31,-2.45710000000,112.49973000000,IDN,Indonesia,Kalimantan Tengah,Kotawaringin Timur,1-Fully Verified,,,",,,,,,,,,,,,ABDI BUDI MULIA 684"
PO1000008053,PALMERAS DEL ECUADOR,DANEC,DANEC,PALMERAS DEL ECUADOR,,,RSPO Certified,"RSPO Certified, MB",2019-10-31,-0.28518000000,-76.56585000000,ECU,Ecuador,Sucumbios,Shushufindi,1-Fully Verified,,,
PO1000008054,PALMERAS DE LOS ANDES SAN LORENZO,DANEC,DANEC,PALMERAS DE LOS ANDES SAN LORENZO,,,RSPO Certified,"RSPO Certified, MB",2019-10-31,1.25128000000,-78.74167000000,ECU,Ecuador,Esmeraldas,San Lorenzo,1-Fully Verified,,,
PO1000008074,SEI TAPUNG,PTPN III,PTPN III,PERKEBUNAN NUSANTARA V,PTPN V,,RSPO Certified,"RSPO Certified, MB",2020/09/01 00:00:00+00,0.598976,100.618965,IDN,Indonesia,Riau,Rokan Hulu,1-Fully Verified, ,,"PTPN V SEI TAPUNG,,,,,,,,,,,ABDI BUDI MULIA 834"
PO1000008095,MULIA AGRO PERMAI,KUALA LUMPUR KEPONG (KLK),KUALA LUMPUR KEPONG (KLK),MULIA AGRO PERMAI,,,RSPO Certified,"RSPO Certified, MB",2019-10-31,-2.43264000000,112.75315000000,IDN,Indonesia,Kalimantan Tengah,Kotawaringin Timur,1-Fully Verified,,,"PT. MULIA AGRO PERMAI,,ADIMULIA PALMO LESTARI,,MULIA AGRO
PERMAI POM,,MULIA AGRO PERMAI PALM OIL MILL,-2.43264,PT MULIA AGRO PERMAI,,,,,,,"
PO1000008122,OLDESA OLEO DE DENDE,UNKNOWN,,OLDESA ÓLEO DE DENDÊ S.A.,,,Not RSPO Certified,,2019-10-31,-13.03328000000,-39.00358000000,BRA,Brazil,Bahia,Nazaré,2-High Confidence,,,
PO1000008124,REJOSARI,PTPN III,PTPN III,PERKEBUNAN NUSANTARA VII,,,Not RSPO Certified,,2019-10-31,-5.29546000000,105.15724000000,IDN,Indonesia,Lampung,Lampung Selatan,1-Fully Verified,,,PERKEBUNAN NUSANTARA VII (REJOSARI)
PO1000008126,ASTORGA S.A.,THIN OIL,C.I. TOP S.A.,C.I. TOP S.A. ,C.I. TOP S.A.,,Not RSPO Certified,,2019-10-31,1.591347,-78.640563,COL,Colombia,Nariño,Tumaco,1-Fully Verified,,,"ASTORGA,ASTORGA (OLIO S.A.S),OLIO,OLIO S.A.S"
PO1000008127,SUMATERA MAKMUR LESTARI,INCASI RAYA (GUNAS),Incasi Raya Group (IRG),SUMATERA MAKMUR LESTARI,,,Not RSPO Certified,,2019-10-31,-0.12162000000,110.75846000000,IDN,Indonesia,Kalimantan Barat,Sekadau,2-High Confidence,,,"SUMATERA MAKMUR LESTARI 2,,,SUMATERA MAKMUR LESTARI (TINTING BOYOK),,,,SUMATERA MAKMUR LESTARI (KALBAR),PKS MAKMUR,ABDI BUDI MULIA 1085"
PO1000008128,SAWIT KALTIM LESTARI,KENCANA AGRI,Kencana Agri,SAWIT KALTIM LESTARI,,,Not RSPO Certified,,2019-10-31,-0.06600000000,116.83066000000,IDN,Indonesia,Kalimantan Timur,Kutai Kartanegara,1-Fully Verified,,,"SAWIT KALTIM LESTARI, PT.,SAWIT KALTIM LESTARI, PT.,SAWIT KALTIM LESTARI, PT.,SAWIT KALTIM LESTARI PT.,,,,,,,"
PO1000008129,ATAHUALPA,ATAHUALPA,ATAHUALPA,ATAHUALPA,,,Not RSPO Certified,,2019-10-31,-0.02273000000,-79.49803000000,ECU,Ecuador,Esmeraldas,Quinindé,1-Fully Verified,,,
PO1000008130,EXTRACTORA SAN DANIEL S.A.,UNKNOWN,,SAN DANIEL EXTRACTORA SAN DANIEL CIA LTDA,,,Not RSPO Certified,,2019-10-31,-0.01203000000,-79.45319000000,ECU,Ecuador,Santo Domingo de los Tsachilas,La Concordia,1-Fully Verified,,,"SAN DANIEL,EXTRACTORA SAN DANIEL,ELTXDTARACTORA SAN DANIEL S.A.,MOLSANDO MOLINOS SANTO DOMINGO S.A."
PO1000008131,KINALI,UNKNOWN,Sabeni Ltd,GUNUNG SAWIT ABADI,,,Not RSPO Certified,,2019-10-31,-0.04614000000,99.91570000000,IDN,Indonesia,Sumatera Barat,Pasaman Barat,1-Fully Verified,,,"GUNUNG SAWIT ABADI,,GUNUNG SAWIT ABADI (KINALI),,,,PRODUK SAWITINDO JAMBI-
PELABUHAN DAGANG,,,,,,,,PT TEGUH KARSA WANALESTARI"
PO1000008132,CIPTAMAS BUMISELARAS,CIPUTRA,CIPUTRA,CIPTAMAS BUMISELARAS,,,Not RSPO Certified,,2019-10-31,-4.86689000000,103.53424000000,IDN,Indonesia,Bengkulu,Kaur,1-Fully Verified,,,"NASAL,CIPTAMAS BUMI SELARAS,"
PO1000008133,KARANG BINTANG,JHONLIN,Jhonlin,BATULICIN AGRO SENTOSA,,,Not RSPO Certified,,2019-10-31,-3.37386000000,115.90653000000,IDN,Indonesia,Kalimantan Selatan,Tanah Bumbu,1-Fully Verified,,,"BATULICIN AGRO SENTOSA KARANG BINTANG,,,,,FORTUNA SDN BHD"
PO1000008135,PERKEBUNAN HASIL MUSI LESTARI,AMS-GANDA,AMS-GANDA,PERKEBUNAN HASIL MUSI LESTARI,,,Not RSPO Certified,,2019-10-31,-3.25424000000,103.23796000000,IDN,Indonesia,Sumatera Selatan,Musi Rawas,1-Fully Verified,,,"IPERKEBUNAN HASIL MUSI LESTA,IPERKEBUNAN HASIL MUSI LESTA,SINAR PANDAWA,PT PERKEBUNAN HASIL MUSI LESTARI,PERKEBUNAN HASIL MUSI
LESTARI,,,,,,"
PO1000008137,SUN SAWIT,INDAH,INDAH,SUN SAWIT,,,Not RSPO Certified,,2019-10-31,-3.16833000000,104.89199000000,IDN,Indonesia,Sumatera Selatan,Ogan Komering Ilir,1-Fully Verified,,,
PO1000008138,GANDA BUANINDO,UNKNOWN,KPN,GANDA BUANINDO,,,Not RSPO Certified,,2019-10-31,0.00622000000,101.23752000000,IDN,Indonesia,Riau,Kampar,1-Fully Verified,,,"PT GANDA BUANINDO,,,,"
PO1000008139,PEXA,PEXA,PEXA,PLANTA EXTRACTORA AGRICOLA LA UNION S.A. (PEXA),,,Not RSPO Certified,,2019-10-31,0.03526000000,-79.40032000000,ECU,Ecuador,Esmeraldas,Quinindé,1-Fully Verified,,,
PO1000008140,SABAN SAWIT MAKMUR,MANDHALA CIPTA PURMONO,MANDHALA CIPTA PURMONO,SABAN SAWIT SUBUR,,,Not RSPO Certified,,2019-10-31,0.15307000000,109.87820000000,IDN,Indonesia,Kalimantan Barat,Landak,1-Fully Verified,,,"SABAN SAWIT SUBUR,,,"
PO1000008141,SAWIT MAS NUSANTARA,UNKNOWN,SMN,SAWIT MAS NUSANTARA,,,Not RSPO Certified,,2019-10-31,0.16021000000,101.72073000000,IDN,Indonesia,Riau,Pelalawan,2-High Confidence,,,"PKS SAWIT MAS NUSANTARA,,,,,SAWIT MAS NUSANTARA PT.,,,"
PO1000008143,INDRALAYA AGRO LESTARI,UNKNOWN,,INDRALAYA AGRO LESTARI,,,Not RSPO Certified,,2019-10-31,-3.07425000000,104.58850000000,IDN,Indonesia,Sumatera Selatan,Muara Enim,1-Fully Verified,,,"SWADAYA INDOPALMA POM,,ABDI BUDI MULIA 379"
PO1000008144,SUNGKIT ENTERPRISES SDN BHD,KIM LOONG RESOURCES BERHAD,Kim Loong Resources,KIM LOONG PALM OIL MILLS SDN BHD,,,Not RSPO Certified,,2019-10-31,1.77665000000,103.92027000000,MYS,Malaysia,Johor,Kota Tinggi,1-Fully Verified,,,"SUNGKIT ENTERPRISE,SUNGKIT ENTERPRISES,KIM LOONG PALM OIL,KIMLOONG PALM OIL MILLS SDN BHD"
PO1000008145,PALMINA UTAMA,TIANJIN JULONG,TIANJIN JULONG (TJG),PALMINA UTAMA,,,Not RSPO Certified,,2019-10-31,-3.05486000000,114.87139000000,IDN,Indonesia,Kalimantan Selatan,Banjar,1-Fully Verified,,,ABDI BUDI MULIA 731
PO1000008146,SIBADIHON SAWITTA TOROP LESTARI,UNKNOWN,,SIBADIHON SAWITA TOROP LESTARI,,,Not RSPO Certified,,2019-10-31,1.78615000000,100.19075000000,IDN,Indonesia,Sumatera Utara,Labuhanbatu Selatan,1-Fully Verified,,,ANGGOLI
PO1000008147,BORNEO SAWIT PERSADA,UNKNOWN,PT Indograha Mandiri,BORNEO SAWIT PERSADA,,,Not RSPO Certified,,2019-10-31,-3.02058000000,115.94670000000,IDN,Indonesia,Kalimantan Selatan,Kota Baru,1-Fully Verified,,,
PO1000008148,SIMBA,MULTI PRIMA ENTAKAI,MULTI PRIMA ENTAKAI,SINTANG AGRO MANDIRI,,,Not RSPO Certified,,2019-10-31,0.14111000000,111.48500000000,IDN,Indonesia,Kalimantan Barat,Sintang,1-Fully Verified,,,"SINTANG AGRO MANDIRI,SINTANG AGRO MANDIRI (SIMBA SINTANG),,SINTANG AGRO MANDIRI SIMBA SINTANG,,,,,,,,PT. SINTANG AGRO MANDIRI,TELAGA HIKMAH POM,SINTANG,,,,SINTANG AGRO MANDIRI (SIMBA),,"
PO1000008149,KHARISMA INTI USAHA,GENTING PLANTATIONS,Genting,KHARISMA INTI USAHA,,,Not RSPO Certified,,2019-10-31,-3.00375000000,114.93578000000,IDN,Indonesia,Kalimantan Selatan,Tapin,1-Fully Verified,,,"KIU OIL MILL,KIU"
PO1000008151,BENUA LAWAS LESTARI,DUTA MARGA,DUTA MARGA,BENUA LAWAS LESTARI,,,Not RSPO Certified,,2019-10-31,-2.99819000000,115.95678000000,IDN,Indonesia,Kalimantan Selatan,Kota Baru,1-Fully Verified,,,
PO1000008152,LINGGA TIGA SAWIT,UNKNOWN,Lingga Tiga Sawit,LINGGA TIGA SAWIT,Lingga Tiga Sawit,,Not RSPO Certified,,2019-10-31,2.01444000000,99.87968000000,IDN,Indonesia,Sumatera Utara,Labuhanbatu,1-Fully Verified,,,",,SAGO NAULI,,,,,,LINGGA TIGA SAWIT PT.,,,"
PO1000008153,CANTUNG,SYNTHESIS AGRO,SYNTHESIS AGRO,FAJAR AGRO SEJAHTERA,,,Not RSPO Certified,,2019-10-31,-2.97003000000,115.95503000000,IDN,Indonesia,Kalimantan Selatan,Kota Baru,1-Fully Verified,,,"FAJAR AGRO SEJAHTERA CANTUNG,,,,FAJAR AGRO SEJAHTERA,"
PO1000008154,ABDI BUDI MULIA 2,SUMBER TANI HARAPAN (STH),SUMBER TANI HARAPAN (STH),ABDI BUDI MULIA,,,Not RSPO Certified,,2019-10-31,2.11272000000,100.27311000000,IDN,Indonesia,Sumatera Utara,Labuhanbatu Selatan,1-Fully Verified,,,"PT ABDI BUDI MULIA PKS 2,PMKS 2 - ABM,PMKS2- TANJUNG MULIA,PMKS2 - TANJUNG MULIA,"
PO1000008155,PENARIKAN,ROYAL GOLDEN EAGLE,Royal Golden Eagle (RGE),MITRA UNGGUL PUSAKA,,,Not RSPO Certified,,2019-10-31,0.19336000000,101.79508000000,IDN,Indonesia,Riau,Pelalawan,1-Fully Verified,,,"MITRA UNGGUL PUSAKA (PENARIKAN),MITRA UNGGUL PUSAKA,PT. MITRA UNGGUL PUSAKA,PENARIKAN MILL,MULTI PERKASA SEJAHTERA,PENARIKAN (PPR)"
PO1000008156,AGRI BUMI SENTOSA,J.A. WATTIE (JAWA),J.A. WATTIE (JAWA),AGRI BUMI SENTOSA,,,Not RSPO Certified,,2019-10-31,-2.96285000000,114.71130000000,IDN,Indonesia,Kalimantan Selatan,Barito Kuala,1-Fully Verified,,,
PO1000008157,AGROINDUSTRIAS EXTRACTORAS DE ACEITES VEGETALES AEXAV CIA LTDA (AEXAV),AEXAV,AEXAV,AGROINDUSTRIAS EXTRACTORA DE ACEITES VEGETALES CIA  LTDA,,,Not RSPO Certified,,2019-10-31,0.19608000000,-79.40634000000,ECU,Ecuador,Esmeraldas,Quinindé,1-Fully Verified,,,"NEGCORPBIS S.A.,AEXAV,AGROINDUSTRIAS EXTRACTORAS DE ACEITES VEGETALES AEXAV CIA
LTDA (AEXAV),AEGTRAOLEINS DCUIAS T LRTIDAAS EXTRACTORAS DE ACEITES VE"
PO1000008158,AGRO WIRA LIGATSA,UNKNOWN,,AGRO WIRA LIGATSA,,,Not RSPO Certified,,2019-10-31,0.22434000000,99.71557000000,IDN,Indonesia,Sumatera Barat,Pasaman Barat,1-Fully Verified,,,"PT AGRO WIRA LIGATSA,,ABDI BUDI MULIA 32"
PO1000008159,PARINDU,PTPN III,PTPN III,PERKEBUNAN NUSANTARA XIII,,,Not RSPO Certified,,2019-10-31,0.25056000000,110.30389000000,IDN,Indonesia,Kalimantan Barat,Sanggau,1-Fully Verified,,,"PERKEBUNAN NUSANTARA XIII (PARINDU),PABRIK MINYAK SAWIT PARINDU"
PO1000008160,NALA PALMA CADUDASA,NPC RESOURCES BERHAD,NPC Resources,NALA PALMA CADUDASA,,,Not RSPO Certified,,2019-10-31,0.27889000000,116.84444000000,IDN,Indonesia,Kalimantan Timur,Kutai Timur,2-High Confidence,,,"NALA PALMA CADADUSA,,NALA,ABDI BUDI MULIA 695"
PO1000008161,DAYA LABUHAN INDAH I,WILMAR,Wilmar,DAYA LABUHAN INDAH,,,Not RSPO Certified,,2019-10-31,2.15117000000,99.99117000000,IDN,Indonesia,Sumatera Utara,Labuhanbatu,2-High Confidence,,,"DAYA LABUHAN INDAH 1,,,,,,,,,,,,,,DAYA LABUHAN INDAH"
PO1000008162,KARYA AGRO SAWITINDO,SINAR JAYA AGRO INVESTAMA (SJAI),SINAR JAYA AGRO INVESTAMA (SJAI),KARYA AGRO SAWITINDO,,,Not RSPO Certified,,2019-10-31,-2.71011000000,101.34100000000,IDN,Indonesia,Bengkulu,Mukomuko,1-Fully Verified,,,"KARYA SAWITINDO MAS,,,,ABDI BUDI MULIA 437"
PO1000008164,MUKO MUKO INDAH LESTARI,SINAR JAYA AGRO INVESTAMA (SJAI),SINAR JAYA AGRO INVESTAMA (SJAI),MUKO MUKO INDAH LESTARI,,,Not RSPO Certified,,2019-10-31,-2.67797000000,101.32002000000,IDN,Indonesia,Bengkulu,Mukomuko,1-Fully Verified,,,"MUKO-MUKO INDAH LESTARI,PT. MUKOMUKO INDAH LESTARI,,MUKO‐MUKO INDAH LESTARI,MUKO‐MUKO INDAH LESTARI,,,MUKOMUKO INDAH LESTARI,,,,ABDI BUDI MULIA 664"
PO1000008165,KENCANA INTI PERKASA,UNKNOWN,,KENCANA INTI PERKASA,,,Not RSPO Certified,,2019-10-31,2.32384000000,99.73444000000,IDN,Indonesia,Sumatera Utara,Labuhanbatu Utara,1-Fully Verified,,,"PKS PRIMA JAYA LESTARI UTAMA,,,,PRIMA JAYA LENTEN UTAMA,,,,,,,,,PRIMA JAYA LESTARI
UTAMA,,,"
PO1000008166,HAMITA UTAMA KARSA,INDONUSA AGRO,Indonusa,HAMITA UTAMA KARSA,,,Not RSPO Certified,,2019-10-31,-2.67094000000,104.20260000000,IDN,Indonesia,Sumatera Selatan,Musi Banyuasin,1-Fully Verified,,,
PO1000008168,SURYA ANDALAN PRIMATAMA,SUNGAI BUDI,SUNGAI BUDI,SURYA ANDALAN PRIMATAMA,,,Not RSPO Certified,,2019-10-31,-2.58289000000,101.31022000000,IDN,Indonesia,Bengkulu,Mukomuko,1-Fully Verified,,,"MUKO MUKO INDAH LESTARI,,,ABDI BUDI MULIA 1129"
PO1000008170,MUSIRAWAS CITRAHARPINDO PKS 2,MUSIRAWAS,Musirawas,MUSIRAWAS CITRA HARPINDO,,,Not RSPO Certified,,2019-10-31,-2.45167000000,112.21610000000,IDN,Indonesia,Kalimantan Tengah,Seruyan,1-Fully Verified,,,"MUSIRAWAS CITRAHARPINDO-PKS II,PT. MUSIRAWAS CITRAHARPINDO,PT. MUSIRAWAS CITRAHARPINDO"
PO1000008171,BANGUN TENERA RIAU,INDAH,INDAH,BANGUN TENERA RIAU,,,Not RSPO Certified,,2019-10-31,0.28917000000,101.41694000000,IDN,Indonesia,Riau,Kampar,1-Fully Verified,,,"PT BANGUN TENERA RIAU JL,,,,,INDAH GROUP,SWADAYA MUKTI PRAKARSA MILL,,"
PO1000008173,PALMERAS DEL QUININDE / AQUISA,AGROINDUSTRIAS QUININDE AIQUISA,AGROINDUSTRIAS QUININDE AIQUISA,AGROINDUSTRIAS QUININDE AIQUISA,,,Not RSPO Certified,,2019-10-31,0.30884000000,-79.45734000000,ECU,Ecuador,Esmeraldas,Quinindé,1-Fully Verified,,,AIQUISA
PO1000008174,USAHA SAWIT MANDIRI,SUPERVENTURE,SUPERVENTURE,USAHA SAWIT MANDIRI,,,Not RSPO Certified,,2019-10-31,-2.39610000000,101.16286000000,IDN,Indonesia,Bengkulu,Mukomuko,1-Fully Verified,,,"USAHA SAWIT MANDIRI (MUKO MUKO),USAHA SAWIT MANDIRI – MUKO MUKO,BAHARI GEMBIRA RIA-PKS LADANG
PANJANG,USAHA SAWIT MANDIRI - MUKO MUKO,PT. USAHA SAWIT MANDIRI (MUKO-MUKO),PT USAHA SAWIT MANDIRI,MUKO - MUKO,MUKOMUKO (USM)"
PO1000008176,BUKIT PALEM,UNKNOWN,,BUKIT PALEM,,,Not RSPO Certified,,2019-10-31,-2.37333000000,110.64333000000,IDN,Indonesia,Kalimantan Barat,Ketapang,1-Fully Verified,,,"BUKIT PALEM MILL,PALM MAS ASRI,TIMUR,PALM MAS ASRI PT. (BUKIT PALEM),PALM MAS ASRI (BUKIT PALEM)"
PO1000008178,BASTIAN OLAH SAWIT,INDAH,INDAH,BASTIAN OLAH SAWIT,,,Not RSPO Certified,,2019-10-31,-2.35175000000,103.91411000000,IDN,Indonesia,Sumatera Selatan,Musi Banyuasin,2-High Confidence,,,"BHUMI SIMANGGARIS INDAH,,,,INDAH GROUP,,,,,,,"
PO1000008180,SUNGAI RASAU,BUMITAMA GUNAJAYA AGRO (BGA),Bumitama,KARYA BAKTI AGRO SEJAHTERA,,,Not RSPO Certified,,2019-10-31,-2.28361000000,110.50333000000,IDN,Indonesia,Kalimantan Barat,Ketapang,1-Fully Verified,,,"KARYA BAKTI AGRO SEJAHTERA,,,,,,,,,PARIT SEMBADA POM,,,,,,ABDI BUDI MULIA 1120"
PO1000008182,SUMBER ADINUSA LESTARI,UNKNOWN,Sabeni Ltd,SUMBER ADINUSA LESTARI,,,Not RSPO Certified,,2019-10-31,-2.20405000000,111.47948000000,IDN,Indonesia,Kalimantan Tengah,Lamandau,1-Fully Verified,,,",,,,,,CIPTA SAWITA JAYA CEMERLANG"
PO1000008184,NUSANTARA SAWIT PERSADA,CIPTA PLANTATION,Nusantara Sawit Sejahtera - NSS,NUSANTARA SAWIT PERSADA,,,Not RSPO Certified,,2019-10-31,-2.10683000000,112.79417000000,IDN,Indonesia,Kalimantan Tengah,Kotawaringin Timur,1-Fully Verified,,,"PMKS PERSADA,PERSADA,,,,,,,,,,,,,BILALA POM,,,PT. NUSANTARA SAWIT PERSADA,PT. NUSANTARA SAWIT PERSADA,,ABDI BUDI MULIA 711"
PO1000008185,KOROLA,UNKNOWN,,TIMURJAYA INDOMAKMUR,,,Not RSPO Certified,,2019-10-31,-2.08444000000,121.02306000000,IDN,Indonesia,Sulawesi Tengah,Morowali,1-Fully Verified,,,KOROLA ESTATEMILL
PO1000008186,SEI KANDANG,AMS-GANDA,AMS-GANDA,ASIATIC PERSADA,,,Not RSPO Certified,,2019-10-31,-2.04294000000,103.34533000000,IDN,Indonesia,Jambi,Batang Hari,1-Fully Verified,,,"ASIATIC PERSADA,BERKAT SAWIT UTAMA,PT BERKAT SAWIT UTAMA,ASIATIC PERSADA / BERKAT SAWIT UTAMA,,,SIATIC PERSADA / BERKAT SAWIT UTA"
PO1000008187,TANJUNG LEBAR,PTPN III,PTPN III,PERKEBUNAN NUSANTARA VI,,,Not RSPO Certified,,2019-10-31,-2.01890000000,103.54480000000,IDN,Indonesia,Jambi,Muaro Jambi,1-Fully Verified,,,"PTPN VI,PERKEBUNAN NUSANTARA VI (TANJUNG LEBAR),,,KEBUNAN NUSANTARA VI  TANJUNG LE,ABDI BUDI MULIA 1177,PERKEBUNAN NUSANTARA VI (TANJUNG"
PO1000008188,SUMBER GUNA NABATI,SUMBER GUNA NABATI,SUMBER GUNA NABATI (SGN),SUMBER GUNA NABATI,,,Not RSPO Certified,,2019-10-31,-2.00645000000,102.49285000000,IDN,Indonesia,Jambi,Sarolangun,2-High Confidence,,,"SUMBER GUNA NABATI MILL,,SISIRAU,,,"
PO1000008189,IGAN (BLD),BLD PLANTATION BERHAD,BLD,BINTULU LUMBER DEVELOPMENT SDN BHD,,,Not RSPO Certified,,2019-10-31,2.40537000000,111.78936000000,MYS,Malaysia,Sarawak,Sibu,1-Fully Verified,,,"IGAN,IGAN PALM OIL MILL,BLD IGAN ESTATE"
PO1000008190,SAWIT ASAHAN TETAP UTUH,UNKNOWN,,SAWIT ASAHAN TETAP UTUH,,,Not RSPO Certified,,2019-10-31,2.76689000000,99.61483000000,IDN,Indonesia,Sumatera Utara,Asahan,1-Fully Verified,,,
PO1000008191,SERI MORIB,SERI MORIB PALM OIL MILL SDN BHD,SERI MORIB PALM OIL MILL,SERI MORIB PALM OIL MILL SDN BHD,,,Not RSPO Certified,,2019-10-31,2.72136000000,101.49130000000,MYS,Malaysia,Selangor,Kuala Langat,1-Fully Verified,,,"BANTING KKS (OLD),KILANG SAWIT MORIB,SERI MORIB PALM OIL,SERI MORIB POM,SERI MORIB PALM OIL MILL,BANTING,,,,SERI MORIB PALM OIL MILL SDN BHD,SERI MORIB PALM OIL MILL SDN BHD,,BATANG CENAKU POM,,,,SERI MORIB PALM OIL MILL SDNBHD,SERI MORIB PALM
OIL MILL SDN BHD"
PO1000008193,ENSEM LESTARI,TENERA LESTARI,Tenera Lestari (TL),ENSEM LESTARI,,,Not RSPO Certified,,2019-10-31,2.45678000000,98.06502000000,IDN,Indonesia,Aceh,Aceh Singkil,1-Fully Verified,,,",,,,,,PT. ENSEM LESTARI,ENSEM,,,ENSEM LESTARI (SINGKIL)"
PO1000008194,KURNIA MITRA SAWIT,UNKNOWN,,KURNIA MITRA SAWIT,,,Not RSPO Certified,,2019-10-31,2.40888000000,99.69671000000,IDN,Indonesia,Sumatera Utara,Labuhanbatu Utara,1-Fully Verified,,,",,,,,,,KARYA MITRA ANDALAN,,,"
PO1000008195,SERI ULU LANGAT,SERI ULU LANGAT PALM OIL MILL SDN BHD,SERI ULU LANGAT PALM OIL MILL,SERI ULU LANGAT PALM OIL MILL SDN BHD,,,Not RSPO Certified,,2019-10-31,2.85169000000,101.65012000000,MYS,Malaysia,Selangor,Sepang,1-Fully Verified,,,"SERI ULU LANGAT PALM OIL MILL SDN BHD,SERI ULU LANGAT PALM OIL S/B.,SERI ULU LANGAT PALM OIL MILL
SDN.BHD,,SERI ULU LANGAT PALM OIL MILL SDN
BHD,,,SERI ULU LANGAT PALM OIL MILL,SERI ULU LANGAT PALM OIL MILL
SDN BHD,,,,SERI ULU LANGAT PALM OIL SDN. BHD.,SERI ULU LANGAT PALM OIL SDN. BHD.,,SEI KUAMANG POM,SERI ULU LANGAT POM SDN BHS,SERI ULU LANGAT PALM OIL SDN BHD,,,,,SERI ULU LANGAT
PALM OIL MILL"
PO1000008196,MAWAR MENTARI,MAWAR MENTARI SDN BHD,MAWAR MENTARI,MAWAR MENTARI SDN BHD,,,Not RSPO Certified,,2019-10-31,2.86718000000,102.31613000000,MYS,Malaysia,Negeri Sembilan,Jempol,1-Fully Verified,,,"MAWAR MENTARI SDN,MAWAR MENTARI SDN BHD,,,,,,,,,,,,,,,,MAWAR MENTARI PALM OIL MILL,MAWAR MENTARI SDN. BHD.,MAWAR MENTARI SDN. BHD ( 758354-P ),,,"
PO1000008197,GEMILANG CAHAYA MENTARI,SUPERVENTURE,SUPERVENTURE,GEMILANG CAHAYA MENTARI,,,Not RSPO Certified,,2019-10-31,-1.95031000000,105.78939000000,IDN,Indonesia,Bangka Belitung,Bangka,1-Fully Verified,,,"NEKNANG,,PERSADA AGRO SAWITA MILL"
PO1000008199,BUNUT,PTPN III,PTPN III,PERKEBUNAN NUSANTARA VI,,,RSPO Certified,"RSPO Certified, MB",2019-10-31,-1.91090000000,103.40340000000,IDN,Indonesia,Jambi,Muaro Jambi,1-Fully Verified,,,"PERKEBUNAN NUSANTARA VI (BUNUT),BUNUT (PN),,,,,AEK TOROP,,,,,,,,,PERKEBUNAN NUSANTARA IV*,,,PTP NUSANTARA VI (AUR GADING),,,,PTPN VI (BUNUT),PERKEBUNAN NUSANTARA VI  BUNUT"
PO1000008200,CAHAYA BINTANG SAWIT SEJATI 1,SUPERVENTURE,Sabeni Ltd,CAHAYA BINTANG SAWIT SEJATI,,,Not RSPO Certified,,2019-10-31,-1.84281000000,116.06810000000,IDN,Indonesia,Kalimantan Timur,Paser,1-Fully Verified,,,"CAHAYA BINTANG SAWIT SEJATI,CAHAYA BINTANG SAWIT SEJATI (KUARO),KUARO,,,,SUNGAI BINTI MILL,,CBSS 1 (KUARO)"
PO1000008201,SEPAKAU,SARAWAK OIL PALMS BERHAD,Sarawak Oil Palms,SARAWAK OIL PALMS BERHAD,,,Not RSPO Certified,,2019-10-31,2.96844000000,113.86594000000,MYS,Malaysia,Sarawak,Belaga,1-Fully Verified,,,"SEPAKAU 2,,,SEPAKAU PALM OIL MILL,SEPAKAU PALM OIL MILL,SUMBER KEMBANG JAYA/BUKIT KUDA"
PO1000008202,ANGSO DUO SAWIT,MEWAH,MEWAH,ANGSO DUO SAWIT,,,Not RSPO Certified,,2019-10-31,-1.78261000000,103.49472000000,IDN,Indonesia,Jambi,Muaro Jambi,1-Fully Verified,,,"PT ANGSO DUO SAWIT,,CISADANE RAYA CHEMICALS,,AMAL TANI,,ABDI BUDI MULIA 54"
PO1000008203,SANG KEE EDIBLE OILS,UNKNOWN,Sang Kee Edible Oils,SANG KEE EDIBLE OILS SDN. BHD.,,,Not RSPO Certified,,2019-10-31,3.01126000000,101.36694000000,MYS,Malaysia,Selangor,Klang,2-High Confidence,,Crusher,"SANG KEE EDIBLE OILS SDN BHD,SANG KEE,SANG KEE EDIBLE OIL SDN BHD,SANG KEE EDIBLES OIL,ABDI BUDI MULIA 900"
PO1000008205,PASOH,FGV HOLDINGS BERHAD,FGV,FGV PALM INDUSTRIES SDN BHD,,,Not RSPO Certified,,2019-10-31,3.01408000000,102.28623000000,MYS,Malaysia,Negeri Sembilan,Jelebu,1-Fully Verified,,,"KILANG SAWIT PASOH,KILANG KELAPA SAWIT PASOH,KILANG KELAPA SAWIT PASOH,PASOH POM,,,BEURATA SUBUR PERSADA,,,"
PO1000008206,SAWITA PASAMAN JAYA,UNKNOWN,,SAWITA PASAMAN JAYA,,,Not RSPO Certified,,2019-10-31,0.32464000000,99.45223000000,IDN,Indonesia,Sumatera Barat,Pasaman Barat,1-Fully Verified,,,",,,RIAU KAMPAR SAHABAT   SEJATI,,,,,,,,SAWITA PASAMAN  JAYA,SAWITA PASAMAN JAYA, PT,SAWITA PASAMAN JAYA, PT,SAWITA PASAMAN JAYA, PT,SAWITA PASAMAN JAYA, PT,SAWITA PASAMAN JAYA, PT,SAWITA PASAMAN JAYA PT.,PT SAWITA PASAMAN JAYA,SAWITA PASAMAN JAYA PT,,,,"
PO1000008207,HUTAN SAWIT LESTARI,HUTANINDO,HUTANINDO,HUTAN SAWIT LESTARI,,,Not RSPO Certified,,2019-10-31,-1.69906000000,112.87719000000,IDN,Indonesia,Kalimantan Tengah,Kotawaringin Timur,2-High Confidence,,,"TESO TIGA POM,,,,,ABDI BUDI MULIA 372"
PO1000008208,SUMBER BUNGA SAWIT LESTARI,SUPERVENTURE,Sabeni Ltd,SUMBER BUNGA SAWIT LESTARI,,,Not RSPO Certified,,2019-10-31,-1.49239000000,116.44439000000,IDN,Indonesia,Kalimantan Timur,Penajam Paser Utara,1-Fully Verified,,,"SUMBER BUNGA SAWIT LESTARI BABULU,SUMBER BUNGA SAWIT LESTARI"
PO1000008210,NGABANG,PTPN III,PTPN III,PERKEBUNAN NUSANTARA XIII,,,Not RSPO Certified,,2019-10-31,0.34367000000,109.93865000000,IDN,Indonesia,Kalimantan Barat,Landak,1-Fully Verified,,,"PERKEBUNAN NUSANTARA XIII (NGABANG),PTPN XIII - NGABANG,PABRIK MINYAK SAWIT NGABANG"
PO1000008211,BANGKITGIAT USAHA MANDIRI,NT CORP,NT CORP,BANGKIT GIAT USAHA MANDIRI,,,Not RSPO Certified,,2019-10-31,-1.47261000000,112.74295000000,IDN,Indonesia,Kalimantan Tengah,Kotawaringin Timur,1-Fully Verified,,,"BANGKITGIAT USAHAMANDIRI,BANGKIT GIAT USAHA MANDIRI,TUMBANG KALANG,,,,NT CORP,,,,,ABDI BUDI MULIA 88"
PO1000008212,HUP LEE,UNKNOWN,Hup Lee Oil Mill,HUP LEE OIL MILL SDN BHD,Hup Lee Oil Mill,,Not RSPO Certified,,2019-10-31,3.08929000000,101.41215000000,MYS,Malaysia,Selangor,Klang,1-Fully Verified,,"Crusher,CPO","HUP LEE OILMILL,,,HUP LEE OIL MILL SDN BHD,HUP LEE KERNEL CRUSHING MILL"
PO1000008213,RIMBU DUA,PTPN III,PTPN III,PERKEBUNAN NUSANTARA VI,,,Not RSPO Certified,,2019-10-31,-1.37770000000,102.16770000000,IDN,Indonesia,Jambi,Tebo,1-Fully Verified,,,"RIMBO DUA,RIMBO DUO,RIMBO SATU,,,,SEI DAUN,PERKEBUNAN NUSANTARA VI (RIMBO
BUJANG),PIP NUSANTARA VI (RIMBU DUA),,,,PERKEBUNAN NUSANTARA VI (RIMBO BUJANG),,,,,PERKEBUNAN NUSANTARA VI (RIMBO DUA),,PTP NUSANTARA VI (PINANG TINGGI),,TIAN SIANG OIL MILL (AIR KUNING) SDNBHD,,,PTPN VI (RIMBO DUA),,"
PO1000008214,ARYA RAMA PERSADA,Kencana Persada Nusantara,Kencana Persada Nusantara,ARYA RAMA PERSADA,,,Not RSPO Certified,,2019-10-31,3.09935000000,99.59473000000,IDN,Indonesia,Sumatera Utara,Batu Bara,1-Fully Verified,,,"GRAHA ARYA RAMA PERSADA,,,,,,,,"
PO1000008215,AGRO ABADI,PANCA EKA,PANCA EKA,AGRO ABADI,,,Not RSPO Certified,,2019-10-31,0.34600000000,101.47523000000,IDN,Indonesia,Riau,Kampar,1-Fully Verified,,,",,,AGRO ABAD I,,,,,,,,PANCA EKA,AGRO ABADI PT,,AGRO ABADI MIL"
PO1000008216,BUNGO LIMBUR,UNKNOWN,,BUNGO LIMBUR,,,Not RSPO Certified,,2019-10-31,-1.378070,101.888158,IDN,Indonesia,Jambi,Bungo,2-High Confidence,,,"PT. BUNGO LIMBUR,,,,NILO 2,,,,,,,,SEMILAR POM,,,"
PO1000008217,BUANA SAWIT INDAH,UNKNOWN,,BUANA SAWIT INDAH,,,Not RSPO Certified,,2019-10-31,3.14258000000,99.51103000000,IDN,Indonesia,Sumatera Utara,Batu Bara,1-Fully Verified,,,",,,,,,,,,"
PO1000008218,LESTARI TANI TELADAN,ASTRA AGRO LESTARI,Astra Agro Lestari (AAL),LESTARI TANI TELADAN,,,Not RSPO Certified,,2019-10-31,-1.37047000000,119.48658000000,IDN,Indonesia,Sulawesi Tengah,Donggala,2-High Confidence,,,PT LESTARI TANI TELADAN
PO1000008221,MUARA JAMBI SAWIT LESTARI,UNKNOWN,,MUARA JAMBI SAWIT LESTARI,,,Not RSPO Certified,,2019-10-31,-1.25607000000,103.70705000000,IDN,Indonesia,Jambi,Tanjung Jabung T,1-Fully Verified,,,",,,,,,,,"
PO1000008222,AGROINDUSTRIAL PALMASA SA,UNKNOWN,,PALMASA SA,,,Not RSPO Certified,,2019-10-31,-1.12256000000,-47.65631000000,BRA,Brazil,Pará,Igarapé-Açu,1-Fully Verified,,,"AGROINDUSTRIAL PALMASA,AGROINDL PALMASA SA,AGRO INDUSTRIAL PALMASA"
PO1000008224,GUNA SETIA PRATAMA,UNKNOWN,,GUNA SETIA PRATAMA,,,Not RSPO Certified,,2019-10-31,0.42807000000,101.59659000000,IDN,Indonesia,Riau,Pelalawan,1-Fully Verified,,,",,,GUNA SETLA PRATAMA,,,,,,,,GUNA SETIA PRATAMA PT,,,"
PO1000008225,RISMAN SCHAM PALM INDONESIA,MENTARI,MENTARI,RISMAN SCHAM PALM INDONESIA,,,Not RSPO Certified,,2019-10-31,-0.95928000000,102.77847000000,IDN,Indonesia,Riau,Indragiri Hilir,1-Fully Verified,,,"RISMAN SCHAM PALM INDONESIA MILL,RISMAN SCHAM PALM INDONESI,RISMAN SCHAM PALM INDONESI,RISMAN SCHAM PALM INDONESIA PT.,DOLOK SINUMBAH POM,RISMAN SCHAM PALM INDONESIAMILL"
PO1000008226,MULTI GUNA LESTARI ABADI,UNKNOWN,,MULTI GUNA LESTARI ABADI,,,Not RSPO Certified,,2019-10-31,-0.95963000000,102.74874000000,IDN,Indonesia,Riau,Indragiri Hilir,1-Fully Verified,,,"MULTIGUNA LESTARI ABADI,,,,,LIBO SAWIT PERKASA,MULTIGUNA LESTARI ABED I,,,,,,,,MULTIGUNA LESTARI ABADI PT.,PT MULTIGUNA LESTARI ABADI,MULTIGUNA LESTARI
ABADI,,,"
PO1000008227,KEMBAYAN,PTPN III,PTPN III,PERKEBUNAN NUSANTARA XIII,,,Not RSPO Certified,,2019-10-31,0.46439000000,110.37579000000,IDN,Indonesia,Kalimantan Barat,Sanggau,1-Fully Verified,,,PERKEBUNAN NUSANTARA XIII (KEMBAYAN)
PO1000008228,FAJAR SAUDARA LESTARI,KALIMANTAN SAWIT KUSUMA (KSK),KSK,FAJAR SAUDARA LESTARI,,,Not RSPO Certified,,2019-10-31,-0.86806000000,109.62806000000,IDN,Indonesia,Kalimantan Barat,Kubu Raya,1-Fully Verified,,,"TORGAMBA,KSK BERHAD,BATU AMPAR (FSL)"
PO1000008229,WAWASAN SEDAR,WAWASAN SEDAR SDN BHD,WAWASAN SEDAR,WAWASAN SEDAR SDN BHD,,,Not RSPO Certified,,2019-10-31,3.32073000000,113.61324000000,MYS,Malaysia,Sarawak,Bintulu,1-Fully Verified,,,"WAWASAN SEDAR PALM OIL MILL,WAWASAN SEDAR SDN. BHD."
PO1000008230,TAYAN BUKIT SAWIT,UNKNOWN,Sabeni Ltd,TAYAN BUKIT SAWIT,,,Not RSPO Certified,,2019-10-31,0.54349000000,110.42382000000,IDN,Indonesia,Kalimantan Barat,Sanggau,1-Fully Verified,,,",,,,,,,,,,,,,PT TAYAN BUKIT SAWIT"
PO1000008231,KHARISMA AGRO SEJAHTERA,UNKNOWN,GAR,KHARISMA AGRO SEJAHTERA,,,Not RSPO Certified,,2019-10-31,-0.75231000000,102.24464000000,IDN,Indonesia,Riau,Indragiri Hulu,1-Fully Verified,,,",,,MUTIARA UNGGUL LESTARI,,,,,,,,KHARISMA AGRO SEJAHTERA PT.,PT KHARISMA AGRO SEJAHTERA,KHARISMA AGRO
SEJAHTERA,,,AGRO SEJAHTERA,AGRO SEJAHTERA,,,"
PO1000008233,NIAGA MAS GEMILANG,UNKNOWN,JC Chemical,NIAGA MAS GEMILANG,,,Not RSPO Certified,,2019-10-31,-0.59233000000,116.82250000000,IDN,Indonesia,Kalimantan Timur,Kutai Kartanegara,1-Fully Verified,,,"NIAGAMAS GEMILANG,SEBERIDA POM,,"
PO1000008234,PATILUBAN MUDIK,SAGO NAULI,Sago Nauli,TRI BAHTERA SRIKANDI,,,Not RSPO Certified,,2019-10-31,0.56753000000,99.20331000000,IDN,Indonesia,Sumatera Utara,Mandailing Natal,1-Fully Verified,,,"TRI BAHTERA SRIKANDI-PATILUBAN MUDIK,TRI BAHTERA SRIKANDI PATILUBAN MUDIK,PATILUBAN,MUDIK,TRI BAHTERA SRIKANDI (PATILUBAN MUDIK),,,ABDI BUDI MULIA 762,TRI BAHTERA SRIKANDI-PATILUBANMUDIK"
PO1000008235,GAYANIS,GAYANIS SDN BHD,GAYANIS,GAYANIS SDN BHD,,,Not RSPO Certified,,2019-10-31,3.35808000000,113.67474000000,MYS,Malaysia,Sarawak,Bintulu,1-Fully Verified,,,GAYANIS PALM OIL MILL
PO1000008239,LEOMAS ANUGERAH BERSAUDARA,UNKNOWN,,LEOMAS ANUGERAH BERSAUDARA,,,Not RSPO Certified,,2019-10-31,3.41243000000,98.73464000000,IDN,Indonesia,Sumatera Utara,Deli Serdang,1-Fully Verified,,,"LEOMAS ANUGERAH  BERSAUDARA,LEOMAS ANUGERAH BERSAUDA,LEOMAS ANUGERAH BERSAUDA,LANGKAT SAWITHIJAU PRATAMA,LEOMAS ANUGERAH
BERSAUDARA"
PO1000008241,HASS POM,HASS ENTERPRISE SDN BHD,HASS ENTERPRISE,SEATEX DEVELOPMENT SDN BHD,,,Not RSPO Certified,,2019-10-31,3.53886000000,113.89978000000,MYS,Malaysia,Sarawak,Miri,1-Fully Verified,,,"HASS,HASS PALM OIL MILL,SEATEX DEVELOPMENT SDN BHD,SEATEX DEVELOPMENT (HAAS MILL),,,,,HASS MILL,,SEATEX DEVELOPMENT (HASS MILL),,,,,,S(NEAIATHE XM DILEL)VELOPMENT SDN BHD"
PO1000008243,SAWAI,BLD PLANTATION BERHAD,BLD,BINTULU LUMBER DEVELOPMENT SDN BHD,,,Not RSPO Certified,,2019-10-31,3.57630000000,113.83860000000,MYS,Malaysia,Sarawak,Miri,1-Fully Verified,,,SAWAI PALM OIL MILL
PO1000008246,YAPUTRA ALFA PALMINDO,UNKNOWN,,YAPUTRA ALFA PALMINDO,,,Not RSPO Certified,,,3.719652,98.194233,IDN,Indonesia,Sumatera Utara,Langkat,1-Fully Verified,,,
PO1000008248,PAHANG,TIAN SIANG HOLDINGS SDN BHD,Tian Siang Holdings,TIAN SIANG OILL MILL (PAHANG) SDN BHD,,,Not RSPO Certified,,2019-10-31,3.80350000000,101.84215000000,MYS,Malaysia,Pahang,Raub,1-Fully Verified,,,"TIAN SIANG RAUB,TIAN SIANG OIL MILL (PAHANG) SDN
BHD,TIAN SIANG PAHANG,,,,,RAUB,TIAN SIANG OIL MILL (PAHANG),TIAN SIANG OIL MILL
(PAHANG) SDN BHD,TIAN SIANG 0IL MILL (PAHANG) SDN BHD,TIAN SIANG OIL MILL (PAHANG) SDNBHD"
PO1000008251,JENGKA 8,FGV HOLDINGS BERHAD,FGV,FGV PALM INDUSTRIES SDN BHD,,,Not RSPO Certified,,2019-10-31,3.82306000000,102.50694000000,MYS,Malaysia,Pahang,Maran,1-Fully Verified,,,"KILANG SAWIT JENGKA 8,KS JENGKA 8,,,,K.K.S JENGKA 8,,,,,,,JENGKA 8 POM,K.K.S. JENGKA 8,K.K.S. JENGKA 8,SAI,FGVT-JENGKA 8,FGV HOLDINGS BHD,,,,,"
PO1000008253,ACEITES MANUELITA S.A. (MANAVIRE),MANUELITA,MANUELITA,ACEITES MANUELITA,,,RSPO Certified,"RSPO Certified, IP",2019-10-31,3.93771000000,-73.36539000000,COL,Colombia,Meta,San Carlos de Guaroa,1-Fully Verified,,,"MANAVIRE,ACEITES MANUELITA MANAVIRE,ACEITES MANUELITA SA,
(MANAVIRE),ACEITES MANUELITA SA, (MANAVIRE)"
PO1000008258,UJONG NEUBOK DALAM,UNKNOWN,,UJONG NEUBOK DALAM,,,Not RSPO Certified,,2019-10-31,4.06248000000,96.48714000000,IDN,Indonesia,Aceh,Nagan Raya,1-Fully Verified,,,"TUNAS HARAPAN SAWIT,"
PO1000008259,OLEAGINOSAS DEL OCOA,C.I BIOCOSTA S.A,C.I BIOCOSTA,OLEAGINOSAS DEL OCOA,,,Not RSPO Certified,,,4.07908300,-73.69363900,COL,Colombia,Meta,Villavicencio,1-Fully Verified,,,
PO1000008261,SRI GANDA OIL MILL SDN BHD,UNKNOWN,RADIANT RESPONSE  / SRI GANDA OIL MILL,SRI GANDA OIL MILL SDN BHD,,,Not RSPO Certified,,2019-10-31,4.15411000000,101.14653000000,MYS,Malaysia,Perak,Batang Padang,1-Fully Verified,,,"SRI GANDA OIL MILL,SRI GANDA OIL MILL
SDN BHD,,,,SRI GANDA,,,,,,,,,ABDI BUDI MULIA 1056,SRI GANDA OIL
MILLS SDN BHD"
PO1000008264,SUNGAI BENGALON,AGRINDO,AGRINDO,KEMILAU INDAH NUSANTARA,,,Not RSPO Certified,,2019-10-31,0.72294000000,117.65753000000,IDN,Indonesia,Kalimantan Timur,Kutai Timur,1-Fully Verified,,,"KEMILAU INDAH NUSANTARA (SUNGAI BENGALON),"
PO1000008265,HAMPARAN PERKASA MANDIRI,TRIPUTRA AGRO PERSADA,TAP,HAMPARAN PERKASA MANDIRI,,,Not RSPO Certified,,2019-10-31,0.77779000000,116.60784000000,IDN,Indonesia,Kalimantan Timur,Kutai Timur,2-High Confidence,,,ABDI BUDI MULIA 358
PO1000008266,KANDIS,TEGUH KARSA WANALESTARI,,TEGUH KARSA WANALESTARI,Teguhkarsa Wanalestari,,Not RSPO Certified,,2019-10-31,0.90045000000,101.37966000000,IDN,Indonesia,Riau,Siak,1-Fully Verified,,,"SUNGAI LEKO,,,,,,,,,,,PT. TEGUH KARSA WANALESTARI,KANDIS (SUNGAI LEKO),PKS SUNGAI LEKO"
PO1000008268,KAMPARINDO AGRO INDUSTRI,UNKNOWN,,KAMPARINDO AGRO INDUSTRI,,,Not RSPO Certified,,2019-10-31,0.86400000000,101.28600000000,IDN,Indonesia,Riau,Siak,1-Fully Verified,,,",,,KAMPANNDA AGRA INDUSTRI,KAMPARINDA AGRO INDUSTN,,,,,,,,PT MUTIARA UNGGUL LESTARI,PT KAMPARINDO AGRO INDUSTRI,KAMPARINDO AGRO INDUSTRI PT.,BERAU POM I,,"
PO1000008269,LIBO JAYA,SWASTISIDDHI AMAGRA,SWASTISIDDHI AMAGRA,SWASTISIDDHI AMAGRA,,,Not RSPO Certified,,2019-10-31,0.94736000000,101.09678000000,IDN,Indonesia,Riau,Siak,1-Fully Verified,,,"SWASTISIDDHI AMAGRA - LIBO JAYA,,,,SWASTISIDDHI AMAGRA PT. (LIBO JAYA),SWASTISIDDHI AMAGRA (LIBO JAYA)"
PO1000008270,WIRA INOVA NUSANTARA,SALIM GROUP,Salim,WIRA INOVA NUSANTARA,,,Not RSPO Certified,,2019-10-31,0.96573000000,118.19459000000,IDN,Indonesia,Kalimantan Timur,Kutai Timur,1-Fully Verified,,,
PO1000008271,KAUBUN,FAIRCO,FAIRCO,FAIRCO AGRO MANDIRI,,,Not RSPO Certified,,2019-10-31,0.96670000000,117.79190000000,IDN,Indonesia,Kalimantan Timur,Kutai Timur,1-Fully Verified,,,"KEMILAU INDAH NUSANTARA (SANGKULIRANG),FAIRCO AGRO MANDIRI,,FAIRCO AGRO MANDIRI SANGKULIRANG,SANGKULIRANG,,,,,FAIRCO AGRO MANDIRI (SANGKULIRANG),PT FAIRCO AGRO MANDIRI,FAM LENDAK ESTATE (KAUBUN),,,,,,,"
PO1000008272,KOTA TENGAH,DARMEX AGRO,DARMEX AGRO ,ELUAN MAHKOTA,,,Not RSPO Certified,,2019-10-31,0.97412000000,100.53657000000,IDN,Indonesia,Riau,Rokan Hulu,1-Fully Verified,,,"ELUAN MAHKOTA,,,,PT ELUAN MAHKOTA"
PO1000008273,MUTIARA SAM-SAM KANDIS,AEK NATIO,AEK NATIO,DIAN ANGGARA PERSADA,,,Not RSPO Certified,,2019-10-31,0.97911000000,101.04528000000,IDN,Indonesia,Riau,Siak,1-Fully Verified,,,"MUTIARA SAM SAM,DIAN ANGGARA PERSADA,,,,,,,,,,,,DIAN ANGGARA PERSADA, PT.,DIAN ANGGARA PERSADA, PT.,DIAN ANGGARA PERSADA, PT.,DIAN ANGGARA PERSADA, PT.,DIAN ANGGARA PERSADA, PT.,DIAN ANGGARA PERSADA PT.,MUTIARA SAM SAM KANDIS,"
PO1000008274,KARYANUSA EKA DAYA 1,ASTRA AGRO LESTARI,Astra Agro Lestari (AAL),KARYANUSA EKADAYA,,,Not RSPO Certified,,2019-10-31,0.99185000000,116.75369000000,IDN,Indonesia,Kalimantan Timur,Kutai Timur,1-Fully Verified,,,"KARYANUSA EKADAYA,KARYANUSA EKADAYA 1,KARYANUSA EKADAYA 1,KARYANUSA EKA DAYA,KARYANUSA EKA DAYA,PT KARYANUSA EKADAYA,,KED"
PO1000008277,SONTANG SAWIT PERMAI,UNKNOWN,,SONTANG SAWIT PERMAI,,,Not RSPO Certified,,2019-10-31,1.12556000000,100.84944000000,IDN,Indonesia,Riau,Rokan Hulu,1-Fully Verified,,,"GRAHA PERMATA HIJAU,,,,GRAHA PERMATA HIJAU PT."
PO1000008278,SEMUNAI SAWIT PERKASA,UNKNOWN,,SEMUNAI SAWIT PERKASA,,,Not RSPO Certified,,2019-10-31,1.16359000000,101.27829000000,IDN,Indonesia,Riau,Bengkalis,1-Fully Verified,,,"SEMUNAI  SAWIT PERKASA,,,,BALAM SAWIT SEJAHTERA,,,,SEMUNAI SAWIT
PERKASA,,,,,PT SEMUNAI SAWIT PERKASA,,SEMUNAI SAWIT PERKASA PALM OIL MILL"
PO1000008279,ARYA RAMA PRAKASA,Kencana Persada Nusantara,Kencana Persada Nusantara,ARYA RAMA PRAKASA,,,Not RSPO Certified,,2019-10-31,1.22216000000,100.38419000000,IDN,Indonesia,Riau,Rokan Hulu,1-Fully Verified,,,"ARYA RAMA PRAKARSA (RANTAU SAKTI),ARYA RAMA PRAKARSA,,ASIA SAWIT-ARYA RAMA PRAKARSA,,KENCANA PERSADA NUSANTARA (ARYA RAMA PRAKARS,RANTAU SAKTI,PKS RANTAU SAKTI,ASIA SAWIT LESTARI,ARYA RAMA PRAKARSA PT.,KENCANA PERSADA NUSANTARA (ARYA RAMA PRAKARSA,KENCANA PERSADA NUSANTARA (ARYA RAMA PRAKARSA),ARYA RAMA PRAKARSA (ASIA SAWIT),,,,"
PO1000008282,PERMATA CITRA RANGAU,UNKNOWN,,PERMATA CITRA RANGAU,,,Not RSPO Certified,,2019-10-31,1.25040000000,101.25045000000,IDN,Indonesia,Riau,Bengkalis,1-Fully Verified,,,"PERMATA CITRA RANGAU MILL,FERMATA CITRA RANGAU,,PT PERMATA CITRA RANGAU,PERMATA CITRA RANGAU PT."
PO1000008284,WIRATA DAYA BANGUN PERSADA,DARMEX AGRO,DARMEX AGRO ,WIRATA DAYA BANGUN PERSADA,,,Not RSPO Certified,,2019-10-31,1.42940000000,109.60300000000,IDN,Indonesia,Borneo Barat,Samat,1-Fully Verified,,,WIRATADAYA BANGUN PERSADA
PO1000008285,LEDO LESTARI,DARMEX AGRO,DARMEX AGRO ,LEDO LESTARI,,,Not RSPO Certified,,2019-10-31,1.46475000000,109.71642000000,IDN,Indonesia,Kalimantan Barat,Bengkayang,1-Fully Verified,,,
PO1000008286,SALAMANCA OLEAGINOSAS S.A.,UNKNOWN,THIN OIL,SALAMANCA OLEAGINOSAS S.A.,,,Not RSPO Certified,,2019-10-31,1.46619000000,-78.74020000000,COL,Colombia,Nariño,Tumaco,1-Fully Verified,,,"SALAMANCA OLEAGINOSAS,PALMEIRAS COLOMBIA S.A.,SALAMANCA OLEAGINOSA S.A."
PO1000008287,KARYA ABADI SAMA SEJATI,UNKNOWN,,KARYA ABADI SAMA SEJATI,,,Not RSPO Certified,,2019-10-31,1.47583000000,100.59881000000,IDN,Indonesia,Riau,Rokan Hilir,1-Fully Verified,,,"KARYABADI SAMA SEJATI,,KARYABADI SAMASEJATI,,,,,,,,,,,KARYABADI SAMASEJATI PT.,,"
PO1000008288,EXTRACTORA SANTAFE SAS,THIN OIL,THIN OIL,C.I. TOP S.A.,C.I. TOP S.A.,,Not RSPO Certified,,2019-10-31,1.48067000000,-78.66200000000,COL,Colombia,Nariño,Tumaco,1-Fully Verified,,,"EXTRACTORA SANTA FE,EXTRACTORA SANTAFE,EXTRACTORA SANTAFE S.A.S.,EXTRACTORA  SANTAFE S.A.S."
PO1000008289,PALMAS DE TUMACO S.A.S.,UNKNOWN,THIN OIL,PALMAS DE TUMACO S.A.S.,,,Not RSPO Certified,,2019-10-31,1.52320000000,-78.73967000000,COL,Colombia,Nariño,Tumaco,1-Fully Verified,,,"PALMAS DE TUMACO,PALMAR DE TUMACO S.A.S."
PO1000008290,BINTANG NAULI PRATAMA,UNKNOWN,,BINTANG NAULI PRATAMA,,,Not RSPO Certified,,2019-10-31,1.52786000000,98.97481000000,IDN,Indonesia,Sumatera Utara,Tapanuli Tengah,1-Fully Verified,,,",,,,,,,,,,,,,PT BINTANG NAULI PRATAMA,BINTANG NAULI PRATAMA PT.,KIJANG POM,BINTANG NAULI PRATAM,,,"
PO1000008291,SUMBER SAWIT NUSANTARA,UNKNOWN,Sumber Sawit Nusantara,SUMBER SAWIT NUSANTARA,Sumber Sawit Nusantara,,Not RSPO Certified,,2019-10-31,1.55010000000,99.95590000000,IDN,Indonesia,Sumatera Utara,Padang Lawas Utara,1-Fully Verified,,,"SIMANGAMBAT,,,,SUKAJADI SAWIT MEKAR 2,,,,,,,,SUMBER SAWIT
NUSANTARA,,,,"
PO1000008292,BHUMI SIMANGGARIS INDAH,FANGIONO AGRO PLANTATION (FAP AGRI),FAP,BHUMI SIEMANGGARIS INDAH,,,Not RSPO Certified,,2019-10-31,4.23858000000,117.36280000000,IDN,Indonesia,Kalimantan Timur,Nunukan,1-Fully Verified,,,"SURYA SUMBER SAWIT ABADI,,,,FANGIONO AGRO PLANTATION,,"
PO1000008295,PRIMALUCK,RIMEX,RIMEX,PRIMALUCK (M) SDN BHD,,,Not RSPO Certified,,2019-10-31,4.30687000000,114.09735000000,MYS,Malaysia,Sarawak,Miri,1-Fully Verified,,,"RIMIEX/PRIMALUCK PALM OIL MILL,PRIMALUCK PALM OIL MILL"
PO1000008299,BIOGROW CITY PLANTATIONS,WTK HOLDINGS BHD,WTK,BIOGROW CITY PLANTATIONS SDN BHD,,,Not RSPO Certified,,2019-10-31,4.58511000000,114.93649000000,MYS,Malaysia,Sarawak,Limbang,1-Fully Verified,,,"BIOGROW CITY PLANTATIONS SDN BHD,,,,,,,,,BIOGRROW CITY PLANTATION,,,,,,"
PO1000008301,INDUSTRIAL ACEITERA DE CASANARE S.A.,UNKNOWN,Extractora del Sur de Casanare,INDUSTRIAL ACEITERA DE CASANARE S.A. SUCURSAL COLOMBIA S.A.,,,Not RSPO Certified,,2019-10-31,5.08792000000,-71.95997000000,COL,Colombia,Casanare,Orocué,2-High Confidence,,,"INDUSTRIAL ACEITERA DEL CASANARE,INDUSTRIAL ACEITERA DE CASANARE S.A. SUCURSAL COLOMBIA S.A.,UINCDUURSTARLI CAOL LAOCMEITBEIAR AS .DAE.  CASANARE S.A.,INDUSTRIAL ACEITERA DE CASANARE,,,,INDUSTRIAL ACEITERA DE CASANARE S.A. SUCURSAL COL,INMDBUIAST SR.AIA.L ACEITERA DE CASANARE S.A.,INDUSTRIAL ACEITERA DE CASANARE S.A.
SUCURSAL COLOMBIA S.A.,LOINMDUBSIATR SIA.AL A. CEITERA DE CASANARE S.A.,LOINMDUBSIATR SIA.AL A. CEITERA DE CASANARE S.A.,LOINMDUBSIATR SIA.AL A. CEITERA DE CASANARE S.A.,LOINMDUBSIATR SIA.AL A. CEITERA DE CASANARE S.A.,LOINMDUBSIATR SIA.AL A. CEITERA DE CASANARE S.A.,LOINMDUBSIATR SIA.AL A. CEITERA DE CASANARE S.A.,LOINMDUBSIATR SIA.AL A. CEITERA DE CASANARE S.A.,LOINMDUBSIATR SIA.AL A. CEITERA DE CASANARE S.A.,LOINMDUBSIATR SIA.AL A. CEITERA DE CASANARE S.A.,INDUSTRIAL ACEITERA DEL CASANARE S.A.,INDUSTRIAL ACEITERA DE CASANARE S.A.
SUCURSAL COLOMBIA S.A.,INDUSTRIAL ACEITERA DE CASANARE SA,INDUSTRIAL ACEITERA DE CASANARES.A. SUCURSAL COLOMBIA S.A."
PO1000008304,MEWAH,KWANTAS CORPORATION BERHAD,KWANTAS ,KWANTAS OIL SDN BHD,,,Not RSPO Certified,,2019-10-31,5.25458000000,117.90901000000,MYS,Malaysia,Sabah,Kinabatangan,1-Fully Verified,,,"BATU,MEWAH POM,MEWAH 1,,,MEWAH PALM OIL MILL,,,,MEWAH OIL MILL,MEWAH OIL MILL,TIAN SIANG OIL MILL,KWANTAS OIL SDN BHD (MEWAH PALM OIL MILL),,,KWANTAS OIL SDN BHD (MEWAH"
PO1000008305,TANER R&D,TANER INDUSTRIAL TECHNOLOGY (M) SDN BHD,TANER INDUSTRIAL TECHNOLOGY (M),TANER R&D PALM OIL MILL SDN BHD,,,Not RSPO Certified,,2019-10-31,5.25465000000,116.00853000000,MYS,Malaysia,Sabah,Tenom,2-High Confidence,,,"TANER R&D PALM OIL MILL SDN BHD,,,TANER R&D PALM OIL MILL SDN. BHD.,,TANER R&D PALM OIL MILL,TANER R&D PALM OIL,,,,,,,,TANER PALM OIL MILL,,"
PO1000008310,SUNGAI TONG,FGV HOLDINGS BERHAD,FGV,FGV PALM INDUSTRIES SDN BHD,,,Not RSPO Certified,,2019-10-31,5.33881000000,102.85979000000,MYS,Malaysia,Trengganu,Setiu,1-Fully Verified,,,"LOJI AIR SUNGAI TONG,,,,,,,,,,ABDI BUDI MULIA 1125"
PO1000008312,KILANG SAWIT TAPIS,KUMPULAN PERLADANGAN PKINK BHD,KUMPULAN PERLADANGAN PKINK,LADANG TAPIS SDN BHD (LTSB),,,Not RSPO Certified,,2019-10-31,5.50750000000,101.93578000000,MYS,Malaysia,Kelantan,Jeli,2-High Confidence,,,"SUNGAI TERAH KILANG SAWIT TAPIS,,,TAI TAK,TAPIS"
PO1000008314,TOUPOS,TOUPOS PALM OIL MILL SDN BHD,TOUPOS PALM OIL MILL,TOUPOS PALM OIL MILL SDN BHD,,,Not RSPO Certified,,2019-10-31,5.66038000000,116.87997000000,MYS,Malaysia,Sabah,Ranau,1-Fully Verified,,,"TOUPOS PALM OIL MILL,TOUPOS PALM OIL MILL SDN BHD,,,,,,,TOUPUS,DABUK REJO MILL,TOUPOS
TRI BAHTERA SRIKANDI PATILUBAN,,,,,TOPOS"
PO1000008315,MONSOK,MONSOK PALM OIL MILL SDN BHD,,MONSOK PALM OIL MILL SDN BHD,,,Not RSPO Certified,,2019-10-31,5.67208000000,117.41101000000,MYS,Malaysia,Sabah,Beluran,1-Fully Verified,,,",,,,,,,,,,MONSOK PALM OIL MILL,MONSOK POM,,,,,ABDI BUDI MULIA 653"
PO1000008316,ASIATIC SABAPALM,GENTING PLANTATIONS,Genting,GENTING SDC SDN BHD,,,Not RSPO Certified,,2019-10-31,6.04953000000,117.35355000000,MYS,Malaysia,Sabah,Beluran,2-High Confidence,,,"SABAPALM,,,,,,,,,,,"
PO1000008317,OBOOMA FARMS,OBOOMA FARMS GHANA,OBOOMA FARMS GHANA,OBOOMA FARMS GHANA,,,Not RSPO Certified,,2019-10-31,6.18661000000,-0.87636000000,GHA,Ghana,Eastern,Kwabibirem,1-Fully Verified,,,
PO1000008324,THAINDO PALM OIL FACTORY CO LTD,UNKNOWN,,THAINDO PALM OIL FACTORY CO LTD,,,Not RSPO Certified,,2019-10-31,8.11084000000,99.29339000000,THA,Thailand,Krabi,Lam Thap,1-Fully Verified,,,"THAINDO FACTORY KRABI,THAINDO PALM OIL FACTORY CO LTD, KRABI,THAINDO PALM OIL FACTORY CO.,LTD.,THAINDO PALM OIL FACTORY CO LTD, KRABI,THAINDO PALM OIL FACTORY CO.,LTD.,THAINDO PALM OIL FACTORY
CO.,LTD.,THAINDO PALM OIL FACTORY
CO.,LTD.,THAINDO PALM OIL FACTORY CO LTD, KRABI,THAINDO PALM OIL FACTORY CO LTD, KRABI,THAINDO PALM OIL FACTORY CO LTD, KRABI,THAINDO PALM OIL FACTORY CO LTD, KRABI,THAINDO PALM OIL FACTORY CO LTD, KRABI,THAINDO PALM OIL FACTORY CO.,LTD.,THAINDO PALM OIL FACTORY CO.,LTD.,THAINDO PALM OIL FACTORY
CO.,LTD.,THAINDO PALM OIL FACTORY
CO.,LTD.,THAINDO PALM OIL FACTORY CO LTD, KRABI,THAINDO PALM OIL FACTORY
CO.,LTD.,THAINDO PALM OIL FACTORY
CO.,LTD.,THAINDO PALM OIL FACTORY CO.,LTD.,THAINDO PALM OIL FACTORY CO.,LTD.,THAINDO PALM OIL FACTORY CO LTD, KRABI,THAINDO PALM OIL FACTORY CO LTD, KRABI,THAINDO PALM OIL FACTORY CO LTD, KRABI,THAINDO PALM OIL FACTORY CO LTD, KRABI,THAINDO PALM OIL FACTORY CO LTD, KRABI,THAINDO PALM OIL FACTORY CO.,LTD.,THAINDO PALM OIL FACTORY CO.,LTD.,THAINDO PALM OIL FACTORY
CO.,LTD.,THAINDO PALM OIL FACTORY
CO.,LTD.,THAINDO PALM OIL FACTORY CO LTD, KRABI,THAINDO PALM OIL FACTORY CO LTD, KRABI,THAINDO PALM OIL FACTORY CO LTD, KRABI,THAINDO PALM OIL FACTORY CO LTD, KRABI,THAINDO PALM OIL FACTORY CO.,LTD.,THAINDO PALM OIL FACTORY CO.,LTD.,THAINDO PALM OIL FACTORY
CO.,LTD.,THAINDO PALM OIL FACTORY
CO.,LTD.,THAINDO PALM OIL FACTORY CO.LTD.,THAINDO PALM OIL FACTORY CO LTD KRABI,THAI INDO PALM OIL FACTORYCOMPANY LIMITED,ABDI BUDI MULIA 1223"
PO1000008325,"KASAT LUMNAUM CO,. LTD.",UNKNOWN,,"KASAT LUMNAUM CO,. LTD.",,,Not RSPO Certified,,2019-10-31,8.320748,99.977000,THA,Thailand,Nakhon Si Thammarat,Phra Phrom,1-Fully Verified,,,"KASAT LUMNAUM,AGRICULTURE OF BASIN,AGRICULTURE OF BASIN CO.,LTD.,AGRICULTURE OF BASIN CO.,LTD.,AGRICULTURE OF BASIN CO.,LTD.,AGRICULTURE OF BASIN CO.,LTD.,AGRICULTURE OF BASIN CO.,LTD.,AGRICULTURE OF BASIN CO.,LTD.,AGRICULTURE OF BASIN CO.,LTD.,AGRICULTURE OF BASIN CO.,LTD.,AGRICULTURE BASIN PALM OIL MILL,AGRICULTURE OF BASIN CO.,LTD.,AGRICULTURE OF BASIN CO.,LTD.,AGRICULTURE OF BASIN CO.,LTD.,AGRICULTURE OF BASIN CO.,LTD.,AGRICULTURE OF BASIN CO.,LTD.,AGRICULTURE OF BASIN CO.,LTD.,AGRICULTURE OF BASIN CO.,LTD.,AGRICULTURE OF BASIN CO.,LTD.,AGRICULTURE OF BASIN CO.,LTD.,AGRICULTURE OF BASIN CO.,LTD.,AGRICULTURE OF BASIN CO.,LTD.,AGRICULTURE OF BASIN CO.,LTD.,AGRICULTURE OF BASIN CO.LTD.,AGRICULTURE OF BASIN CO LTD,AGRICALTURE OF BASIN CO.LTD.,ABDI BUDI MULIA 450"
PO1000008328,KRABI PALM OIL COMMUNITY COOPERATIVE,KRABI PALM OIL COMMUNITY COOPERATIVE,Krabi Palm Oil Community Cooperative Ltd.,KRABI PALM OIL COMMUNITY COOPERATIVE,,,Not RSPO Certified,,2019-10-31,8.38929000000,98.86417000000,THA,Thailand,Krabi,Ao Luk,1-Fully Verified,,,KRABI CO-OP
PO1000008329,"P.PANIT RUNGRUENG PALM OIL   CO.,LTD.",UNKNOWN,,"P.PANIT RUNGRUENG PALM OIL   CO.,LTD.",,,Not RSPO Certified,,2019-10-31,8.43495000000,99.06922000000,THA,Thailand,Surat Thani,Chaiburi,1-Fully Verified,,,"PANIT RUNGRUANG,P.PANIT RUNGRUENG PALM OIL   CO.,LTD.,P.PANIT RUNGRUANG PALM OIL CO.,LTD.,P.PANIT RUNGRUENG PALM OIL   CO.,LTD.,P.PANIT RUNGRUANG PALM OIL CO.,LTD.,P.PANIT RUNGRUENG PALM OIL   CO.,LTD.,P.PANIT RUNGRUANG PALM OIL
CO.,LTD.,P.PANIT RUNGRUANG PALM OIL
CO.,LTD.,P.PANIT RUNGRUENG PALM OIL   CO.,LTD.,P.PANIT RUNGRUANG PALM OIL CO.,LTD.,P.PANIT RUNGRUANG PALM OIL CO.,LTD.,P.PANIT RUNGRUANG PALM OIL
CO.,LTD.,P.PANIT RUNGRUANG PALM OIL
CO.,LTD.,P.PANIT RUNGRUENG PALM OIL   CO.,LTD.,P.PANIT RUNGRUENG PALM OIL   CO.,LTD.,P.PANIT RUNGRUENG PALM OIL   CO.,LTD.,P.PANIT RUNGRUENG PALM OIL   CO.,LTD.,P.PANIT RUNGRUANG PALM OIL
CO.,LTD.,P.PANIT RUNGRUANG PALM OIL
CO.,LTD.,P.PANIT RUNGRUANG PALM OIL CO.,LTD.,P.PANIT RUNGRUANG PALM OIL CO.,LTD.,P.PANIT RUNGRUENG PALM OIL   CO.,LTD.,P.PANIT RUNGRUENG PALM OIL   CO.,LTD.,P.PANIT RUNGRUENG PALM OIL   CO.,LTD.,P.PANIT RUNGRUENG PALM OIL   CO.,LTD.,P.PANIT RUNGRUENG PALM OIL   CO.,LTD.,P.PANIT RUNGRUANG PALM OIL CO.,LTD.,P.PANIT RUNGRUANG PALM OIL CO.,LTD.,P.PANIT RUNGRUENG PALM OIL   CO.,LTD.,P.PANIT RUNGRUANG PALM OIL
CO.,LTD.,P.PANIT RUNGRUANG PALM OIL
CO.,LTD.,P.PANIT RUNGRUANG PALM OIL CO.,LTD.,P.PANIT RUNGRUANG PALM OIL CO.,LTD.,P.PANIT RUNGRUANG PALM OIL
CO.,LTD.,P.PANIT RUNGRUANG PALM OIL
CO.,LTD.,P.PANIT RUNGRUENG PALM OIL   CO.,LTD.,P.PANIT RUNGRUENG PALM OIL   CO.,LTD.,P.PANIT RUNGRUENG PALM OIL   CO.,LTD.,P.PANIT RUNGRUENG PALM OIL   CO.,LTD.,P.PANIT RUNGRUENG PALM OIL   CO.,LTD.,P.PANIT RUNGRUENG PALM OIL   CO.LTD.,P.PANIT RUNGRUENG PALM OIL   CO.LTD.,P.PANIT RUNGRUENG PALM OIL   CO.LTD.,P.PANIT RUNGRUENG PALM OIL   CO.LTD.,P.PANIT RUNGRUANG PALM OIL CO.LTD.,P.PANIT RUNGRUENG PALM OILÂ   CO.LTD.,P.PANIT RUNGRUENG PALM OIL
CO.LTD.,,PPANIT RUNGRUENG PALM OIL   CO,;LTD,,PPANIT RUNGRUENG PALM OIL   CO,;LTD,,PPANIT RUNGRUENG PALM OIL   CO,;LTD,,P. PANIT RUNGRUANG PALM OIL CO. LTD.,P. PANITRUNGRUENG PALM OIL CO.,P.PANIT RUNGRUENG PALM OILCO.LTD.,SAENGSIRI PALM OIL CO. LTD,PANIT RUNGRUENG PALM OIL CO.LTD 1,ABDI BUDI MULIA 714"
PO1000008330,EXTRACTORA GRUPALMA,UNKNOWN,GRUPALMA S.A.S.,EXTRACTORA GRUPALMA S.A.S.,,,Not RSPO Certified,,2019-10-31,8.66838000000,-73.83752000000,COL,Colombia,Bolívar,Morales,1-Fully Verified,,,"EXTRACTORA GRUPALMA S.A.S.,,EXTRACTORA LOMA FRESCA SUR DE BOLIVAR SA,GRUPALMA,,,,,,,,,,,EXTRACTORA LOMA FRESCA SUR DE BOLIVAR S,"
PO1000008331,SMOTHONG PALMOIL CO.,SMOTHONG GROUP,SMOTHONG GROUP,SMOTHONG PALMOIL CO.,,,RSPO Certified,"RSPO Certified, IP, MB",2019-10-31,8.67643000000,98.80145000000,THA,Thailand,Surat Thani,Phanom,1-Fully Verified,,,"SMOTHONG PALM CO., LTD.,SMOTHONG PALM CO., LTD.,SMOTHONG PALM CO., LTD.,SMOTHONG PALM CO., LTD.,SMOTHONG PALM,SMOTHONG PALM CO., LTD.,SMOTHONG PALM CO., LTD.,SMOTHONG PALM CO., LTD.,SMOTHONG PALM CO., LTD.,SMOTHONG PALM CO., LTD.,SMOTHONG PALM CO., LTD.,SMOTHONG PALM CO., LTD.,SMOTHONG PALM CO., LTD.,SMOTHONG PALM CO., LTD.,SMOTHONG PALM CO., LTD.,SMOTHONG PALM CO., LTD.,SMOTHONG PALM CO., LTD.,SMOTHONG PALM CO., LTD.,SMOTHONG PALM CO., LTD.,SMOTHONG PALM CO., LTD.,SMOTHONG PALM CO., LTD.,SMOTHONG PALM CO. LTD.,SMOTHONG PALM CO LTD"
PO1000008332,"SMOTHONG PALM CO.,LTD.",SMOTHONG GROUP,SMOTHONG GROUP,SMOTHONG PALMOIL CO.,,,RSPO Certified,"RSPO Certified, IP, MB",2019-10-31,9.50948000000,99.13132000000,THA,Thailand,Surat Thani,Tha Chana,1-Fully Verified,,,"SMOTHONG GROUP CO,SMOTHONG,SMOTHONG GROUP CO., LTD.,SMOTHONG PALM OIL CO., LTD.,SMOTHONG GROUP CO., LTD.,SMOTHONG PALM OIL CO., LTD.,SMOTHONG PALM OIL CO., LTD.,SMOTHONG GROUP CO., LTD.,SMOTHONG GROUP CO., LTD.,SMOTHONG GROUP CO., LTD.,SMOTHONG GROUP,SMOTHONG GROUP CO., LTD.,SMOTHONG GROUP CO., LTD.,SMOTHONG GROUP CO., LTD.,SMOTHONG GROUP CO. LTD.,SMOTHONG PALM CO;LTD,,SMOTHONG PALM CO;LTD,,SMOTHONG PALM CO;LTD,,SAENGSIRI PALM OIL CO. LTD,SMOTHONG GROUP CO.LTD. (THACHANA SITE),SMOTHONG PALM OIL CO LTD"
PO1000008333,PALMAS OLEAGINOSAS DE CASACARE LTDA,UNKNOWN,Extractora del Sur de Casanare,PALMAS OLEAGINOSAS DE CASACARE LTDA,,,Not RSPO Certified,,2019-10-31,9.85637000000,-73.27701000000,COL,Colombia,Cesar,Agustín Codazzi,1-Fully Verified,,,"PALMAS OLEAGINOSA DE CASACARA LTDA,,,,PALMAS OLEAGINOSAS DE CASACARA,PALMAS OLEAGINOSAS DE CASCARA,PALMACARA"
PO1000008336,ASOCIACION AGROINDUSTRIAL DE PALMICUTORES DE SABA (ASAPALSA),UNKNOWN,Palmeros del Aguan,"ASOCIACIÓN AGROINDUSTRIAL DE PALMICUTORES DE SABA, S.A DE C.V",,,Not RSPO Certified,,2019-10-31,15.54414000000,-86.18066000000,HND,Honduras,Colón,Sabá,1-Fully Verified,,,"ASAPALSA,ASOCIACION AGROINDUSTRIAL DE,,UATSORCEIAS CDIOE NSA ABGAR, OS.IAN DUE SCT.VRIAL DE PALMI,ASOCIACION AGROINDUSTRIAL DE PALMICUTORES DESABA,,,UATSORCEIAS CDIOE NSA ABGAR, OS.IAN DUE SCT.VRIAL DE PALMI,,,ASOCIACION AGROINDUSTRIAL DE PALMICUTORES DE
SABA,ASOCIACION AGROINDUSTRIAL DE PALMICUTORES DE SABA
(ASAPALSA),ASOCIACION AGROINDUSTRIAL DE PALMICUTORES DE SABA
(ASAPALSA),ASOCIACION AGROINDUSTRIAL DE PALMICUTORES DE SABA,BAAS,O SC.AIA DCIEO CN.V AGROINDUSTRIAL DE PALMICUTORES DE SABA,BAAS,O SC.AIA DCIEO CN.V AGROINDUSTRIAL DE PALMICUTORES DE SABA,ASOCIACION AGROINDUSTRIAL DE PALMICUTORES DE,ASOCIACION AGROINDUSTRIAL DE
PALMICUTORES DE SABA,BAAS,O SC.AIA DCIEO CN.V AGROINDUSTRIAL DE PALMICUTORES DE SABA,BAAS,O SC.AIA DCIEO CN.V AGROINDUSTRIAL DE PALMICUTORES DE SABA,BAAS,O SC.AIA DCIEO CN.V AGROINDUSTRIAL DE PALMICUTORES DE SABA,BAASO, SC.IAAC DIOEN C A.VGROINDUSTRIAL DE PALMICUTORES DE SAB,BAASO, SC.IAAC DIOEN C A.VGROINDUSTRIAL DE PALMICUTORES DE SAB,BAASO, SC.IAAC DIOEN C A.VGROINDUSTRIAL DE PALMICUTORES DE SAB,BAASO, SC.IAAC DIOEN C A.VGROINDUSTRIAL DE PALMICUTORES DE SAB,BAASO, SC.IAAC DIOEN C A.VGROINDUSTRIAL DE PALMICUTORES DE SAB,BAASO, SC.IAAC DIOEN C A.VGROINDUSTRIAL DE PALMICUTORES DE SAB,BAASO SC.IAAC DIOEN C A.VGROINDUSTRIAL DE PALMICUTORES DE SAB,BAASO SC.IAAC DIOEN C A.VGROINDUSTRIAL DE PALMICUTORES DE SAB,BAASO SC.IAAC DIOEN C A.VGROINDUSTRIAL DE PALMICUTORES DE SAB,BAASO SC.IAAC DIOEN C A.VGROINDUSTRIAL DE PALMICUTORES DE SAB,BAASO SC.IAAC DIOEN C A.VGROINDUSTRIAL DE PALMICUTORES DE SAB,BAASO SC.IAAC DIOEN C A.VGROINDUSTRIAL DE PALMICUTORES DE SAB,ASOCIACION AGROINDUSTRIAL DE
PALMICUTORES DE SABA (ASAPALSA),ASOCIACION AGROINDUSTRIAL DEPALMICULTORES DE SABA S.A DEC.V.,"
PO1000008337,COOPERATIVA SALAMA,COOPERATIVA DE PRODUCCION AGROPECUARIA SALAMA LIMITADA,COOPERATIVA DE PRODUCCION AGROPECUARIA SALAMA LIMITADA,COOPERATIVA DE PRODUCCION AGROPECUARIA SALAMA LIMITADA,,,Not RSPO Certified,,2019-10-31,15.70584000000,-85.94160000000,HND,Honduras,Colón,Tocoa,1-Fully Verified,,,"COOPERATIVA SALAMÁ,AC OLIOMPIETRAADTAIVA SALAMA,COOPERATIVA DE PRODUCCIONAGROPECUARIA SALAMA LIMITADA,COOP SALAMA"
PO1000008338,INDUSTRIA CHIQUIBUL S.A.,UNISOURCE HOLDING INC.,UNISOURCE HOLDING,INDUSTRIA CHIQUIBUL S.A.,,,Not RSPO Certified,,2019-10-31,16.01543000000,-90.39368000000,GTM,Guatemala,Alta Verapaz,Chisec,1-Fully Verified,,,",,,,,,,,,,INDUSTRIA CHIQUIBUL,CHIQUIBUL,INDUSTRIA CHIQUIBUL S.A.,INDUSTRIA CHIQUIBUL SA,,"
PO1000008341,ACEITES SUSTENTABLES DE PALMA,UNKNOWN,,ACEITES SUSTENTABLES DE PALMA,,,Not RSPO Certified,,2019-10-31,16.36051000000,-90.46779000000,MEX,Mexico,Chiapas,Ocosingo,2-High Confidence,,,"TRIANG,ACEITES SUSTENTABLES DE PALMA SAPI DE C.V.,"
PO1000008342,PEDDAPURAM PALM OIL MILL,RUCHI SOYA,RUCHI SOYA,RUCHI SOYA INDUSTRIES,,,Not RSPO Certified,,2019-10-31,17.03090000000,82.20030000000,IND,India,Andhra Pradesh,East Godavari,3-Low Confidence,,,"PEDDAPURAM,RUCHI SOYAINDUSTRIES LTD.,PEDDAPURAM,RUCHI SOYAINDUSTRIES LTD.,PEDDAPURAM,RUCHI SOYAINDUSTRIES LTD.,PEDDAPURAM,RUCHI SOYAINDUSTRIES LTD.,PEDDAPURAM,RUCHI SOYAINDUSTRIES LTD.,PEDDAPURAM,RUCHI SOYAINDUSTRIES LTD.,PEDDAPURAM,RUCHI SOYAINDUSTRIES LTD.,PEDDAPURAM,RUCHI SOYAINDUSTRIES LTD.,PEDDAPURAM,RUCHI SOYAINDUSTRIES LTD.,PEDDAPURAM,RUCHI SOYAINDUSTRIES LTD.,PEDDAPURAM,RUCHI SOYAINDUSTRIES LTD.,PEDDAPURAM,RUCHI SOYAINDUSTRIES LTD.,PEDDAPURAM,RUCHI SOYAINDUSTRIES LTD.,PEDDAPURAM,RUCHI SOYAINDUSTRIES LTD.,PEDDAPURAM,RUCHI SOYAINDUSTRIES LTD.,PEDDAPURAM,RUCHI SOYAINDUSTRIES LTD.,PEDDAPURAM,RUCHI SOYA INDUSTRIES,RUCHI SOYA INDUSTRIESLTD., PEDDAPURAM,RUCHI SOYA INDUSTRIESLTD., PEDDAPURAM,RUCHI SOYA INDUSTRIESLTD., PEDDAPURAM,RUCHI SOYA INDUSTRIESLTD., PEDDAPURAM,RUCHI SOYA INDUSTRIESLTD., PEDDAPURAM,RUCHI SOYA INDUSTRIESLTD., PEDDAPURAM,RUCHI SOYA INDUSTRIESLTD., PEDDAPURAM,RUCHI SOYA INDUSTRIESLTD., PEDDAPURAM,RUCHI SOYA INDUSTRIESLTD., PEDDAPURAM,RUCHI SOYA INDUSTRIES PALM OIL MILL,RUCHI SOYA INDUSTRIESLTD., PEDDAPURAM,RUCHI SOYA INDUSTRIESLTD., PEDDAPURAM,RUCHI SOYA INDUSTRIESLTD., PEDDAPURAM,RUCHI SOYA INDUSTRIESLTD., PEDDAPURAM,RUCHI SOYA INDUSTRIESLTD., PEDDAPURAM,RUCHI SOYA INDUSTRIESLTD., PEDDAPURAM,RUCHI SOYA INDUSTRIESLTD., PEDDAPURAM,RUCHI SOYA INDUSTRIESLTD., PEDDAPURAM,RUCHI SOYA INDUSTRIESLTD., PEDDAPURAM,RUCHI SOYA INDUSTRIESLTD. PEDDAPURAM,RUCHI SOYA INDUSTRIES
LTD. PEDDAPURAM"
PO1000008343,SURYA BUMI AGROLANGGENG,GOZCO PLANTATIONS,Gozco Plantations,SURYABUMI AGROLANGGENG,,,Not RSPO Certified,,2019-10-31,-3.36090000000,103.88370000000,IDN,Indonesia,Sumatera Selatan,Muara Enim,1-Fully Verified,,,"SURYABUMI AGRO LANGGENG,SURYA BUMI AGRO LANGGENG,,,,PT SURYA BUMI AGRO LANGGENG,SURYABUMI AGRO LANGGENG
SURYABUMI TUNGGAL PERKASA -,SURYABUMI AGRO
LANGGENG,,,,,,"
PO1000008344,NAVABHARAT,UNKNOWN,,NAVA BHARAT PALM OIL MILL,,,Not RSPO Certified,,2019-10-31,17.13192000000,81.27460000000,IND,India,Andhra Pradesh,West Godavari,1-Fully Verified,,,"NAVA BHARAT,NAVABHARAT LTD,NAVABHARAT LIMITED"
PO1000008345,KEDATON MULIA PRIMAS,UNKNOWN,,KEDATON MULIA PRIMAS,,,Not RSPO Certified,,2019-10-31,-1.90717000000,103.01360000000,IDN,Indonesia,Jambi,Batang Hari,1-Fully Verified,,,",,,MITRA ANEKA REZEKI - KUBU RAYA,,,,,,,,,PT. KEDATON MULIA PRIMAS,,KARYA TANAH SUBUR,,,"
PO1000008346,ETAM BERSAMA LESTARI,UNION SAMPOERNA TRIPUTRA PERSADA (USTP),Union Sampoerna Triputra Persada (USTP),ETAM BERSAMA LESTARI,,,Not RSPO Certified,,2019-10-31,1.22389000000,117.87940000000,IDN,Indonesia,Kalimantan Timur,Kutai Timur,1-Fully Verified,,,
PO1000008347,ABAGO S.A.S.,UNKNOWN,ABAGO S.A.S.,ABAGO S.A.S.,,,Not RSPO Certified,,2019-10-31,4.28656000000,-72.13408000000,COL,Colombia,Meta,Puerto Gaitán,1-Fully Verified,,,"BRAGANZA,,,,,,,,,,ABAGO S.A.S,EXTRACTORA BRAGANZA"
PO1000008348,KRISTAL,TRURICH RESOURCES,TRURICH RESOURCES,TEKNIK UTAMA MANDIRI,,,Not RSPO Certified,,2019-10-31,3.61298000000,117.02939000000,IDN,Indonesia,Kalimantan Timur,Tana Tidung,1-Fully Verified,,,
PO1000008349,AGROFORESTAL UUMBAL,AGROINDUSTRIAL UUMBAL SA DE CV,AGROINDUSTRIAL UUMBAL SA DE CV,AGROFORESTAL UUMBAL CHIAPAS S.A.P.I. DE C.V.,,,RSPO Certified,"RSPO Certified, MB",2019-10-31,17.76770000000,-91.84686000000,MEX,Mexico,Chiapas,Palenque,2-High Confidence,,,"UUMBAL AGROFORESTAL,AGROINDUSTRIAL UUMBAL SA PI DE CV,.AVG. ROFORESTAL UUMBAL,.AVG. ROFORESTAL UUMBAL,.AVG. ROFORESTAL UUMBAL,.AVG. ROFORESTAL UUMBAL,.AVG. ROFORESTAL UUMBAL,AGROINDUSTRIAL UUMBAL SAPI DE CV,"
PO1000008380,KERTAJAYA,PTPN III,PTPN III,PERKEBUNAN NUSANTARA VIII,,,Not RSPO Certified,,2019-10-31,-6.62062000000,105.99723000000,IDN,Indonesia,Banten,Lebak,1-Fully Verified,,,
PO1000008381,CAHAYA BINTANG SAWIT SEJATI 2,SUPERVENTURE,SUPERVENTURE,CAHAYA BINTANG SAWIT SEJATI,,,Not RSPO Certified,,2019-10-31,-2.09300000000,116.12133000000,IDN,Indonesia,Kalimantan Timur,Paser,2-High Confidence,,,"PETANGIS,CAHAYA BINTANG SAWIT SEJATI PETANGIS,CAHAYA BINTANG SAWIT SEJATI 2 (PETANGIS),,CBSS 2 (PETANGIS)"
PO1000008382,KEKAYAAN,KUALA LUMPUR KEPONG (KLK),KUALA LUMPUR KEPONG (KLK),KUALA LUMPUR KEPONG BERHAD,,,Not RSPO Certified,,2019-10-31,2.27451000000,103.28325000000,MYS,Malaysia,Johor,Keluang,1-Fully Verified,,,"KUALA LUMPUR KEPONG BHD (KEKAYAAN POM),,KKS KEKAYAAN,,,KUALA LUMPUR KEPONG BHD,KLK KEKAYAAN PALM OIL MILL,ABDI BUDI MULIA 457"
PO1000008383,ERASAKTI WIRA FORESTAMA 2,ERASAKTI WIRA FORESTAMA,Erasakti Wira Forestama,ERASAKTI WIRA FORESTAMA,Erasakti Wira Forestama,,Not RSPO Certified,,2019-10-31,-1.52894000000,103.63714000000,IDN,Indonesia,Jambi,Muaro Jambi,1-Fully Verified,,,"PKS ERASAKTI 2,ERASAKTI WIRAFORESTAMA 2,ERASAKTI - 2,,ERASAKTI WIRAFORESTAMA 1,,MUTIARA UNGGUL LESTARI,,,,PT. ERASAKTI WIRAFORESTAMA - PKS 2,PT. ERASAKTI WIRAFORESTAMA - PKS 2,PKS - 2,,"
PO1000008384,MERU,KILANG MINYAK SAWIT MERU SDN BHD,KILANG MINYAK SAWIT MERU,KILANG MINYAK SAWIT MERU SDN BHD,,,Not RSPO Certified,,2019-10-31,3.00911000000,101.49684000000,MYS,Malaysia,Selangor,Klang,1-Fully Verified,,,"KILANG MINYAK SAWIT MERU SDN BHD,KILANG MINYAK SAWIT MERU,KILANG MINYAK SAWIT MERU SDN.BHD.,KILANG MINYAK SAWIT MERU SDN BH,,KILANG MINYAK SAWIT MERU SDN BHD
(200818-W)),,,KILANG MINYAK SAWIT MERU
SDN.BHD.,,KILANG KELAPA SAWIT MERU,KILANG KELAPA SAWIT MERU,,KILANG MINYAK SAWIT MERU SDN
D
BHD,KILANG MINYAK SAWIT MERU SDN
BHD,MERU SDN.BHD.,,,,"
PO1000008385,ACEITES CIMARRONES,AGROPECUARIA SANTAMARIA S.A,Agropecuaria Santamaria,ACEITES S.A.,,,RSPO Certified,"RSPO Certified, MB",2019-10-31,10.57014000000,-74.20878000000,COL,Colombia,Magdalena,Aracataca,1-Fully Verified,,,"ACEITES,,ACEITES LA UNION,,,,,PLANTA EXTRACTORA ACEITES CIMARRONES
S.A.S ZFPEA,ACEITES S.A. 1,PLANTA EXTRACTORA ACEITES CIMARRONES,ACEITES SA,,ACEITES SA,,ACEITES SA,,ACEITES S.A,PLANTA DE BENIFICIO ACEITES CIMARRONES ZONA S.A.S ZFPEA,,PLANTA EXTRACTORA ACEITES CIMARRONES S.A.S ZFPEA"
PO1000008386,AGRO WIJAYA INDUSTRI,AGRO WIJAYA INDUSTRI ,Agro Wijaya Industri,AGRO WIJAYA INDUSTRI,,,Not RSPO Certified,,2019-10-31,-1.76147000000,102.24400000000,IDN,Indonesia,Jambi,Merangin,1-Fully Verified,,,",,,,,,,,,,"
PO1000008388,ANUGRAH MULTI SAWITA,UNKNOWN,,ANUGRAH MULTI SAWITA,,,Not RSPO Certified,,2019-10-31,2.70655000000,99.61797000000,IDN,Indonesia,Sumatera Utara,Asahan,1-Fully Verified,,,"PULU RAJA MILL,AGRO SERASI LESTARI"
PO1000008389,ARCHIPELAGO,AGRINDO,AGRINDO,ARCHIPELAGO TIMUR ABADI,,,Not RSPO Certified,,2019-10-31,-1.152312,113.955868,IDN,Indonesia,Kalimantan Tengah,Kapuas,1-Fully Verified,,,"ARCHIPELAGO TIMUR ABADI,KAHAYAN UTARA,"
PO1000008391,PKS 2,SUNGAI BUDI,SUNGAI BUDI,TUNAS BARU LAMPUNG,,,Not RSPO Certified,,2019-10-31,-4.01736000000,105.27333000000,IDN,Indonesia,Lampung,Mesuji,1-Fully Verified,,,"MESUJI,MESUJI PKS 2,TUNAS BARU LAMPUNG 2,TUNAS BARU LAMPUNG TBK,,,ABDI BUDI MULIA 806"
PO1000008392,LAMBANG BUMI PERKASA,SAHABAT AGRO,SAHABAT AGRO,LAMBANG BUMI PERKASA,,,Not RSPO Certified,,2019-10-31,-4.70179000000,105.37280000000,IDN,Indonesia,Lampung,Lampung Tengah,1-Fully Verified,,,
PO1000008393,JALUR PUSAKA SAKTI KUMALA,UNKNOWN,,JALUR PUSAKA SAKTI KUMALA,,,Not RSPO Certified,,2019-10-31,0.39974000000,101.79672000000,IDN,Indonesia,Riau,Pelalawan,1-Fully Verified,,,"PANGKALAN KERINCI,,JALURPUSAKA SAKTIKUMALA,,PT. JALUR PUSAKA SAKTI KUMALA,JALURPUSAKA SAKTI KUMALA"
PO1000008394,PLANTA MONTERREY,LA FABRIL,LA FABRIL,EXTRACTORA AGRICOLA RIO MANSO,,,Not RSPO Certified,,2019-10-31,-0.04411000000,-79.49470000000,ECU,Ecuador,Santo Domingo de los Tsachilas,La Concordia,1-Fully Verified,,,"EXTRACTORA RIO MANSO,MONTERREY"
PO1000008395,PUTERA KERITANG SAWIT,UNKNOWN,,PUTERA KERITANG SAWIT,,,Not RSPO Certified,,2019-10-31,-0.87131000000,102.66131000000,IDN,Indonesia,Riau,Indragiri Hilir,1-Fully Verified,,,"PUTRA KERITANG SAWIT,,,,,,PT PUTERA KERITANG SAWIT,ASTRA GROUP,SEI BARUHUR POM"
PO1000008396,MULTI JAYANTARA ABADI,TELADAN PRIMA,Teladan,MULTI JAYANTARA ABADI,,,Not RSPO Certified,,2019-10-31,-2.38025000000,116.52970000000,IDN,Indonesia,Kalimantan Timur,Paser,1-Fully Verified,,,"PANGKALAN LESUNG POM,,,"
PO1000008397,RENGAS,MAKIN,Makin,PERSADA HARAPAN KAHURIPAN,,,Not RSPO Certified,,2019-10-31,-1.59531000000,102.72003000000,IDN,Indonesia,Jambi,Tebo,1-Fully Verified,,,"PERSADA HARAPAN KAHURIPAN (RENGAS),PERSADA HARAPAN KAHURIPAN-RENGAS,PERSADA HARAPAN KAHURIPAN RENGAS,PKS RENGAS,,,,,,,,,,PERSADA HARAPAN KAHURIPAN,,,,"
PO1000008398,MULTIAGRO SUMATERA JAYA,UNKNOWN,,MULTIAGRO SUMATERA JAYA,,,Not RSPO Certified,,2019-10-31,1.07894000000,100.05509000000,IDN,Indonesia,Sumatera Utara,Padang Lawas,1-Fully Verified,,,"MULTIAGRO SUMATERAJAYA,,ERA PALMINA,,,MULTIAGRO SUMATERAJAYA - ALIAGA/SOSA,MULTIAGRA SUMATERAJAYA,MULTIAGRO SUMATRAJAYA,MULTIAGRO SURNATERAJAYA,,,,,,ALIAGA,MULTIAGRO SUMATERAJAYA - ALIAGA,,,MULIA TANI JAYA,,MULTIAGRO SUMATERAJAYA PT.,,,,MULTIAGRO SUMATERAJAYA (ALIAGA)"
PO1000008399,RSB,RIMBUNAN SAWIT BERHAD,Rimbunan Hijau Group,RSB PALM OIL MILL SDN BHD,,,Not RSPO Certified,,2019-10-31,3.66554000000,114.01707000000,MYS,Malaysia,Sarawak,Marudi,3-Low Confidence,,,"RH BAKONG,RSB BAKONG PALM OIL MILL,,,,,,,,,KARYA SERASI JAYA ABADI,,,,"
PO1000008400,MUSTIKA AGRO SARI,SOUTHERN ACIDS BERHAD,SOUTHERN ACIDS,MUSTIKA AGRO SARI,,,Not RSPO Certified,,2019-10-31,-0.11333000000,101.29334000000,IDN,Indonesia,Riau,Kuantan Singingi,1-Fully Verified,,,",,,RIAU AGRI,MUSTIKA AGRO SARI (WA),MUSTIKA AGRO SARI (WA),,,,MUSTIKA AGRO
SARI,,,,,MUSTIKA  AGRO SARI,TANJUNG PAUH,SUNGAI PAUH,SOUTHERN ACIDS BERHAD,,,,,,MUSTIKA AGRO SARI PALM OIL MILL"
PO1000008401,SAN CARLOS,LA FABRIL,LA FABRIL,EXTRACTORA AGRICOLA RIO MANSO,,,Not RSPO Certified,,2019-10-31,1.13777000000,-78.80444000000,ECU,Ecuador,Esmeraldas,San Lorenzo,3-Low Confidence,,,ENERGY & PALMA
PO1000008402,PALMAR DEL RIO: EL COCA,EPACEM,EPACEM,NEGCORPBIS S.A.,,,Not RSPO Certified,,2019-10-31,-0.30398000000,-77.09664000000,ECU,Ecuador,Orellana,Orellana,1-Fully Verified,,,PALMAR DEL RIO: EL COCA (NEGCORPBIS)
PO1000008403,SARI ADITYA LOKA 2,ASTRA AGRO LESTARI,Astra Agro Lestari (AAL),SARI ADITYA LOKA,,,Not RSPO Certified,,2019-10-31,-1.65128000000,102.30818000000,IDN,Indonesia,Jambi,Bungo,2-High Confidence,,,"SARI ADITYA LOKA PKS 2,SARI ADITYA LOKA 2 PT.,,,,"
PO1000008404,NOVAPALM S.A.,UNKNOWN,,COMPAÑIA INDUSTRIAL NOVAPALM S.A.,,,Not RSPO Certified,,2019-10-31,0.07415000000,-79.60200000000,ECU,Ecuador,Esmeraldas,Quinindé,1-Fully Verified,,,
PO1000008405,SAWTIMAS PARENGGEAN,UNION SAMPOERNA TRIPUTRA PERSADA (USTP),Union Sampoerna Triputra Persada (USTP),SAWIT MAS PARENGGEAN,,,Not RSPO Certified,,2019-10-31,-2.03092000000,112.76961000000,IDN,Indonesia,Kalimantan Tengah,Kotawaringin Timur,3-Low Confidence,,,"SAWIT MAS PARENGGEAN,SAWITMAS PARENGGEAN,PT SAWIT MAS PARENGGEAN"
PO1000008406,OLEAGINOSAS SANTANA,UNKNOWN,MANUELITA,OLEAGINOSAS SANTANA S.A.S,,,Not RSPO Certified,,2019-10-31,3.99834000000,-73.61334000000,COL,Colombia,Meta,Villavicencio,1-Fully Verified,,,"OLEAGINOSAS SANTANA S.A.S,,OLEAGINOSAS SANTANA SAS"
PO1000008407,BAYUNG AGRO SAWITA,ADR,ADR,BAYUNG AGRO SAWITA,,,Not RSPO Certified,,2019-10-31,-2.00846000000,103.70545000000,IDN,Indonesia,Sumatera Selatan,Musi Banyuasin,1-Fully Verified,,,",,,,,,,,,BAYUNG AGRO SAWITA MILL,,,,"
PO1000008409,METANIK,SARAWAK OIL PALMS BERHAD,Sarawak Oil Palms,SARAWAK OIL PALMS BERHAD,,,Not RSPO Certified,,2019-10-31,2.7891,114.4464,MYS,Malaysia,Sarawak,Belaga,1-Fully Verified,,,"METANIK,SEPAKAU 1,,,SEPAKAU POM,,,METANIK POM,METANIK (SEPAKAU POM),METANIK (SEPAKAU POM),METANIK OIL PALM MILL,METANIK OIL PALM MILL,METANIK/SEPAKAU"
PO1000008410,BIOCASTILLA,UNKNOWN,BIOCASTILLA,BIOCASTILLA,,,Not RSPO Certified,,2019-10-31,3.82148000000,-73.53264000000,COL,Colombia,Meta,Castilla la Nueva,1-Fully Verified,,,BIOCASTILLA S.A.
PO1000008411,BUMI SAWIT SUKSES PRATAMA,ORIENTAL HOLDINGS BERHAD,ORIENTAL HOLDINGS,BUMI SAWIT SUKSES PRATAMA,,,Not RSPO Certified,,2019-10-31,-2.54389000000,106.02932000000,IDN,Indonesia,Bangka Belitung,Bangka Selatan,1-Fully Verified,,,",,,,,,BUMI SAWIT SUKSES PRATAMA, PT.,BUMI SAWIT SUKSES PRATAMA, PT.,PT. BUMI SAWIT SUKSES PRATAMA,BUMI SAWIT SUKSES PRATAMA, PT.,BUMI SAWIT SUKSES PRATAMA, PT.,BUMI SAWIT SUKSES PRATAMA, PT.,BUMI SAWIT SUKSES PRATAMA, PT.,BUMI SAWIT SUKSES PRATAMA PT.,PT BUMI SAWIT SUKSES PRATAMA,BUMI SAWIT SUKSES PRATAMA
BUMILANGGENG PERDANATRADA (BATU,BUMI SAWIT SUKSES
PRATAMA,,"
PO1000008412,CAKRA ALAM SEJATI,UNKNOWN,,CAKRA ALAM SEJATI,,,Not RSPO Certified,,2019-10-31,0.17547000000,102.05142000000,IDN,Indonesia,Riau,Pelalawan,2-High Confidence,,,",,,,,,,,,,PT CAKRA ALAM SEJATI,,,,"
PO1000008413,PALCIEN,UNKNOWN,,PALMERAS DE LOS CIEN S.A. - PALCIEN S.A.,,,Not RSPO Certified,,2019-10-31,0.34417000000,-79.45896000000,ECU,Ecuador,Esmeraldas,Quinindé,1-Fully Verified,,,
PO1000008414,SERAYA,YAYASAN SABAH GROUP,YAYASAN SABAH GROUP,BENTA WAWASAN SDN BHD,,,Not RSPO Certified,,2019-10-31,4.61407000000,117.60071000000,MYS,Malaysia,Sabah,Tawau,1-Fully Verified,,,"SERAYA POM,,BENTA WAWASAN SERAYA,,,SERAYA PALM OIL MILL,,BENTA WAWASAN SDN BHD,BENTA WAWASAN SDN BHD,,BENTA WAWASAN SDN. BHD.,BENTA WAWASAN SDN. BHD.,,,,,"
PO1000008415,PALESEMA,UNKNOWN,,PALMAR DE LOS ESTEROS EMA S.A.,,,Not RSPO Certified,,2019-10-31,1.30864000000,-78.73081000000,ECU,Ecuador,Esmeraldas,San Lorenzo,1-Fully Verified,,,P.ALESEMA
PO1000008416,SIMA AGUNG PRIMA SAWIT,TELADAN PRIMA,Teladan,SIMA AGUNG PRIMA SAWIT,,,Not RSPO Certified,,2019-10-31,0.82535000000,118.75358000000,IDN,Indonesia,Kalimantan Timur,Kutai Timur,3-Low Confidence,,,"TANDIKEK POM,,,"
PO1000008417,PALM LAMPUNG PERSADA,UNKNOWN,,PALM LAMPUNG PERSADA,,,Not RSPO Certified,,2019-10-31,-4.37272000000,104.59981000000,IDN,Indonesia,Lampung,Way Kanan,1-Fully Verified,,,AMAN JAYA PERDANA
PO1000008418,PALMAS DEL IXCAN LTDA.,FRUIT OIL,BRADEN GROUP,PALMAS DEL IXCAN LTDA.,,,RSPO Certified,"RSPO Certified, MB",2019-10-31,15.99056000000,-90.46686000000,GTM,Guatemala,Alta Verapaz,Chisec,1-Fully Verified,,,"PALMAS DEL IXCÁN LIMITADA,PALMAS DEL IXCAN LIMITADA,PALMAS DEL IXCAN"
PO1000008419,PALMISA,LA FABRIL,LA FABRIL,EXTRACTORA AGRICOLA RIO MANSO,,,Not RSPO Certified,,2019-10-31,-0.70973000000,-79.46711000000,ECU,Ecuador,Los Rios,Buena Fé,1-Fully Verified,,,
PO1000008420,SOGB,SOCFIN,SOCFIN,SOGB,,,RSPO Certified,"RSPO Certified, MB",2019-10-31,4.68874000000,-7.09086000000,CIV,Côte d'Ivoire,Bas-Sassandra,San-Pédro,1-Fully Verified,,,SOGB OIL MILL
PO1000008421,PEPUTRA SUPRA JAYA,PEPUTRA,Peputra Supra Jaya (PSJ),PEPUTRA SUPRA JAYA,,,Not RSPO Certified,,2019-10-31,0.15830000000,101.78160000000,IDN,Indonesia,Riau,Pelalawan,2-High Confidence,,,"PEPUTRA SUPRA JAYA MILL,,,,,,,,,,,PEPUTRA SUPRA JAYA PT.,CIPTA USAHA SEJATI MILL,"
PO1000008422,PERKEBUNAN LEMBAH BHAKTI 2,ASTRA AGRO LESTARI,Astra Agro Lestari (AAL),PERKEBUNAN LEMBAH BHAKTI,,,Not RSPO Certified,,2019-10-31,2.56063000000,97.94867000000,IDN,Indonesia,Aceh,Aceh Singkil,1-Fully Verified,,,"PERKEBUNAN LEMBAH BAKTI 2,SEI ROKAN,PERKEBUNAN LEMBAH
BAKTI 2,,"
PO1000008423,CITRA SAWIT LESTARI,UNKNOWN,DAMAI,CITRA SAWIT LESTARI,,,Not RSPO Certified,,2019-10-31,2.92199000000,117.26464000000,IDN,Indonesia,Kalimantan Timur,Bulungan,2-High Confidence,,,
PO1000008424,DWIWIRA LESTARI JAYA,TRIPUTRA AGRO PERSADA,TAP,DWIWIRA LESTARI JAYA,,,Not RSPO Certified,,2019-10-31,1.60609000000,118.04442000000,IDN,Indonesia,Kalimantan Timur,Berau,1-Fully Verified,,,
PO1000008425,SRI INDRAPURA SAWIT LESTARI,UNKNOWN,Sabeni Ltd,SRI INDRAPURA SAWIT LESTARI,,,Not RSPO Certified,,2019-10-31,0.46424000000,101.73650000000,IDN,Indonesia,Riau,Siak,2-High Confidence,,,",,,FORTIUS AGRO ASIA,,,,,,,,PT. SRI INDRAPURA SAWIT LESTARI,,"
PO1000008426,EMPRESA,CB INDUSTRIAL PRODUCT,Yuwang,CB INDUSTRIAL PRODUCT,,,Not RSPO Certified,,2020/09/01 00:00:00+00,3.821899,114.029043,MYS,Malaysia,Sarawak,Miri,2-High Confidence, ,,"EMRPESA (M) SDN BHD,,,,"
PO1000008428,UNIPAL,UNIPAL,UNIPAL,UNIPAL,,,Not RSPO Certified,,2019-10-31,0.19286000000,-79.38581000000,ECU,Ecuador,Esmeraldas,Quinindé,1-Fully Verified,,,EXTRACTORA UNIPAL
PO1000008429,SUNGAI AIR JERNIH,SINAR MAS,Sinar Mas,BAHANA KARYA SEMESTA,,,Not RSPO Certified,,2019-10-31,-2.08651000000,102.80149000000,IDN,Indonesia,Jambi,Sarolangun,1-Fully Verified,,,"BAHANA KARYA SEMESTA,SUNGAI AIR JERNIH MILL,,PT BAHANA KARYA SEMESTA - SUNGAI AIR JERNIH,,,,,,,,,,,,,PT BAHANA KARYA SEMESTA - SUNGAI
AIR JERNIH,PT BAHANA KARYA SEMESTA -
SUNGAI AIR JERNIH,,,"
PO1000008431,TUNAS AGRO SUBUR KENCANA,BEST INDUSTRY,Best,TUNAS AGRO SUBUR KENCANA,,,Not RSPO Certified,,2019-10-31,-1.82860000000,112.91257000000,IDN,Indonesia,Kalimantan Tengah,Kotawaringin Timur,1-Fully Verified,,,
PO1000008432,"SOUTHERN PALM OIL INDUSTRY (1993) CO., LTD.",SOUTHERN GROUP THAI,SOUTHERN GROUP THAI,"SOUTHERN PALM (1978) CO., LTD.",,,Not RSPO Certified,,2019-10-31,9.11369000000,99.26607000000,THA,Thailand,Surat Thani,Phunphin,1-Fully Verified,,,"THE SOUTHERM PALM (1978) CO.,THE SOUTHERM PALM (1978) CO.,THE SOUTHERN PALM CO. LTD,THE SOUTHERN PALM (1978) CO LTD. SURATHA,THE SOUTHERN PALM (SURATHANI),SOUTHERN PALM OIL INDUSTRIES (1993),SOUTHERN PALM (1975) CO.LTD.,SOUTHERN PALM OIL INDUSTRY (1993) CO.
LTD.,SOUTHERN PALM (1978) CO.LTD.,SOUTHERN PALM OIL INDUSTRIES (1993)
CO. LTD,SOUTHERN PALM OIL INDUSTRIES (1993)
CO. LTD"
PO1000008433,TIMOR / LADANG MARAN,NEGRI SEMBILAN OIL PALMS BOARD,Negri Sembilan Oil Palms,TIMOR OIL PALM PLANTATION BERHAD,,,Not RSPO Certified,,2019-10-31,3.63438000000,102.76598000000,MYS,Malaysia,Pahang,Maran,1-Fully Verified,,,"TIMOR OIL PALM PLANTATION,ENG THYE PLANTATIONS BHD,TIMOR OIL PALM PLANTATION BERHAD,TIMOR OIL PALM PLANTATION BHD,,,,TIMOR,,TIMOR PALM OIL MILL/ LADANG MARAN,TIMOR 0IL PALM PLANTATION BHD"
PO1000008434,GOLDEN BLOSSOM SUMATERA,GOZCO PLANTATIONS,Gozco Plantations,GOLDEN BLOSSOM SUMATRA,,,Not RSPO Certified,,2019-10-31,-3.06769000000,104.20464000000,IDN,Indonesia,Sumatera Selatan,Banyu Asin,1-Fully Verified,,,"GOLDEN BLOSSOM SUMATRA,VICTORY ENGHOE,"
PO1000008435,KARYA TEKNIK PLANTATION,UNKNOWN,,KARYA TEKNIK PLANTATION,,,Not RSPO Certified,,2019-10-31,-0.15434000000,117.01007000000,IDN,Indonesia,Kalimantan Timur,Kutai Kartanegara,1-Fully Verified,,,"KARYA TEHNIK PLANTATION,KURNIA BATANG HARI BERJAYA,KARYA TEHNIK
PLANTATION,,,"
PO1000008437,KENANGA,SINAR MAS,Sinar Mas,KENCANA GRAHA PERMAI,,,Not RSPO Certified,,2019-10-31,-2.14040000000,110.51580000000,IDN,Indonesia,Kalimantan Barat,Ketapang,1-Fully Verified,,,"KENANGA MILL,,BANGUN NUSA MANDIRI,PT KENCANA GRAHA PERMAI - KENANGA,,,,,KENCANA GRAHA PERMAI (KENANGA),,,,,,,,,KENCANA GRAHA PERMAI,,,,"
PO1000008439,PKS 1,SUNGAI BUDI,SUNGAI BUDI,TUNAS BARU LAMPUNG,,,RSPO Certified,"RSPO Certified, MB",2019-10-31,-4.86473000000,105.18358000000,IDN,Indonesia,Lampung,Lampung Tengah,1-Fully Verified,,,"TERBANGGI,TUNAS BARU LAMPUNG 1,ABDI BUDI MULIA 804"
PO1000008440,WAY KANAN SAWITINDO MAS,SINAR JAYA AGRO INVESTAMA (SJAI),SINAR JAYA AGRO INVESTAMA (SJAI),WAYKANAN SAWITINDO MAS,,,Not RSPO Certified,,2019-10-31,-4.44672000000,104.42174000000,IDN,Indonesia,Lampung,Way Kanan,1-Fully Verified,,,"PT. WAYKANAN SAWITINDO MAS,,WAYKANAN SAWITINDO MAS,,MENGGALA SAWINTINDO,"
PO1000008490,SIAT NIGERIA LIMITED,SIAT,SIAT,SIAT NIGERIA LIMITED,,,RSPO Certified,"RSPO Certified, MB",2019-10-31,5.16466600000,6.91888800000,NGA,Nigeria,Ubima,Ahia,1-Fully Verified,,,"SIAT NIGERIA LIMITED PALM OIL MILL,,SNL,,SIAT NIGERIALIMITED,SIAT NIGERIA LIMITEDPALM OIL MILL"
PO1000008529,TANJUNG MEDANG,PTPN III,PTPN III,PERKEBUNAN NUSANTARA V,PTPN V,,Not RSPO Certified,,2019-10-31,1.58430500000,100.59136100000,IDN,Indonesia,Riau,Rokan Hilir,1-Fully Verified,,,"TANJUNG MEDAN,,PTPN V TANJUNG MEDAN,TANJUNG MEDAN (PTPN5),PALUTA INTI SAWIT,PERKEBUNAN NUSANTARA V (TANJUNG
MEDAN),,PERKEBUNAN NUSANTARA V (TANJUNG MEDAN),PKS TANJUNG MEDAN,PKS TANJUNG MEDAN,PTPN V - TANJUNG MEDAN MILL,PERKEBUNAN NUSANTARA V,PERKEBUNAN NUSANTARA V (TANJUNG,PTP  V - TAN UNG MEDAN MILL,,,,"
PO1000008555,OLEAGINOSAS AMAZONICAS S.A (OLAMSA) MILL 2,UNKNOWN,,OLEAGINOSAS AMAZONICAS S.A (OLAMSA),,,Not RSPO Certified,,2019-10-31,-8.64524000000,-74.95817000000,PER,Peru,Ucayali,Coronel Portillo,1-Fully Verified,,,"OLEAGINOSAS AMAZONICAS,OLEAGINOSAS AMAZÓNICAS S.A.(OLAMSA),OLEAGINOSAS AMAZÓNICAS S.A."
PO1000008556,OLEAGINOSAS DEL PERU (OLPESA),OLPESA,Oleaginosas,OLEAGINOSAS DEL PERU (OLPESA),,,Not RSPO Certified,,2019-10-31,-8.14146000000,-76.59412000000,PER,Peru,San Martín,Tocache,1-Fully Verified,,,OLEAGINOSAS DEL PERU
PO1000008557,OLEAGINOSAS PADRE ABAD S.A (OLPASA),UNKNOWN,Oleaginosas,OLEAGINOSAS PADRE ABAD,,,Not RSPO Certified,,2019-10-31,-9.05929000000,-75.64533000000,PER,Peru,Ucayali,Padre Abad,1-Fully Verified,,,
PO1000008558,OLEAGINOSAS PUCALLPA S.A.C.,UNKNOWN,,OLEAGINOSAS PUCALLPA,,,Not RSPO Certified,,2019-10-31,-8.57623000000,-74.90761000000,PER,Peru,Ucayali,Coronel Portillo,1-Fully Verified,,,
PO1000008559,PALDUANA,PALDUANA,PALDUANA,PALDUANA,,,Not RSPO Certified,,2019-10-31,0.31294000000,-79.41918000000,ECU,Ecuador,Esmeraldas,Quinindé,1-Fully Verified,,,
PO1000008560,PALMICULTORES DEL MILENIO DEL ESTADO DE CAMPECHE,UNKNOWN,,PALMICULTORES DEL MILENIO DEL ESTADO DEL CAMPECHE,,,Not RSPO Certified,,2019-10-31,18.67908000000,-90.90403000000,MEX,Mexico,Campeche,Carmen,1-Fully Verified,,,"HPEALMICULTORES DEL MILENIO DEL ESTADO DE CAMPECH,HPEALMICULTORES DEL MILENIO DEL ESTADO DE CAMPECH,"
PO1000008561,"SUKSOMBOON BOURAI CO,.LTD.",SUKSOMBOON GROUP,SUKSOMBOON GROUP,"SUKSOMBOON BOARAI CO,.LTD.",,,Not RSPO Certified,,2019-10-31,12.51713000000,102.55070000000,THA,Thailand,Trat,Bo Rai,1-Fully Verified,,,SUKSOMBOON PALM OIL (BORAI)
PO1000008562,THONGMONGKOL PALM OIL MILL,UNKNOWN,,THONG MONGKOL PALM INDUSTRY COMPANY LIMITED,,,Not RSPO Certified,,2019-10-31,11.21285000000,99.40460000000,THA,Thailand,Prachuap Khiri Khan,Bang Saphan,1-Fully Verified,,,"ATNHYO LNIMGMITOEDNGKOL PALM OIL MILL,THONGMONGKOL PALM OIL INDUSTRY,TYH LOINMGIMTEODNGKOL PALM OIL MILL,THONGMONGKOL PALM OIL"
PO1000008563,TUNAS PRIMA SEJAHTERA,LOW YAT,Low Yat Group,TUNAS PRIMA SEJAHTERA,,,Not RSPO Certified,,2019-10-31,0.05609000000,116.37999000000,IDN,Indonesia,Kalimantan Timur,Kutai Kartanegara,1-Fully Verified,,,
PO1000008564,SATHIEN PALM COMPANY LIMITED,UNKNOWN,,SATHIEN PALM COMPANY LIMITED,,,Not RSPO Certified,,2019-10-31,13.86596000000,99.70559000000,THA,Thailand,Kanchanaburi,Tha Maka,1-Fully Verified,,,"SATHIAN PALM CO., LTD.,SATHIAN PALM CO., LTD.,SATHIAN PALM,SATHIAN PALM CO., LTD.,SATHIAN PALM CO., LTD.,SATHIAN PALM CO., LTD.,SATHIAN PALM CO., LTD.,SATHIAN PALM CO., LTD.,SATHIAN PALM CO., LTD.,SATHIAN PALM CO. LTD.,"
PO1000008565,"TRAD PALM OIL CO,.LTD",UNKNOWN,,"TRAD PALM OIL CO,.LTD",,,Not RSPO Certified,,2019-10-31,12.33584000000,102.57025000000,THA,Thailand,Trat,Muang Trat,1-Fully Verified,,,
PO1000008566,SASMITA BUMI WIJAYA,DHARMA AGUNG WIJAYA (DAW),DHARMA AGUNG WIJAYA (DAW),SASMITA BUMI WIJAYA,,,Not RSPO Certified,,2019-10-31,0.30314000000,110.30122000000,IDN,Indonesia,Kalimantan Barat,Sanggau,1-Fully Verified,,,"PALM MAS ASRI (SASMITA BUMI WIJAYA),,,,,,BUMI SAWIT WIJAYA,,,ABDI BUDI MULIA 917"
PO1000008567,KETAPANG AGRO LESTARI,FIRST RESOURCES,First Resources (FR),KETAPANG AGRO LESTARI,,,RSPO Certified,"RSPO Certified, MB",2019-10-31,-0.87563000000,115.89165000000,IDN,Indonesia,Kalimantan Timur,Kutai Barat,1-Fully Verified,,,"KETAPANG AGRO LESTARI  MILL,,,PT KETAPANG AGRO LESTARI,"
PO1000008568,PALMAS DEL MACHAQUILA,FRUIT OIL,FRUIT OIL,AGROPECUARIA NUEVO SAN CARLOS S.A.,,,Not RSPO Certified,,2019-10-31,16.12298000000,-89.94789000000,GTM,Guatemala,Petén,Sayaxché,1-Fully Verified,,,"POASL SM.AS.  DEL MACHAQUILA,APROPECUARIA NUEVO SAN CARLOS,AGROPECUARIA NUEVO SAN CARLOSS.A."
PO1000008569,TOSCANO INDAH PRATAMA,UNKNOWN,Sabeni Ltd,TOSCANO INDAH PRATAMA,,,Not RSPO Certified,,2019-10-31,-1.08679000000,119.47290000000,IDN,Indonesia,Sulawesi Barat,Mamuju Utara,1-Fully Verified,,,
PO1000008570,GIGA PUTRA NUSANTARA,UNKNOWN,,GIGA PUTRA NUSANTARA,,,Not RSPO Certified,,2019-10-31,1.30983000000,99.76529000000,IDN,Indonesia,Sumatera Utara,Padang Lawas,1-Fully Verified,,,"GIGA AEK NABARA BARUMUN,,OLGA PUTRA NUSANTARA,,GIGA PUTRA NUSANTARA PT.,KARANG BINTANG POM,GIGA PUTRA PERKASA"
PO1000008571,"BIOTECH OIL CO,.LTD",UNKNOWN,,"BIOTECH OIL CO,.LTD",,,Not RSPO Certified,,2019-10-31,8.22253000000,99.03451000000,THA,Thailand,Krabi,Khao Phanom,1-Fully Verified,,,BIOTECH OIL
PO1000008572,AGROINDUSTRIA OLEICA DE LA REGIÓN DE LOS RIOS SAPI DE C.V.,UNKNOWN,,AGROINDUSTRIA OLEICA DE LA REGIÓN DE LOS RIOS SAPI DE C.V.,,,Not RSPO Certified,,2019-10-31,17.90800000000,-91.75757000000,MEX,Mexico,Tabasco,Emiliano Zapata,1-Fully Verified,,,"IA DGER OCI.NVD.USTRIA OLEICA DE LA REGIÓN DE LOS RIOS SAPI,IA DGER OCI.NVD.USTRIA OLEICA DE LA REGIÓN DE LOS RIOS SAPI,IA DGER OCI.NVD.USTRIA OLEICA DE LA REGIÓN DE LOS RIOS SAPI,AGROINDUSTRIA OLEICA DE LA REGION DE LOS RIOS,"
PO1000008573,INDUSTRIA DE PALMA ACEITERA DE LORETO Y SAN MARTIN,UNKNOWN,,INDUPALSA,,,Not RSPO Certified,,2019-10-31,-6.31044000000,-76.27929000000,PER,Peru,San Martín,Lamas,1-Fully Verified,,,"INDUSTRIA DE PALMA ACEITERA DE
LORETO Y SAN MARTIN,ITNIND U(ISNTRDIAU DPEA LPSAALM) A ACEITERA DE LORETO Y SAN MARTI,ITNIND U(ISNTRDIAU DPEA LPSAALM) A ACEITERA DE LORETO Y SAN MARTI,ITNIND U(ISNTRDIAU DPEA LPSAALM) A ACEITERA DE LORETO Y SAN MARTI,ITNIND U(ISNTRDIAU DPEA LPSAALM) A ACEITERA DE LORETO Y SAN MARTI,INDUPALSA,INDUSTRIA DE PALMA ACEITERA DE LORETO Y
SAN MARTIN  SA,INDUSTRIA DE PALMA ACEITERA DE LORETO Y SAN
MARTIN  SA"
PO1000008574,FELCRA VENTURE SRI AMAN,FELCRA BERHAD,FELDA,FELCRA VENTURE SRI AMAN SDN BHD,,,Not RSPO Certified,,2019-10-31,1.19279000000,111.40050000000,MYS,Malaysia,Sarawak,Sri Aman,1-Fully Verified,,,"FELCRA VENTURE SRI AMAN SDN BHD,SRI AMAN,,,,,,,,,,,FELCRA VENTURE SRI AMAN SDNBHD,,"
PO1000008575,P.C. PALM,UNKNOWN,,P.C. SIAM PETROLEUM,,,Not RSPO Certified,,2019-10-31,9.24689000000,99.66633000000,THA,Thailand,Surat Thani,Don Sak,1-Fully Verified,,,"PC PALM,P.C. PALM CO. LTD."
PO1000008576,PLANTA DE BENEFICIO AGROPALMA DE INVERSIONES,UNKNOWN,AGROAMERICA,AGROPALMA DE INVERSIONES,,,Not RSPO Certified,,2019-10-31,8.38594000000,-82.74187000000,PAN,Panama,Chiriquí,Alanje,1-Fully Verified,,,"AGROPALMA DE INVERSIONES,PLANTA PROCESADORA DE ACEITE DE,PELRASNIOTNAE DSE BENEFICIO AGROPALMA DE IN,PLANTA PROCESADORA DE ACEITE DE PALMA,AGROPALMA DE INVERSIONES, S. A.,,PLANTA DE BENEFICIO AGROPALMA DE IN,,PLANTA PROCESADORA DE ACEITE DE PALMA,AGROPALMA DE INVERSIONES, S. A.,,PAL DAEN TINAV DEER SBIEONNEEFSICIO AGROPAL,PAL DAEN TINAV DEER SBIEONNEEFSICIO AGROPAL,PLANTA PROCESADORA DE ACEITE DE PALMA,AGROPALMA DE INVERSIONES, S. A.,PLANTA PROCESADORA DE ACEITE DE PALMA, AGROPALMA DE INVERSIONES, S.
A.,PLANTA PROCESADORA DE ACEITE DE PALMA, AGROPALMA DE INVERSIONES, S.
A.,PLANTA PROCESADORA DE ACEITE DE PALMA, AGROPALMA DE INVERSIONES, S.
A.,PLANTA PROCESADORA DE ACEITE DE PALMA, AGROPALMA DE INVERSIONES, S.
A.,PLANTA PROCESADORA DE ACEITE DE PALMA,AGROPALMA DE INVERSIONES, S. A.,PLANTA PROCESADORA DE ACEITE DE PALMA, AGROPALMA DE INVERSIONES, S.
A.,PLANTA PROCESADORA DE ACEITE DE PALMA, AGROPALMA DE INVERSIONES, S.
A.,PLANTA PROCESADORA DE ACEITE DE PALMA, AGROPALMA DE INVERSIONES, S.
A.,PLANTA PROCESADORA DE ACEITE DE PALMA, AGROPALMA DE INVERSIONES, S.
A.,PLANTA PROCESADORA DE ACEITE DE PALMA, AGROPALMA DE INVERSIONES, S.
A.,PLANTA PROCESADORA DE ACEITE DE PALMA, AGROPALMA DE INVERSIONES, S.
A.,PLANTA PROCESADORA DE ACEITE DE PALMA, AGROPALMA DE INVERSIONES, S.
A.,PLANTA PROCESADORA DE ACEITE DE PALMA, AGROPALMA DE INVERSIONES, S.
A.,PLANTA PROCESADORA DE ACEITE DE PALMA, AGROPALMA DE INVERSIONES, S.
A.,PLANTA PROCESADORA DE ACEITE DE PALMA, AGROPALMA DE INVERSIONES, S.
A.,PLANTA PROCESADORA DE ACEITE DE PALMA, AGROPALMA DE INVERSIONES, S.
A.,PLANTA PROCESADORA DE ACEITE DE PALMA, AGROPALMA DE INVERSIONES, S.
A.,PLANTA PROCESADORA DE ACEITE DE PALMA, AGROPALMA DE INVERSIONES, S.
A.,PLANTA PROCESADORA DE ACEITE DE PALMA, AGROPALMA DE INVERSIONES, S.
A.,PLANTA PROCESADORA DE ACEITE DE PALMA, AGROPALMA DE INVERSIONES, S.
A.,PLANTA PROCESADORA DE ACEITE DE PALMA, AGROPALMA DE INVERSIONES, S.
A.,PLANTA PROCESADORA DE ACEITE DE PALMA, AGROPALMA DE INVERSIONES, S.
A.,PLANTA PROCESADORA DE ACEITE DE PALMA, AGROPALMA DE INVERSIONES, S.
A.,PLANTA PROCESADORA DE ACEITE DE PALMA, AGROPALMA DE INVERSIONES, S.
A.,IPOLNAENSTA DE BENEFICIO AGROPALMA DE INVERSIO,IPOLNAENSTA DE BENEFICIO AGROPALMA DE INVERSIO,IPOLNAENSTA DE BENEFICIO AGROPALMA DE INVERSIO,IPOLNAENSTA DE BENEFICIO AGROPALMA DE INVERSIO,IPOLNAENSTA DE BENEFICIO AGROPALMA DE INVERSIO,PLANTA PROCESADORA DE ACEITE DE PALMAAGROPALMA DE INVERSIONES, S. A.,PLANTA PROCESADORA DE ACEITE DE PALMA AGROPALMA DE,PLANTA DE BENEFICIO AGROPALMA DE
INVERSIONES,PLANTA DE BENEFICIO AGROPALMA,PLANTA PROCESADORA DE ACEITE DE PALMAAGROPALMA DE INVERSIONES, S. A."
PO1000008577,SINERGI AGRO INDUSTRI,IJM PLANTATIONS BERHAD,IJM,SINERGI AGRO INDUSTRI,,,Not RSPO Certified,,2019-10-31,0.90395000000,118.42487000000,IDN,Indonesia,Kalimantan Timur,Kutai Timur,1-Fully Verified,,,"PT SINERGI AGRO INDUSTRI,SINERGI MILL,SINERGI MILL,SINERGI PALM OIL MILL"
PO1000008578,LONG PINANG,PTPN III,PTPN III,PERKEBUNAN NUSANTARA XIII,,,Not RSPO Certified,,2019-10-31,-1.92927000000,116.12431000000,IDN,Indonesia,Kalimantan Timur,Paser,1-Fully Verified,,,"LONG PIANANG,PTPN XII - LONG PINANG,PTPN XIII - LONG PINANG,PERKEBUNAN NUSANTARA XIII (LONG PINANG)"
PO1000008579,SAKTI MAIT JAYA LANGIT,MENTARI,MENTARI,SAKTI MAIT JAYA LANGIT,,,Not RSPO Certified,,2019-10-31,-1.943620,114.181980,IDN,Indonesia,Kalimantan Tengah,Kapuas,1-Fully Verified,,,
PO1000008580,AGRINA SAWIT PERDANA,AGRINA,Agrina Sawit Perdana (ASP),AGRINA SAWIT PERDANA,,,Not RSPO Certified,,2019-10-31,0.06991000000,110.69644000000,IDN,Indonesia,Kalimantan Barat,Sanggau,1-Fully Verified,,,"AGRINA PLANTATION,,,,,,,,,"
PO1000008581,PANDRAN RAYA,MAKIN,Makin,ANTANG GANDA UTAMA,,,Not RSPO Certified,,2019-10-31,-1.13950000000,115.03020000000,IDN,Indonesia,Kalimantan Tengah,Barito Utara,1-Fully Verified,,,KARANG AGUNG
PO1000008582,KUKO,DARMEX AGRO,DARMEX AGRO ,DUTA PALMA NUSANTARA,,,Not RSPO Certified,,2019-10-31,-0.55673000000,101.67234000000,IDN,Indonesia,Riau,Kuantan Singingi,1-Fully Verified,,,DUTA PALMA NUSANTARA
PO1000008583,BUMI DAYA AGROTAMAS,Buana Indah,BDA,BUMI DAYA AGROTAMAS,,,Not RSPO Certified,,2019-10-31,2.58322000000,97.85417000000,IDN,Indonesia,Aceh,Subulussalam,1-Fully Verified,,,"INTAN SEJATI ANDALAN,BUMI DAYS AGROTAMAS,,,BLANG KETUMBA,,,"
PO1000008584,SYAUKATH AGRO,UNKNOWN,,SYAUKATH AGRO,,,Not RSPO Certified,,2019-10-31,4.57539000000,95.70500000000,IDN,Indonesia,Aceh,Aceh Jaya,1-Fully Verified,,,"WANASARI NUSANTARA,,,,,SUNGAI BAHAR PASIFIK UTAMA,,PT SYAUKATH AGRO,,"
PO1000008585,SAWITA LEIDONG JAYA,UNKNOWN,,SAWITA LEIDONG JAYA,,,Not RSPO Certified,,2019-10-31,1.84461000000,100.44443000000,IDN,Indonesia,Riau,Rokan Hilir,1-Fully Verified,,,"ANUGERAH AGRO SAWIT PERKASA,,ANUGERAH AGRO
SAWIT PERKASA,,LAMHOT FAJAR UTAMA,ANUGERAH AGRO SAWIT PERKASA PT.,LAMHOT FAJAR JAYA,,,ANUGERAH AGRO SAWIT PERKASA PALM OIL MILL"
PO1000008586,BATANG KUMU,TORGANDA,Tor Ganda,TOR GANDA,,,Not RSPO Certified,,2019-10-31,1.37672000000,100.19219000000,IDN,Indonesia,Riau,Rokan Hulu,1-Fully Verified,,,
PO1000008587,TEBO INDAH,AGRO INVESTAMA,AGRO INVESTAMA,TEBO INDAH,,,Not RSPO Certified,,2019-10-31,-1.50069000000,102.57867000000,IDN,Indonesia,Jambi,Tebo,1-Fully Verified,,,
PO1000008588,EXTRACTORA TARRAGONA,NEOPALMA,NEOPALMA,CHEMARAPALM,,,Not RSPO Certified,,2019-10-31,-0.08655000000,-79.31715000000,ECU,Ecuador,Santo Domingo de los Tsachilas,Santo Domingo,1-Fully Verified,,,
PO1000008589,SUMBER SAWIT SEJAHTERA,UNKNOWN,Sumber Sawit Nusantara,SUMBER SAWIT SEJAHTERA,Sumber Sawit Nusantara,,Not RSPO Certified,,2019-10-31,0.24861000000,101.97667000000,IDN,Indonesia,Riau,Pelalawan,1-Fully Verified,,,"PT PACTRA SEJAHTERA,PACTRA SEJAHTERA,SUNGAI NIRU,,PT SUMBER SAWIT SEJAHTERA,,,,"
PO1000008590,3F OIL PALM AGROTECH,UNKNOWN,3F,3F OIL PALM AGROTECH,,,Not RSPO Certified,,2019-10-31,17.00352000000,81.46973000000,IND,India,Andhra Pradesh,West Godavari,1-Fully Verified,,,"3F OIL PALMAGROTECH PVT LTD,3F OIL PALM AGROTECHPVT LTD,3F OIL PALM AGROTECH
PVT LTD"
PO1000008591,UNI PRIMACOM PKS 1,MUSIRAWAS,Musirawas,UNI PRIMACOM,,,Not RSPO Certified,,2019-10-31,-1.94367000000,112.72881000000,IDN,Indonesia,Kalimantan Tengah,Kotawaringin Timur,1-Fully Verified,,,"UNIPRIMACOM I,UNI PRIMACOM,UNIPRIMACOM-PKS I"
PO1000008594,THE NATURAL PALM OIL CO,UNKNOWN,Natural Palm Group,"THE NATURAL PALM GROUP CO.,LTD",,,Not RSPO Certified,,2019-10-31,8.39271000000,99.22777000000,THA,Thailand,Surat Thani,Prasaeng,1-Fully Verified,,,THE NATURAL PALM OIL CO. LTD.
PO1000008595,DAMAI JAYA LESTARI,TORGANDA,Tor Ganda,DAMAI JAYA LESTARI,,,Not RSPO Certified,,2019-10-31,-3.25681000000,122.14476000000,IDN,Indonesia,Sulawesi Tenggara,Konawe Utara,1-Fully Verified,,,DAMAI JAYA LESTARI (LEMERURU)
PO1000008596,WAIMUSI AGRO INDAH,UNKNOWN,,WAIMUSI AGRO INDAH,,,Not RSPO Certified,,2019-10-31,-3.67166000000,105.06792000000,IDN,Indonesia,Sumatera Selatan,Ogan Komering Ilir,1-Fully Verified,,,"WAI MUSI AGRO INDAH,WAIMUSI AGROINDAH,,,,MUARA DILAM POM,,,,,"
PO1000008597,BONAI,ANDIKA,ANDIKA,ANDIKA PERMATA SAWIT LESTARI,,,Not RSPO Certified,,2019-10-31,1.27573000000,100.87947000000,IDN,Indonesia,Riau,Rokan Hulu,1-Fully Verified,,,
PO1000008599,SEI KERANDI,CARGILL,Cargill,ANDES AGRO INVESTAMA,,,RSPO Certified,"RSPO Certified, MB",2019-10-31,-2.31245800000,110.42824100000,IDN,Indonesia,Kalimantan Barat,Ketapang,1-Fully Verified,,Crusher,"ANDES AGRO INVESTAMA (SEI KERANDI),,ANDES AGRO INVESTAMA - SEI KERANDI,ANDES AGRO INVESTAMA,,RIVER VIEW,,,ANDES AGRO INVESTMA,,ANDES AGRO INVESTAMA (PKS SEI KERANDI),,,,,,SEI KERANDI MILL,ANDES AGRO INVESTAMA (PKS SEI KERANDI,ANDES AGRO INVESTAMA (PKS SEI"
PO1000008601,FORTIUS WAJO PERKEBUNAN,FORTIUS CORP,Sabeni Ltd,FORTIUS WAJO PERKEBUNAN,FORTIUS CORP,,Not RSPO Certified,,2019-10-31,-1.05097000000,102.90620000000,IDN,Indonesia,Jambi,Tanjung Jabung B,1-Fully Verified,,,PKS FORTIUS WAJO PERKEBUNAN
PO1000008602,LARAS ASTRA KARTIKA,RAJAWALI NUSANTARA INDONESIA (RNI),RAJAWALI NUSANTARA INDONESIA (RNI),LARAS ASTRA KARTIKA,,,Not RSPO Certified,,2019-10-31,-4.08137000000,104.54087000000,IDN,Indonesia,Sumatera Selatan,Ogan Komering Ulu Timur,1-Fully Verified,,,
PO1000008603,MAHAKAM SAWIT PLANTATION,KALPATARU,KALPATARU,MAHAKAM SAWIT PLANTATION,,,Not RSPO Certified,,2019-10-31,-0.33867000000,116.88074000000,IDN,Indonesia,Kalimantan Timur,Kutai Kartanegara,1-Fully Verified,,,"MAHAKAM,MAHAKAM,MAHAKAM SAWIT"
PO1000008604,CLS,SRIWIJAYA PALM OIL,SRIWIJAYA PALM OIL,CIPTA LESTARI SAWIT,,,Not RSPO Certified,,2019-10-31,-2.65001900000,104.52991500000,IDN,Indonesia,Sumatra selatan,Banyu Asin,1-Fully Verified,,,"CIPTA LESTARI SAWIT,FORTIUS WAJO PERKEBUNAN,ANUGERAH TANI MAKMUR"
PO1000008605,MUTIARA SAWIT SEMESTA,UNKNOWN,Sabeni Ltd,MUTIARA SAWIT SEMESTA,,,Not RSPO Certified,,2019-10-31,-1.60792000000,102.86322000000,IDN,Indonesia,Jambi,Batang Hari,1-Fully Verified,,,"MUTIATA SAWIT SELUMA,,,,,,,,,,,PT. TEGUH KARSA WANALESTARI,PT. MUTIARA SAWIT SEMESTA"
PO1000008606,AGRO MEKAR LESTARI,UNKNOWN,,AGRO MEKAR LESTARI,,,Not RSPO Certified,,2019-10-31,0.82947000000,103.37602000000,IDN,Indonesia,Kepulauan Riau,Karimun,1-Fully Verified,,,
PO1000008607,SAML,SRIWIJAYA PALM OIL,SRIWIJAYA PALM OIL,SELATAN AGRO MAKMUR LESTARI,,,Not RSPO Certified,,2019-10-31,-2.69065000000,105.21982000000,IDN,Indonesia,Sumatera Selatan,Ogan Komering Ilir,1-Fully Verified,,,"SELATAN AGRO MAKMUR LESTARI,KELAMPAI,SELATAN AGRO MAKMUR
LESTARI,,,,"
PO1000008608,PERMATA SUBUR LESTARI,UNKNOWN,Sabeni Ltd,PERMATA SUBUR LESTARI,,,Not RSPO Certified,,2019-10-31,0.02786000000,111.43342000000,IDN,Indonesia,Kalimantan Barat,Sintang,1-Fully Verified,,,
PO1000008609,LAMANDAU,BUMITAMA GUNAJAYA AGRO (BGA),Bumitama,BUMITAMA GUNAJAYA ABADI,,,Not RSPO Certified,,2019-10-31,-2.50547000000,111.36014000000,IDN,Indonesia,Kalimantan Tengah,Kotawaringin Barat,1-Fully Verified,,,BUMITAMA GUNAJAYA ABADI (LAMANDAU)
PO1000008610,SATRIA HUPASARANA,TRURICH RESOURCES,TRURICH RESOURCES,SATRIA HUPASARANA,,,Not RSPO Certified,,2019-10-31,-2.03500000000,111.56898000000,IDN,Indonesia,Kalimantan Tengah,Lamandau,1-Fully Verified,,,
PO1000008611,HUTAN ALAM LESTARI,UNKNOWN,Hutan Alam Lestari,HUTAN ALAM LESTARI,,,Not RSPO Certified,,2019-10-31,-1.61092000000,103.34242000000,IDN,Indonesia,Jambi,Batang Hari,1-Fully Verified,,,"LANGGAK INTI LESTARI,,,HUTAN ALAM LESTARI PT.,TESO DUA POM,ABDI BUDI MULIA 371"
PO1000008612,BUKIT BORNEO SEJAHTERA,UNKNOWN,Bukit Borneo Sejahtera,BUKIT BORNEO SEJAHTERA,,,Not RSPO Certified,,2019-10-31,3.46459000000,116.60577000000,IDN,Indonesia,Kalimantan Timur,Malinau,1-Fully Verified,,,
PO1000008613,CANDI ARTHA,CANDI MAS,CANDI MAS,CANDI ARTHA,,,Not RSPO Certified,,2019-10-31,-3.94174000000,114.81607000000,IDN,Indonesia,Kalimantan Selatan,Tanah Laut,1-Fully Verified,,,
PO1000008614,INASCA AGROINDUSTRIAL,UNKNOWN,,INASCA AGROINDUSTRIAL,,,Not RSPO Certified,,2019-10-31,18.97823000000,-69.39102000000,DOM,Dominican Republic,Hato Mayor,El Valle,1-Fully Verified,,,
PO1000008615,BANGKINANG,DARMEX AGRO,DARMEX AGRO ,JOHAN SENTOSA,,,Not RSPO Certified,,2019-10-31,0.42806000000,100.92163000000,IDN,Indonesia,Riau,Kampar,1-Fully Verified,,,PT JOHAN SENTOSA
PO1000008616,KARYA SAWITINDO MAS,SINAR JAYA AGRO INVESTAMA (SJAI),SINAR JAYA AGRO INVESTAMA (SJAI),KARYA SAWITINDO MAS,,,Not RSPO Certified,,2019-10-31,-2.46151000000,101.12382000000,IDN,Indonesia,Bengkulu,Mukomuko,1-Fully Verified,,,"PT. KARYA SAWITINDO MAS,KARYA SAWITINDO MAS (TANJUNG ALAI),TANJUNG ALAI,TANJUNG ALAY,,,,,,,ABDI BUDI MULIA 446"
PO1000008618,PERSADA ALAM JAYA,UNKNOWN,Surya Group,PERSADA ALAM JAYA,,,Not RSPO Certified,,2019-10-31,-1.04389000000,102.88722000000,IDN,Indonesia,Jambi,Tanjung Jabung B,1-Fully Verified,,,",,,,PERSADA ALAM JAYA PT.,PINAGO UTAMA POM,,,"
PO1000008619,KARYA PERDANA,TORGANDA,Tor Ganda,TOR GANDA,,,Not RSPO Certified,,2019-10-31,1.23507000000,100.58881000000,IDN,Indonesia,Riau,Rokan Hulu,1-Fully Verified,,,
PO1000008620,PRADIKSI GUNATAMA,JHONLIN,Jhonlin,PRADIKSI GUNATAMA,,,Not RSPO Certified,,2019-10-31,-2.18051000000,116.20928000000,IDN,Indonesia,Kalimantan Timur,Paser,1-Fully Verified,,,COT GIREK POM
PO1000008621,LONG KALI,PTPN III,PTPN III,PERKEBUNAN NUSANTARA XIII,,,Not RSPO Certified,,2019-10-31,-1.42150000000,116.24975000000,IDN,Indonesia,Kalimantan Timur,Paser,1-Fully Verified,,,"LONGKALI,PERKEBUNAN NUSANTARA XIII (LONG KALI)"
PO1000008622,MEKAR SARI ALAM LESTARI,DARMEX AGRO,DARMEX AGRO ,MEKAR SARI ALAM LESTARI,,,Not RSPO Certified,,2019-10-31,0.12146000000,102.33771000000,IDN,Indonesia,Riau,Pelalawan,1-Fully Verified,,,"MEKARSARI ALAM LESTARI,SEI OGAN,ABDI BUDI MULIA 622"
PO1000008623,PASER,WINGS AGRO,WINGS AGRO,GAWI MAKMUR KALIMANTAN,,,RSPO Certified,"RSPO Certified, MB",2019-10-31,-1.43933000000,116.39938000000,IDN,Indonesia,Kalimantan Timur,Penajam Paser Utara,1-Fully Verified,,,"PKS PASER,PENAJAM,"
PO1000008624,ABERDI,"A BROWN ENERGY AND RESOURCES DEVELOPMENT, INC. (ABERDI)",A BROWN ENERGY AND RESOURCES DEVELOPMENT (ABERDI),"A BROWN ENERGY AND RESOURCES DEVELOPMENT, INC. (ABERDI)",,,Not RSPO Certified,,2019-10-31,8.33257000000,124.99670000000,PHL,Philippines,Bukidnon,Impasug-Ong,1-Fully Verified,,,AC.B (EARBDEIRDI)
PO1000008626,WANA SAWIT SUBUR LESTARI 1,BEST INDUSTRY,Best,WANA SAWIT SUBUR LESTARI,,,Not RSPO Certified,,2019-10-31,-2.50686000000,112.01344000000,IDN,Indonesia,Kalimantan Tengah,Kotawaringin Barat,1-Fully Verified,,,"AMIN JAYA,WANA SAWIT SUBUR LESTARI"
PO1000008627,COOPEAGROPAL LA GUARIA,UNKNOWN,,COOPEAGROPAL R.L.,,,Not RSPO Certified,,2019-10-31,9.98210000000,-84.27509000000,CRI,Costa Rica,Alajuela,Alajuela,2-High Confidence,,,CBSS 1 (KUARO) MILL
PO1000008629,SENTRAKARYA MANUNGGAL,Kencana,Kencana Agri,SENTRA KARYA MANUNGGAL,,,Not RSPO Certified,,2019-10-31,0.87161000000,111.86453000000,IDN,Indonesia,Kalimantan Barat,Kapuas Hulu,1-Fully Verified,,,
PO1000008630,"SIAM MODERN PALM CO,. LTD",UNKNOWN,,"SIAM MODREN PALM CO,. LTD",,,Not RSPO Certified,,2019-10-31,8.51320000000,98.69471000000,THA,Thailand,Krabi,Ao Luk,1-Fully Verified,,,"SIAM MODERN PALM,SIAM MODERN,SIAM MODERN PALM CO.,LTD.,SIAM MODERN PALM CO.,LTD.,SIAM MODERN PALM CO.,LTD.,SIAM MODERN PALM CO.,LTD.,SIAM MODERN PALM CO.,LTD.,SIAM MODERN PALM CO.,LTD.,SIAM MODERN PALM CO.,LTD.,SIAM MODERN PALM CO.,LTD.,SIAM MODERN PALM CO.,LTD.,SIAM MODERN PALM CO.,LTD.,SIAM MODERN PALM CO.,LTD.,SIAM MODERN PALM CO.,LTD.,SIAM MODERN PALM CO.,LTD.,SIAM MODERN PALM CO.,LTD.,SIAM MODERN PALM CO.,LTD.,SIAM MODERN PALM CO.,LTD.,SIAM MODERN PALM CO.,LTD.,SIAM MODERN PALM CO.,LTD.,SIAM MODERN PALM CO.,LTD.,SIAM MODERN PALM CO.,LTD.,SIAM MODERN PALM CO.LTD.,SIAM MODERN PALM CO; LTD,SIAM MODERN PALM CO. LTD.,SAENGSIRI PALM OIL CO. LTD,ABDI BUDI MULIA 1012"
PO1000008632,WILD ASIA,UNKNOWN,Wild Asia Sdn. Bhd.,WILD ASIA,,,Not RSPO Certified,,2019-10-31,5.74600000000,117.36200000000,MYS,Malaysia,Sabah,Beluran,1-Fully Verified,,,
PO1000008633,KLISOF,KAYU LAPIS INDONESIA,KAYU LAPIS INDONESIA,INTI KEBUN SEJAHTERA,,,Not RSPO Certified,,2019-10-31,-1.28858000000,131.24931000000,IDN,Indonesia,Papua Barat,Sorong,1-Fully Verified,,,
PO1000008634,INDÚSTRIA E COMÉRCIO DE ÓLEOS E FARELOS VEGETAIS DA AMAZÔNIA LTDA,UNKNOWN,AGROPALMA,OPALA,,,Not RSPO Certified,,2019-10-31,-2.46000000000,-48.74222000000,BRA,Brazil,Pará,Tailândia,2-High Confidence,,,"OLEOS VEGETAIS,OPALA - INDÚSTRIA E COMÉRCIO DE ÓLEOS E FARELOS VEGETAIS DA AMAZÔNIA
LTDA,VOEPGAELATA -I SIN DDAÚ ASTMRIA ZEÔ CNOIAM LÉTDRCAIO DE ÓLEOS E FARELOS V,OPALA - INDÚSTRIA E COMÉRCIO DE ÓLEOS E FARELOS VEGETAIS DA AMAZÔNIA LTDA,OPALA - INDÃºSTRIA E COMÃ©RCIO DE Ã“LEOS E FARELOS VEGETAIS DA AMAZÃ´NIA LTDA"
PO1000008636,BUKIT SAWIT SEMESTA,UNKNOWN,Sabeni Ltd,BUKIT SAWIT SEMESTA,,,Not RSPO Certified,,2019-10-31,-0.34415000000,99.96159000000,IDN,Indonesia,Sumatera Barat,Agam,1-Fully Verified,,,
PO1000008637,FLEET PALMS,UNKNOWN,United Fleet Palms ,UNITED FLEET PALMS,,,Not RSPO Certified,,2019-10-31,5.19661000000,100.50176000000,MYS,Malaysia,Pulau Pinang,Seberang Perai Selatan,2-High Confidence,,Crusher,
PO1000008639,PUTERA MANUNGGAL PERKASA,ANJ AGRO,ANJ AGRO,PUTERA MANUNGGAL PERKASA,,,RSPO Certified,"RSPO Certified, IP",2019-10-31,-1.78454000000,132.45735000000,IDN,Indonesia,Papua Barat,Sorong Selatan,1-Fully Verified,,,AUSTINDO NUSANTARA JAYA AGRI (PKS PUTERA MANUNGGAL
PO1000008640,HAMPARAN MASAWIT BANGUN PERSADA,BEST INDUSTRY,Best,HAMPARAN MASAWIT BANGUN PERSADA,,,Not RSPO Certified,,2019-10-31,-2.55905000000,112.45597000000,IDN,Indonesia,Kalimantan Tengah,Seruyan,1-Fully Verified,,,
PO1000008641,TANJUNG KELILING PALM OIL MILL,UNKNOWN,KUALA LUMPUR KEPONG (KLK),FAJAR AGRO SAWIT,,,RSPO Certified,"RSPO Certified, IP, MB",2019-10-31,3.51124000000,98.30589000000,IDN,Indonesia,Sumatera Utara,Langkat,1-Fully Verified,,,"TANJUNG KELILING,TANJUNG KELILING PALM OIL MILL"
PO1000008642,BARACOA,UNKNOWN,HONDUCARIBE-ECARA,INDUSTRIAS ACEITERAS DEL CARIBE DE HONDURAS (HONDUCARIBE),,,RSPO Certified,"RSPO Certified, MB",2019-10-31,15.75134000000,-87.84127000000,HND,Honduras,Cortés,Puerto Cortés,1-Fully Verified,,,NBADRUACCOAARIBE)
PO1000008643,SURYA MAS CIPTA PERKASA,BEST INDUSTRY,Best,SURYA MAS CIPTA PERKASA,,,Not RSPO Certified,,2019-10-31,-3.03362000000,113.85840000000,IDN,Indonesia,Kalimantan Tengah,Pulang Pisau,1-Fully Verified,,,
PO1000008644,SAMUNTAI,PTPN III,PTPN III,PERKEBUNAN NUSANTARA XIII,,,Not RSPO Certified,,2019-10-31,-1.67364000000,116.12620000000,IDN,Indonesia,Kalimantan Timur,Paser,1-Fully Verified,,,PERKEBUNAN NUSANTARA XIII (SAMUNTAI)
PO1000008645,INDUSTRIAS PALM OLEO S.A.C.,UNKNOWN,,INDUSTRIAS PALM OLEO,,,Not RSPO Certified,,2019-10-31,-8.40547000000,-74.63350000000,PER,Peru,Ucayali,Coronel Portillo,1-Fully Verified,,,INDUSTRIAS PALM OLEO
PO1000008646,EXTRACTORA NUEVO HORIZONTE,GRUPO PALMAS / PALMAS DEL ESPINO,GRUPO PALMAS / PALMAS DEL ESPINO,INDUSTRIAS DEL ESPINO SA,,,Not RSPO Certified,,2019-10-31,-8.09932000000,-76.60096000000,PER,Peru,San Martín,Tocache,1-Fully Verified,,,"NUEVO HORIZONTE,INDUSTRIAS DEL ESPINO (NUEVO HORIZONTE),INDUSTRIAS DEL ESPINO S.A- NUEVO HORIZONTE"
PO1000008647,LEMBAH BATU,PTPN III,PTPN III,PERKEBUNAN NUSANTARA XIII,,,Not RSPO Certified,,2019-10-31,-1.63080000000,116.14029000000,IDN,Indonesia,Kalimantan Timur,Paser,1-Fully Verified,,,
PO1000008652,BORNEO INDO SUBUR,NPC RESOURCES BERHAD,NPC Resources,BORNEO INDO SUBUR,,,Not RSPO Certified,,2019-10-31,-1.48218000000,116.14971000000,IDN,Indonesia,Kalimantan Timur,Paser,1-Fully Verified,,,
PO1000008654,PKS 6,DHARMA SATYA NUSANTARA (DSN),Dharma Satya Nusantara (DSN),DEWATA SAWIT NUSANTARA,,,RSPO Certified,"RSPO Certified, IP",2019-10-31,1.28266000000,116.78232000000,IDN,Indonesia,Kalimantan Timur,Kutai Timur,1-Fully Verified,,,"DEWATA SAWIT NUSANTARA,DEWATA SAWIT NUSANTARA PKS 6,PKS 6 (DSN),,,,DHARMA SATYA NUSANTARA 6,POM 6,PKS DHARMA SATYA NUSANTARA (POM 6),,,,DEWATA SAWIT NUSANTARA (DSN 6),,,,DHARMA SATYA NUSANTARA(POM 6)"
PO1000008656,SENTOSA KALIMANTAN JAYA,UNKNOWN,SKJ,SENTOSA KALIMANTAN JAYA,,,Not RSPO Certified,,2019-10-31,2.34019000000,118.06189000000,IDN,Indonesia,Kalimantan Timur,Berau,1-Fully Verified,,,"SENTOSA KALIMANTAN
JAYA,,"
PO1000008658,LANANG AGRO BERSATU,SAMPOERNA AGRO,Sampoerna Agro,LANANG AGRO BERSATU,,,Not RSPO Certified,,2019-10-31,-1.21353800000,110.52338000000,IDN,Indonesia,Kalimantan Barat,Ketapang,2-High Confidence,,,
PO1000008659,KARYANUSA EKA DAYA 2,ASTRA AGRO LESTARI,Astra Agro Lestari (AAL),KARYANUSA EKADAYA,,,Not RSPO Certified,,2019-10-31,0.91234000000,116.73427000000,IDN,Indonesia,Kalimantan Timur,Kutai Timur,1-Fully Verified,,,KARYANUSA EKADAYA 2
PO1000008660,SUMBER MAHARDHIKA GRAHA,UNION SAMPOERNA TRIPUTRA PERSADA (USTP),Union Sampoerna Triputra Persada (USTP),SUMBER MAHARDHIKA GRAHA,,,Not RSPO Certified,,2019-10-31,-2.12997000000,111.33199000000,IDN,Indonesia,Kalimantan Tengah,Lamandau,1-Fully Verified,,,"SUMBER MAHARDIKA GRAHA,SUMBER MAHARDHIKA GRAHA (SERUYAN)"
PO1000008661,KEBUN GARUDA PRIMA,SALIM GROUP,Salim,KEBUN GANDA PRIMA,,,Not RSPO Certified,,2019-10-31,0.40107000000,110.26475000000,IDN,Indonesia,Kalimantan Barat,Sanggau,1-Fully Verified,,,
PO1000008663,BANYU BENING UTAMA,DARMEX AGRO,DARMEX AGRO ,BANYU BENING UTAMA,,,Not RSPO Certified,,2019-10-31,-0.48016000000,102.68086000000,IDN,Indonesia,Riau,Indragiri Hulu,1-Fully Verified,,Crusher,ABDI BUDI MULIA 92
PO1000008664,BASERAH,DARMEX AGRO,DARMEX AGRO ,WANA JINGGA TIMUR,,,Not RSPO Certified,,2019-10-31,-0.45477000000,101.87994000000,IDN,Indonesia,Riau,Kuantan Singingi,1-Fully Verified,,,"WANAJINGGA TIMUR,WANNA JINGGA TIMUR (BASERAH),WANA JINGGA TIMUR,,,ABDI BUDI MULIA 96"
PO1000008665,CERENTI,DARMEX AGRO,DARMEX AGRO ,CERENTI SUBUR,,,Not RSPO Certified,,2019-10-31,-0.55544000000,101.75779000000,IDN,Indonesia,Riau,Kuantan Singingi,1-Fully Verified,,,CERENTI SUBUR
PO1000008666,BATU LEPOQ,UNKNOWN,,LONG BANGUN PRIMA SAWIT,,,Not RSPO Certified,,2019-10-31,1.42098000000,117.85637000000,IDN,Indonesia,Kalimantan Timur,Kutai Timur,1-Fully Verified,,,LONG BAGUN PRIMA
PO1000008811,AMAPALMA,AGROPALMA,AGROPALMA,AGROPALMA,,,Not RSPO Certified,,,-2.52455300,-48.79756400,BRA,Brazil,Pará,Tailândia,1-Fully Verified,,,AGROPALMA/AMAPALMA
PO1000009014,KENCANA AMAL TANI,DARMEX AGRO,DARMEX AGRO ,KENCANA AMAL TANI,,,Not RSPO Certified,,2019-10-31,-0.63924000000,102.49294000000,IDN,Indonesia,Riau,Indragiri Hulu,1-Fully Verified,,,ABDI BUDI MULIA 470
PO1000009015,KILIRAN JAO,INCASI RAYA (GUNAS),Incasi Raya Group (IRG),BINA PRATAMA SAKOTO JAYA,,,Not RSPO Certified,,2019-10-31,-0.86485000000,101.44563000000,IDN,Indonesia,Sumatera Barat,Dharmasraya,1-Fully Verified,,,"AGRA SAWITINDO,AGRA SAWINTINDO,BINA PRATAMA SAKATOJAYA (KILIRAN JAO)"
PO1000009016,SATRIA,REA HOLDINGS,R.E.A. Holdings,SASANA YUDHA BAKTI,,,Not RSPO Certified,,2019-10-31,0.42301000000,116.14970000000,IDN,Indonesia,Kalimantan Timur,Kutai Kartanegara,1-Fully Verified,,,"REA KALTIM PLANTATION SATRIA OIL MILL,SATRIA POM,SATRIA OIL MILL,,,,REA KALTIM - SATRIA"
PO1000009018,GRUIMASEL,UNKNOWN,,COMPANIA GRUIMASEL S.A.,,,Not RSPO Certified,,2019-10-31,0.32687000000,-79.27390000000,ECU,Ecuador,Esmeraldas,Quinindé,1-Fully Verified,,,COMPAÑÍA GRUIMASEL S.A.
PO1000009019,ENSEM SAWITA,TENERA LESTARI,Tenera Lestari (TL),ENSEM SAWITA,,,Not RSPO Certified,,2019-10-31,4.56601000000,97.91660000000,IDN,Indonesia,Aceh,Aceh Timur,1-Fully Verified,,,"SARI BUAH SAWIT,,,,,PT. ENSEM SAWITA,,"
PO1000009020,MULIA TANI JAYA,UNKNOWN,,MULIA TANI JAYA,,,Not RSPO Certified,,2019-10-31,3.86650000000,98.35490000000,IDN,Indonesia,Sumatera Utara,Langkat,1-Fully Verified,,,",,,,,,,,,MUARA JAMBI SAWIT LESTARI,,GIN 2 POM,MULIA TANI JAYA*,ABDI BUDI MULIA 669"
PO1000009021,KHARISMA ALAM PERSADA,AMARA PLANTATION,Agrina Sawit Perdana (ASP),KHARISMA ALAM PERSADA,,,Not RSPO Certified,,2019-10-31,-2.92880000000,114.95140000000,IDN,Indonesia,Kalimantan Selatan,Tapin,1-Fully Verified,,,"KHARISMA ALAM
PERSADA,,,"
PO1000009022,UNI PRIMACOM PKS 2,MUSIRAWAS,Musirawas,UNI PRIMACOM,,,Not RSPO Certified,,2019-10-31,-1.86041000000,112.72130000000,IDN,Indonesia,Kalimantan Tengah,Kotawaringin Timur,1-Fully Verified,,,
PO1000009023,CIKASUNGKA,PTPN III,PTPN III,PERKEBUNAN NUSANTARA VIII,,,Not RSPO Certified,,2019-10-31,-6.51847000000,106.50343000000,IDN,Indonesia,Jawa Barat,Bogor,1-Fully Verified,,,
PO1000009024,PINTASAN,KWANTAS CORPORATION BERHAD,KWANTAS ,KWANTAS OIL SDN BHD,,,Not RSPO Certified,,2019-10-31,5.22922000000,117.71690000000,MYS,Malaysia,Sabah,Kinabatangan,1-Fully Verified,,,"PINTASAN PALM OIL,KWANTAS OIL SDN BHD PINTASAN,,,PINTASAN PALM OIL MILL,,,,KWANTAS OIL SDN BHD (PINTASAN PALM OIL MILL),,,,KWANTAS OIL SDN BHD (PINTASAN,PINTASAAN PALM OIL MILL"
PO1000009025,CIPTA TUMBUH BERBUAH,UNKNOWN,CIPTA TUMBUH BERBUAH,CIPTA TUMBUH BERBUAH,,,Not RSPO Certified,,2019-10-31,-0.290400,109.587030,IDN,Indonesia,Kalimantan Barat,Kubu Raya,2-High Confidence,,,"PALM MAS ASRI (CIPTA TUMBUH
BERBUAH)"
PO1000009027,AGRI MITRA KARYA,UNKNOWN,,AGRI MITRA KARYA,,,Not RSPO Certified,,2019-10-31,-2.64591000000,101.28978000000,IDN,Indonesia,Bengkulu,Mukomuko,1-Fully Verified,,,
PO1000009068,TANJUNG DALAM,CARGILL,Cargill,HINDOLI,,,RSPO Certified,"RSPO Certified, MB",2019-10-31,-2.54960000000,103.94400000000,IDN,Indonesia,Sumatera Selatan,Musi Banyuasin,2-High Confidence,,,"HINDOLI (TANJUNG DALAM),HINDOLI (PKS TANJUNG DALAM),HINDOLI TANJUNG DALAM,TANJUNG DALAM (HINDOLI),,,,TANJUNG DALAM MILL,TANJUNG DALAM
MILL,TANJUNG DALAM
(HINDOLI),,"
PO1000009211,SUNGAI CEMPAGA,BUMITAMA GUNAJAYA AGRO (BGA),Bumitama,WINDU NABATINDO ABADI,,,Not RSPO Certified,,2019-10-31,-1.79800000000,112.98541000000,IDN,Indonesia,Kalimantan Tengah,Kotawaringin Oriental,2-High Confidence,,,"WINDU NABATINDO ABADI,NABATINDO KARYA UTAMA,,TEGUH SEMPURNA-PEMANTANG,,,SUNGAI CEMPAGA MILL,,,,ABDI BUDI MULIA 1105"
PO1000009242,AGROINDUSTRIA PALMERA SAN ROMÁN S.A.,"BRADEN GROUP, S.A.",BRADEN GROUP,"BRADEN GROUP, S.A.",,,RSPO Certified,"RSPO Certified, IP",2019-10-31,16.18314300000,-90.42272900000,GTM,Guatemala,Peten,La Soledad,2-High Confidence,,,"AGROINDUSTRIA PALMERA SAN ROMÃ£,AGROINDUSTRIA PALMERA SAN ROMÃ,BRADEN GROUP, S.A.,BRADEN GROUP, S.A.,BRADEN GROUP, S.A.,BRADEN GROUP, S.A.,AGROINDUSTRIA PALMERA SAN ROMAN, S.A,AGROINDUSTRIA PALMERA SAN ROMAN, S.A,AGROINDUSTRIA PALMERA SAN ROMAN, S.A,AGROINDUSTRIA PALMERA SAN ROMAN, S.A,AGROINDUSTRIA PALMERA SAN ROMAN, S.A,AGROINDUSTRIA PALMERA SAN ROMAN, S.A,BRADEN GROUP, S.A.,BRADEN GROUP, S.A.,BRADEN GROUP, S.A.,BRADEN GROUP, S.A.,AGROINDUSTRIA PALMERA SAN ROMAN, S.A,AGROINDUSTRIA PALMERA SAN ROMAN, S.A,BRADEN GROUP, S.A.,BRADEN GROUP, S.A.,AGROINDUSTRIA PALMERA SAN ROMAN, S.A.,AGROINDUSTRIA PALMERA SAN ROMAN, S.A.,AGROINDUSTRIA PALMERA SAN ROMAN, S.A.,AGROINDUSTRIA PALMERA SAN ROMAN, S.A.,AGROINDUSTRIA PALMERA SAN ROMAN, S.A.,AGROINDUSTRIA PALMERA SAN ROMAN, S.A.,AGROINDUSTRIA PALMERA SAN ROMAN, S.A.,AGROINDUSTRIA PALMERA SAN ROMAN, S.A.,AGROINDUSTRIA PALMERA SAN ROMAN S.A.,AGROINDUSTRIA PALMERA SAN ROMAN S.A.,AGROINDUSTRIA PALMERA SAN ROMAN S.A.,AGROINDUSTRIA PALMERA SAN ROMAN S.A.,AGROINDUSTRIA PALMERA SAN ROMAN S.A.,AGROINDUSTRIA PALMERA SAN ROMAN S.A.,AGROINDUSTRIA PALMERA SAN ROMAN S.A.,AGROINDUSTRIA PALMERA SAN ROMAN S.A,BRADEN GROUP S.A.,BRADEN GROUP S.A.,AGROINDUSTRIA
PALMERA SAN ROMÁN
S.A.,AGROINDUSTRIA PALMERA SAN ROMAN SA,AGROINDUSTRIA PALMERA SAN ROMÃN SA,,AGROINDUSTRIA PALMERA SAN ROMÃN SA,,AGROINDUSTRIA PALMERA SAN ROMÃN SA,,AGROINDUSTRIA PALMERA
SAN ROMÁN S.A."
PO1000009355,MUTIARA SAWIT LESTARI,UNKNOWN,,MUTIARA SAWIT LESTARI,,,Not RSPO Certified,,2019-10-31,4.82850000000,97.83994000000,IDN,Indonesia,Aceh,Aceh Timur,1-Fully Verified,,,PT MUTIARA SAWIT LESTARI
PO1000009356,RANTAU PANJANG,SINAR MAS,Sinar Mas,KRESNA DUTA AGROINDO,,,Not RSPO Certified,,2019-10-31,0.97045000000,116.82810000000,IDN,Indonesia,Kalimantan Timur,Kutai Timur,1-Fully Verified,,,"KRESNA DUTA AGROINDO (RANTAU PANJANG),RANTAU PANJANG (KDA),PT KRESNA DUTA AGROINDO PABRIK KELAPA SAWIT,PT KRESNA DUTA AGROINDO PABRIK
KELAPA SAWIT,"
PO1000009357,SAFACAM,SOCFIN,SOCFIN,SAFACAM,,,RSPO Certified,"RSPO Certified, MB",2019-10-31,3.73819000000,9.99011000000,CMR,Cameroon,Littoral,Sanaga Maritime,1-Fully Verified,,,
PO1000009358,CIPTA FUTURA,UNKNOWN,,CIPTA FUTURA,,,Not RSPO Certified,,2019-10-31,-3.50741000000,103.70223000000,IDN,Indonesia,Sumatera Selatan,Muara Enim,1-Fully Verified,,,"BINA SAINS CEMERLANG-SUNGAI
PINANG,,,PT CIPTA FUTURA,,,,,,,ABDI BUDI MULIA 219"
PO1000009360,COMMUNITY ENTERPRISE OF NARATHIWAT,UNKNOWN,,COMMUNITY ENTERPRISE OF NARATHIWAT,,,Not RSPO Certified,,2019-10-31,6.48657000000,101.76274000000,THA,Thailand,Narathiwat,Muang Narathiwat,1-Fully Verified,,,"COMMUNITY ENTERPRISE OF NARATHIWA,NARATHIWAT"
PO1000009361,PRACHONGKIJ PALM OIL,UNKNOWN,,PRACHONGKIJ PALM OIL,,,Not RSPO Certified,,2019-10-31,10.56882000000,98.87786000000,THA,Thailand,Ranong,Kra Buri,1-Fully Verified,,,"PRACHONG KIJ PALM OIL,PRACHONGKIT PALM OIL"
PO1000009362,"UNIPALM INDUSTRY CO., LTD.",UNKNOWN,,"UNIPALM INDUSTRY CO., LTD.",,,Not RSPO Certified,,2019-10-31,8.62955000000,98.96383000000,THA,Thailand,Surat Thani,Prasaeng,1-Fully Verified,,,"UNIPALM INDUSTRY,UNIPALM INDUSTRY CO.,LTD.,UNI PALM INDUSTRY CO, LTD.,UNIPALM INDUSTRY CO.,LTD.,UNIPALM INDUSTRY CO.,LTD.,UNIPALM INDUSTRY CO.,LTD.,UNIPALM INDUSTRY CO.,LTD.,UNI PALM INDUSTRY CO, LTD.,UNIPALM INDUSTRY CO.,LTD.,UNIPALM INDUSTRY CO.,LTD.,UNIPALM INDUSTRY CO.,LTD.,UNIPALM INDUSTRY CO.,LTD.,UNIPALM INDUSTRY CO.,LTD.,UNIPALM INDUSTRY CO.,LTD.,UNIPALM INDUSTRY CO.,LTD.,UNIPALM INDUSTRY CO.,LTD.,UNIPALM INDUSTRY CO.,LTD.,UNIPALM INDUSTRY CO.,LTD.,UNIPALM INDUSTRY CO.,LTD.,UNIPALM INDUSTRY CO.,LTD.,UNIPALM INDUSTRY CO.,LTD.,UNIPALM INDUSTRY CO.,LTD.,UNIPALM INDUSTRY CO.,LTD.,UNI PALM INDUSTRY CO, LTD.,UNIPALM INDUSTRY CO.,LTD.,UNIPALM INDUSTRY CO.,LTD.,UNIPALM INDUSTRY CO.,LTD.,UNIPALM INDUSTRY CO.,LTD.,UNIPALM INDUSTRY CO.,LTD.,UNIPALM INDUSTRY CO.,LTD.,UNIPALM INDUSTRY CO.,LTD.,UNIPALM INDUSTRY CO.,LTD.,UNIPALM INDUSTRY CO.,LTD.,UNIPALM INDUSTRY CO.,LTD.,UNI PALM INDUSTRY CO, LTD.,UNIPALM INDUSTRY CO.,LTD.,UNIPALM INDUSTRY CO.,LTD.,UNIPALM INDUSTRY CO.,LTD.,UNI PALM INDUSTRY CO, LTD.,UNIPALM INDUSTRY CO.,LTD.,UNIPALM INDUSTRY CO.,LTD.,UNIPALM INDUSTRY CO.,LTD.,UNIPALM INDUSTRY CO.,LTD.,UNIPALM INDUSTRY CO.,LTD.,UNI PALM INDUSTRY CO, LTD.,UNI PALM INDUSTRY CO, LTD.,UNI PALM INDUSTRY CO, LTD.,UNI PALM INDUSTRY CO LTD.,UNIPALM INDUSTRY CO.LTD.,UNIPALM INDUSTRY CO.LTD.,UNIPALM INDUSTRY CO.LTD.,UNIPALM INDUSTRY CO.LTD.,,UNIPALM INDUSTRY CO; LTD,,UNIPALM INDUSTRY CO; LTD,,UNIPALM INDUSTRY CO; LTD,,SAENGSIRI PALM OIL CO. LTD,PLANT 2 BANG SAWAN,ABDI BUDI MULIA 1273"
PO1000009409,ANDALAS WAHANA BERJAYA,TSH RESOURCES,TSH Resources ,ANDALAS WAHANA BERJAYA,,,Not RSPO Certified,,2019-10-31,-1.11938890000,101.55122200000,IDN,Indonesia,Sumatera Barat,Dharmasraya,1-Fully Verified,,,
PO1000009425,"S.P.O AGRO-INDUSTRIES CO, LTD",UNKNOWN,"""S.P.O. AGRO-INDUSTRIES CO.,LTD.""","S.P.O AGRO-INDUSTRIES CO, LTD",,,RSPO Certified,"RSPO Certified, MB",2019-10-31,9.90554200000,99.08306100000,THA,Thailand,Chumphon,Amphoe Lang Suan,3-Low Confidence,,"Crusher,CPO","S.P.O. AGRO-INDUSTRIES CO., LTD.
(LANGSUAN, CHUMPORN),CHUMPORN,S.P.O. AGRO-INDUSTRIES CO., LTD.
(LANGSUAN, CHUMPORN),S.P.O AGRO-INDUSTRIES CO., LTD.,S.P.O. AGRO-INDUSTRIES CO., LTD.
(LANGSUAN, CHUMPORN),S.P.O AGRO-INDUSTRIES CO., LTD.,S.P.O. AGRO-INDUSTRIES CO., LTD.
(LANGSUAN, CHUMPORN),S.P.O. AGRO-INDUSTRIES CO., LTD.
(LANGSUAN, CHUMPORN),S.P.O. AGRO-INDUSTRIES CO., LTD.
(LANGSUAN, CHUMPORN),S.P.O. AGRO-INDUSTRIES CO., LTD.
(LANGSUAN, CHUMPORN),S.P.O. AGRO-INDUSTRIES CO., LTD.
(LANGSUAN, CHUMPORN),S.P.O. AGRO-INDUSTRIES CO. LTD.
(LANGSUAN, CHUMPORN),S.P.O. AGRO-INDUSTRIES CO. LTD.
(LANGSUAN, CHUMPORN),S.P.O. AGRO-INDUSTRIES CO. LTD.
(LANGSUAN, CHUMPORN),S.P.O. AGRO-INDUSTRIES CO. LTD.
(LANGSUAN, CHUMPORN),S.P.O. AGRO-INDUSTRIES CO. LTD.
(LANGSUAN, CHUMPORN),S.P.O. AGRO-INDUSTRIES CO. LTD.
(LANGSUAN, CHUMPORN),S.P.O. AGRO-INDUSTRIES CO. LTD.
(LANGSUAN, CHUMPORN),S.P.O. AGRO-INDUSTRIES CO. LTD.
(LANGSUAN, CHUMPORN),S.P.O. AGRO-INDUSTRIES CO. LTD.
(LANGSUAN, CHUMPORN),S.P.O. AGRO-INDUSTRIES CO. LTD.
(LANGSUAN, CHUMPORN),S.P.O. AGRO-INDUSTRIES CO. LTD.
(LANGSUAN, CHUMPORN),S.P.O. AGRO-INDUSTRIES CO. LTD.
(LANGSUAN, CHUMPORN),S.P.O. AGRO-INDUSTRIES CO. LTD.
(LANGSUAN, CHUMPORN),S.P.O. AGRO-INDUSTRIES CO. LTD.
(LANGSUAN, CHUMPORN),S.P.O. AGRO-INDUSTRIES CO. LTD.
(LANGSUAN, CHUMPORN),S.P.O. AGRO-INDUSTRIES CO. LTD.
(LANGSUAN, CHUMPORN),S.P.O. AGRO-INDUSTRIES CO. LTD.
(LANGSUAN, CHUMPORN),S.P.O. AGRO-INDUSTRIES CO. LTD.
(LANGSUAN, CHUMPORN),S.P.O. AGRO-INDUSTRIES CO. LTD.
(LANGSUAN, CHUMPORN),S.P.O. AGRO-INDUSTRIES CO. LTD.
(LANGSUAN, CHUMPORN),S.P.O. AGRO-INDUSTRIES CO. LTD.
(LANGSUAN, CHUMPORN),S.P.O. AGRO-INDUSTRIES CO. LTD.
(LANGSUAN, CHUMPORN),S.P.O. AGRO-INDUSTRIES CO. LTD.
(LANGSUAN, CHUMPORN),S.P.O. AGRO-INDUSTRIES CO. LTD.
(LANGSUAN, CHUMPORN),S.P.O AGRO-INDUSTRIES COLTD. 3,S.P.O AGRO INDUSTRY,S.P.O. AGRO-INDUSTRIES CO. LTD. (LANGSUAN),S.P.O AGRO-INDUSTRIES CO. LTD.,SPO (LANGSUAN),SPO AGRO-INDUSTRIES (BAN KHUAN),S.P.O AGRO-INDUSTRIES CO. LTD. (CHUMPHON)"
PO1000009557,LUWU,PTPN III,PTPN III,PERKEBUNAN NUSANTARA XIV,,,Not RSPO Certified,,2019-10-31,-2.61565000000,120.65446000000,IDN,Indonesia,Sulawesi Selatan,Luwu Timur,1-Fully Verified,,,"LUWU I,SUNGAI CEMPAGA POM,PTPN XIV-BURAU/LUWU1,LUWU - PT PALM MAS ASRI,LUWU 1,BURAU/LUWU I"
PO1000009558,BUNGO SUKO MENANTI,UNKNOWN,,BUNGO SUKO MENANTI,,,Not RSPO Certified,,2019-10-31,-1.30740000000,101.76519000000,IDN,Indonesia,Jambi,Bungo,1-Fully Verified,,,
PO1000009559,KURNIA BATANG HARI BERJAYA,UNKNOWN,,KURNIA BATANG HARI BERJAYA,,,Not RSPO Certified,,2019-10-31,-1.78873000000,103.07971000000,IDN,Indonesia,Jambi,Batang Hari,1-Fully Verified,,,",,,,,,,,,PRIMA MAS LESTARI,SIAK POM"
PO1000009560,CASTILLA,UNKNOWN,,RIOPAILA CASTILLA S.A.,,,Not RSPO Certified,,2019-10-31,3.36725000000,-76.28673000000,COL,Colombia,Valle del Cauca,Pradera,1-Fully Verified,,,RIOPAILA CASTILLA S.A.
PO1000009561,TEUPIN LADA,Haji Subarni A Gani,Teupin Lada,TEUPIN LADA,,,Not RSPO Certified,,2019-10-31,5.05111000000,97.56972000000,IDN,Indonesia,Aceh,Aceh Timur,2-High Confidence,,,"BLANG GLEUM,,,,,,,,,,,TENERA LESTARI,,,,,TEUPIN LADA*,,"
PO1000009566,BUKIT BELABAN JAYA,BUMITAMA GUNAJAYA AGRO (BGA),Bumitama,SENTOSA PRIMA AGRO,,,Not RSPO Certified,,2019-10-31,-1.750250,110.493400,IDN,Indonesia,Kalimantan Barat,Ketapang,1-Fully Verified,,,"SENTOSA PRIMA AGRO,BUKIT BELABAN,,BUKIT BELABAN MILL,,,,,SENTOSA PRIMA AGRO (BUKIT BELABAN),,,,,BUKIT BELABAN JAYA MILL,"
PO1000009567,SAWIT INTI PRIMA PERKASA,UNKNOWN,,SAWIT INTI PRIMA PERKASA,,,Not RSPO Certified,,2019-10-31,1.25477000000,101.15357000000,IDN,Indonesia,Riau,Bengkalis,1-Fully Verified,,,"SAWIT PRIMA INTI PERKASA,SAWIT INTL PRIMA PERKASA,,,,,,SAWIT INTI PRIMA PERKASA PT.,SAWIT INTI PRIMA
PERKASA,"
PO1000009568,PERTUBUHAN PELADANG NEGERI PERAK (PPNP),PERTUBUHAN PELADANG NEGERI PERAK (PPNP),PPNP Perak,PERTUBUHAN PELADANG NEGERI PERAK (PPNP),,,Not RSPO Certified,,2019-10-31,4.45831000000,100.77044000000,MYS,Malaysia,Perak,Manjung,1-Fully Verified,,,"PERTUBUHAN PELADANG NEGERI PERAK,PERTUBUHAN PELADANG NEGERI PERAK (PPNP),PKNILPA)NG KELAPA SAWIT BERUAS,KKS BERUAS PPN PERAK,KILANG KELAPA SAWIT BERUAS,PERTUBUHAN PELADANG NEGERI PERAK
(PPNP),,PKNILAPN)G KELAPA SAWIT BERUAS,,,PERTUBUHAN PELADANG NEGERI PERAK - PPNP,PERTUBUHAN PELADANG NEGERI PERAK - PPNP,,PERTUBUHAN PELADANG NEGERI
PERAK (PPNP),PERTUBUHAN PERLADANG NEGERI PERAK(PPNP),BERUAS PPN PERAK,PERTUBUHAN PELADANG NEGERI PERAK (P,PERTUBUHAN PELADANG NEGERI PERAK -
PPNP,PERTUBUHAN PELADANG NEGERIPERAK (PPNP),,KILANG KELAPA SAWIT
BERUAS,,KILANG KELAPA SAWIT BERUAS PPN PERAK,,,PERTUBUHAN PELADANG NEGERI PERAK -
PPNP,PERTUBUHAN
PELADANG NEGERI
PERAK"
PO1000009580,GUNUNG SAWIT MAS,UNKNOWN,,GUNUNG SAWIT MAS,,,Not RSPO Certified,,2019-10-31,1.08056000000,100.29444000000,IDN,Indonesia,Riau,Rokan Hulu,1-Fully Verified,,,"GUNUNG SAW IT MAS,,GUNUNG SAWIT MAS PT.,ANDALAN NUSANTARA,,,,"
PO1000009584,NANGA KIU,CITRA BORNEO INDAH (CBI),CITRA BORNEO INDAH (CBI),SAWIT MULTI UTAMA,,,RSPO Certified,"RSPO Certified, MB",,-1.83788900,111.53280600,IDN,Indonesia,Kalimantan Tengah,Lamandau,1-Fully Verified,,,
PO1000009588,SEI INAI,MINANGA,MINANGA,MINANGA OGAN,,,Not RSPO Certified,,2019-10-31,-4.06333000000,104.13028000000,IDN,Indonesia,Sumatera Selatan,Ogan Komering Ulu,1-Fully Verified,,,"MINANGA OGAN,MINANGA OGAN (SOGM),MINANGA OGAN (SEI INAI)"
PO1000009713,NAKIADENIYA OIL PALM MILL,UNKNOWN,,WATAWALA PLANTATIONS PLC NIYA,,,RSPO Certified,"RSPO Certified, MB",,6.15210200,80.32612500,LKA,Sri Lanka,Galle,Nagoda,2-High Confidence,,,
PO1000009854,MARQUÉS DE COMILLAS,GRUPO OLEOMEX (OLEOFINOS),GRUPO OLEOMEX,AGROINDUSTRIAS DE MAPASTEPEC S.A.. DE C.V.,,,Not RSPO Certified,,,16.40072000,-90.55564900,MEX,Mexico,Chiapas,Benemérito de las américas,2-High Confidence,,,OLEOPALMA MARQUES
PO1000009960,BOLO,SIPEF,SIPEF,SIPEFCI,,,RSPO Certified,"RSPO Certified, IP",2019-10-31,5.30202000000,-6.03710000000,CIV,Côte d'Ivoire,Sassandra,Gboklê,1-Fully Verified,,,"SIPEF,SASSANDRA,BOLO POM"
PO1000009990,THE OKOMU OIL PALM COMPANY PLC,UNKNOWN,SOCFIN,SOCFIN SA,,,RSPO Certified,"RSPO Certified, MB",2020/09/01 00:00:00+00,6.40527778,5.23527778,NGA,Nigeria,Edo,OviaSouth-West,2-High Confidence, ,,"ADEN RIVERESTATES LIMITED,ADEN RIVER ESTATES
LIMITED,THE OKOMU OIL PALMCOMPANY PLC,OKOMU OIL MILL"
PO1000010006,SUKSES GEMILANG PALEM,UNKNOWN,SUPERVENTURE,SUKSES GEMILANG PALEM,SUPERVENTURE,,Not RSPO Certified,,2019-10-31,-2.26760000000,102.54710000000,IDN,Indonesia,Jambi,Sarolangun,1-Fully Verified,,,",,,,,,,,,,PT. SUKSES GEMILANG PALEM"
PO1000010007,KHATULISTIWA SINERGI OMNIDAYA,UNKNOWN,,KHATULISTIWA SINERGI OMNIDAYA,,,Not RSPO Certified,,2019-10-31,-2.22032000000,111.45847000000,IDN,Indonesia,Kalimantan Tengah,Lamandau,1-Fully Verified,,,"PT. KHATULISTIWA SINERGI OMNIDAYA,PKS KHATULISTIWA SINERGI OMNIDAYA"
PO1000010009,KARYA MAKMUR ABADI,KUALA LUMPUR KEPONG (KLK),KUALA LUMPUR KEPONG (KLK),KARYA MAKMUR ABADI,,,Not RSPO Certified,,2019-10-31,-2.04226000000,112.48997000000,IDN,Indonesia,Kalimantan Tengah,Kotawaringin Timur,1-Fully Verified,,,"PT. KARYA MAKMUR ABADI,,,,KARYA MAKMUR ABADI PALM OIL MILL,KARYA MAKMUR ABADI PALM OIL MILL,TEREH POM,,,,,KARYA MAKMUR ABAD"
PO1000010010,PRIMANUSA GLOBAL LESTARI,UNKNOWN,,PRIMANUSA GLOBAL LESTARI,,,Not RSPO Certified,,2019-10-31,-1.98972000000,119.32022000000,IDN,Indonesia,Sulawesi Barat,Mamuju,2-High Confidence,,,"PRIMANUSA GLOBAL
LESTARI,,"
PO1000010011,PROSYMPAC AGRO LESTARI,UNKNOWN,Sime Darby Guthrie (SDGI),PROSYMPAC AGRO LESTARI,,,Not RSPO Certified,,2019-10-31,-1.81460000000,103.84816000000,IDN,Indonesia,Sumatera Selatan,Musi Banyuasin,1-Fully Verified,,,"SUNGAI GELAM,AEK TOROP ESTATE POM"
PO1000010012,BERKAT SAWIT SUKAMAJU,UNKNOWN,,BERKAT SAWIT SUKAMAJU,,,Not RSPO Certified,,2019-10-31,-2.67451000000,104.07935000000,IDN,Indonesia,Sumatera Selatan,Musi Banyuasin,1-Fully Verified,,,"BASTIAN OLAH SAWIT,,,PT BERKAT SAWIT SUKAMAJU,BERKAT SAWIT
SUKAMAJU,,,,,,"
PO1000010013,DHARMASRAYA PALMA SEJAHTERA,JAWA POS,JAWA POS,DHARMASRAYA PALMA SEJAHTERA,,,Not RSPO Certified,,2019-10-31,-1.64853000000,102.92547000000,IDN,Indonesia,Jambi,Batang Hari,1-Fully Verified,,,"ADHARMASRAYA PALMA SEJAHTE,ADHARMASRAYA PALMA SEJAHTE,GUNUNG SAWIT MAS,SODETAN MILL"
PO1000010014,ERASAKTI WIRA FORESTAMA 3,ERASAKTI WIRA FORESTAMA,Erasakti Wira Forestama,ERASAKTI WIRA FORESTAMA,Erasakti Wira Forestama,,Not RSPO Certified,,2019-10-31,-1.51898000000,103.63697000000,IDN,Indonesia,Jambi,Muaro Jambi,1-Fully Verified,,,"PKS ERASAKTI 3,ERASAKTI WIRAFORESTAMA 3,ERASAKTI - 3,,,PT. ERASAKTI WIRAFORESTAMA - PKS 3,PT. ERASAKTI WIRAFORESTAMA - PKS 3,PKS - 3,,,,"
PO1000010015,SURYA SUMBER SAWIT ABADI,UNKNOWN,,SURYA SUMBER SAWIT ABADI,,,Not RSPO Certified,,2019-10-31,-1.47112000000,102.62099000000,IDN,Indonesia,Jambi,Tebo,1-Fully Verified,,,"PALMA JAYA SEJAHTERA,,PT SURYA SUMBER SAWIT ABADI,SURYA SUMBER SAWIT
ABADI,,,,"
PO1000010016,PALMA GEMILANG KENCANA,UNKNOWN,,PALMA GEMILANG KENCANA,,,Not RSPO Certified,,2019-10-31,-1.29918000000,103.48658000000,IDN,Indonesia,Jambi,Tanjung Jabung T,1-Fully Verified,,,"KALIANTA SATU POM,,PALMA GEMILANG KENCANA JAMBI"
PO1000010017,PELITA SEBAKONG,WTK ,WTK,DELTA-PELITA SEBAKONG,,,Not RSPO Certified,,2019-10-31,2.66861000000,112.16472000000,MYS,Malaysia,Sarawak,Mukah,1-Fully Verified,,,"DELTA-PELITA SEBAKONG,DD PELITA SEBAKONG SDN BHD,DELTA-PELITA SEBAKONG SDN BHD,,DELTA‐PELITA SEBAKONG,,,,DELITA PELITA SEBAKONG SDN. BHD.,DELITA PELITA SEBAKONG SDN. BHD.,,,,,,"
PO1000010018,BUKIT KAUSAR,PTPN,PTPN III,BUKIT KAUSAR,,,Not RSPO Certified,,2019-10-31,-1.25373000000,102.95414000000,IDN,Indonesia,Jambi,Tanjung Jabung B,1-Fully Verified,,,"PENGABUAN,PERKEBUNAN NUSANTARA VI (PENGABUAN)"
PO1000010019,TETANGGA AKRAB 2,TETANGGA AKRAB,TETANGGA AKRAB,TETANGGA AKRAB SDN BHD,,,Not RSPO Certified,,2019-10-31,3.96080000000,113.89610000000,MYS,Malaysia,Sarawak,Miri,1-Fully Verified,,,"TETANGGA AKRAB PALM OIL MILL SDN BHD,TETANGGA AKRAB PALM OIL MILL SDN BHD (MILL 2),,,,,,,,TETANGGA AKRAB PALM OIL MILL SDN BHD II,TETANGGA AKRAB PALM OIL MILL 2,TETANGGA AKRAB PALM OIL MILL 2,TETANGGA AKRAB PALM OIL MILL SDN BHD
(MILL 2),TETANGGA AKRAB PALM OIL MILL SDN
BHD (MILL 2),TETANGGA AKRAB PALM OIL MILL SDNBHD (MILL 2),SDN BHD (MILL 2),,,,,,"
PO1000010020,SEPANJANG INTI SURYA UTAMA 2,GENTING PLANTATIONS,Genting,SEPANJANG INTI SURYA UTAMA,,,Not RSPO Certified,,2019-10-31,0.80725000000,110.76562000000,IDN,Indonesia,Kalimantan Barat,Sanggau,1-Fully Verified,,,"SEPANJANG INTISURYA UTAMA 2,PKS MALENGGANG,LALAN,MALENGGANG,ABDI BUDI MULIA 985"
PO1000010021,CHALOK,FGV HOLDINGS BERHAD,FGV,FGV PALM INDUSTRIES SDN BHD,,,Not RSPO Certified,,2019-10-31,5.40904000000,102.80314000000,MYS,Malaysia,Trengganu,Setiu,1-Fully Verified,,,"FGVT-CHALOK,FGV HOLDINGS BHD,"
PO1000010022,SENINNG,FGV HOLDINGS BERHAD,FGV,FGV PALM INDUSTRIES SDN BHD,,,Not RSPO Certified,,2019-10-31,1.46584000000,104.20054000000,MYS,Malaysia,Johor,Kota Tinggi,1-Fully Verified,,,"BENGKEL SENING,SENING"
PO1000010023,ALCOPALMA S.A.,UNKNOWN,Alcopalma,ALCOPALMA S.A.,,,Not RSPO Certified,,2019-10-31,-0.03333000000,-79.34853000000,ECU,Ecuador,Santo Domingo de los Tsachilas,La Concordia,2-High Confidence,,,"TEOBROMA,ALCOPALMA"
PO1000010024,ARGO MULYO,UNKNOWN,Lyman,PERDANA SAWIT PLANTATION,,,Not RSPO Certified,,2019-10-31,0.50257000000,111.48942000000,IDN,Indonesia,Kalimantan Barat,Sintang,1-Fully Verified,,,PERDANA SAWIT PLANTATION
PO1000010025,KILANG KELAPA SAWIT SELUMPUR SDN BHD,KILANG KELAPA SAWIT SELUMPUR SDN BHD,KILANG KELAPA SAWIT SELUMPUR,KILANG KELAPA SAWIT SELUMPUR SDN BHD,,,Not RSPO Certified,,2019-10-31,2.61811000000,102.80956000000,MYS,Malaysia,Johor,Segamat,1-Fully Verified,,,"SELUMPUR,CLASSIC SEGAMAT POM"
PO1000010026,SARANA TITIAN PERMATA PKS 2,WILMAR,Wilmar,SARANA TITIAN PERMATA,,,Not RSPO Certified,,2019-10-31,-2.90455000000,112.61277000000,IDN,Indonesia,Kalimantan Tengah,Seruyan,2-High Confidence,,,"SARANA TITIAN PERMATA 2,PERMATANG LIMAU,SARANA TITIAN PERMATA 2 (PERMATANG LIMAU),,TANJUNG RENGAS,,,SARANA TITIAN PERMATA 2 (PERMATANG
LIMAU),SEI GARO POM,SARANA TITIAN PERMATA 2
(PERMATANG LIMAU),,SARANA TITIAN PERMATA (PERMATANG LIMAU),ABDI BUDI MULIA 908"
PO1000010027,HARIYAMA,JAYA TIASA HOLDINGS BERHAD,Jaya Tiasa Holdings (JTH),HARIYAMA SDN BHD,,,Not RSPO Certified,,2019-10-31,2.65611000000,111.85526000000,MYS,Malaysia,Sarawak,Matu,1-Fully Verified,,,"HARIYAMA SDN BHD,,,,,,HARIYAMA SDN. BHD.,HARIYAMA SDN. BHD.,PALMA MAS SEJATI,,,HARIYAMA CPO,,"
PO1000010028,BALAM SAWIT SEJAHTERA,UNKNOWN,,BALAM SAWIT SEJAHTERA,,,Not RSPO Certified,,2019-10-31,1.69744000000,100.68467000000,IDN,Indonesia,Riau,Rokan Hilir,1-Fully Verified,,,"BANGUN TENERA RIAU,,,,,,BALAM SAWIT SEJAHTERA PT.,SUBUR ARUM MAKMUR 1 MILL,"
PO1000010029,WANA SAWIT SUBUR LESTARI 2,BEST INDUSTRY,Best,WANA SAWIT SUBUR LESTARI,,,Not RSPO Certified,,2019-10-31,-2.62154000000,112.09815000000,IDN,Indonesia,Kalimantan Tengah,Seruyan,1-Fully Verified,,,
PO1000010030,SUMBER BUMI SAWIT JADI RAYA,UNKNOWN,,SUMBER BUMI SAWIT JADI RAYA,,,Not RSPO Certified,,2019-10-31,2.80250000000,99.20250000000,IDN,Indonesia,Sumatera Utara,Simalungun,1-Fully Verified,,,"SUMBER BUMI SAWIT JADI JAYA,,,,,,,,,"
PO1000010031,CAKUNG PERMATA NUSA,ASTRA AGRO LESTARI,Astra Agro Lestari (AAL),CAKUNG PERMATA NUSA,,,Not RSPO Certified,,2019-10-31,-2.13795000000,115.48848000000,IDN,Indonesia,Kalimantan Selatan,Tabalong,1-Fully Verified,,,
PO1000010032,INDERA,FGV HOLDINGS BERHAD,FGV,FGV PALM INDUSTRIES SDN BHD,,,Not RSPO Certified,,2019-10-31,5.37514000000,119.09720000000,MYS,Malaysia,Sabah,Kinabatangan,1-Fully Verified,,,
PO1000010033,AGUSAN MILL,UNKNOWN,Agumil Philippines,AGUMIL PHILIPPINES,Agumil Philippines,,Not RSPO Certified,,2019-10-31,8.89061000000,117.95809000000,PHL,Philippines,Palawan,Brooke's Point,3-Low Confidence,,,"PALAWAN,AGUMIL PHILIPPINES PALM OIL MILL"
PO1000010034,SOUTHERN PALM OIL INDUSTRY (1993) CO LTD. SURATHANI,Southern,Southern,PACO TRADING SDN BHD,,,Not RSPO Certified,,2019-10-31,8.95913000000,99.22253000000,THA,Thailand,Surat Thani,Ban Na Doem,2-High Confidence,,,"S.O, LUTTDHERN PALM OIL INDUSTRIES (1993),SOUTHERN PALM OIL INDUSTRIES (1993) C,S.O, LUTTDHERN PALM OIL INDUSTRIES (1993),OS.,O LUTDHERN PALM OIL INDUSTRIES (1993),OS.,O LUTDHERN PALM OIL INDUSTRIES (1993),OS.,O LUTDHERN PALM OIL INDUSTRIES (1993),OS.,O LUTDHERN PALM OIL INDUSTRIES (1993),OS.,O LUTDHERN PALM OIL INDUSTRIES (1993),OS.,O LUTDHERN PALM OIL INDUSTRIES (1993),OS.,O LUTDHERN PALM OIL INDUSTRIES (1993),OS.,O LUTDHERN PALM OIL INDUSTRIES (1993),SOUTHERN PALM OIL INDUSTRIES,SOUTHERN PALM OIL INDUSTRIES (1993) CO., LTD,SOUTHERN PALM OIL INDUSTRIES (1993) CO., LTD,SOUTHERN PALM OIL INDUSTRIES (1993) CO.,,SOUTHERN PALM OIL INDUSTRIES (1993) CO., LTD,SOUTHERN PALM OIL INDUSTRIES (1993) CO.,,OS.,O LUTDHERN PALM OIL INDUSTRIES (1993),OS.,O LUTDHERN PALM OIL INDUSTRIES (1993),SOUTHERN PALM OIL INDUSTRIES (1993) CO.,,SOUTHERN PALM OIL INDUSTRIES (1993) CO., LTD,SOUTHERN PALM OIL INDUSTRIES (1993) CO., LTD,SOUTHERN PALM OIL INDUSTRIES (1993) CO., LTD,SOUTHERN PALM OIL INDUSTRIES (1993) CO., LTD,SOUTHERN PALM OIL INDUSTRIES (1993) CO. LTD,PACO TRADING SDN BHD,SOUTHERN PALM OIL INDUSTRY (1993) CO
LTD. SURATHANI,OS.O LUTDHERN PALM OIL INDUSTRIES (1993),OS.O LUTDHERN PALM OIL INDUSTRIES (1993),,SOUTHERN PALM OIL INDUSTRY (1993) CO LTD SURATHANI,,SAENGSIRI PALM OIL CO. LTD,SURATTHANI GREEN ENERGY POWERPLANT COMPANY LIMITED"
PO1000010035,EXTRACTORA RIO PAILA CASTILLA,UNKNOWN,RIOPAILA CASTILLA,GRUPO AGROINDUSTRIAL RIO PAILA CASTILLA,,,Not RSPO Certified,,2019-10-31,5.03109000000,-70.84156000000,COL,Colombia,Vichada,Santa Rosalía,1-Fully Verified,,,"RIO PAILA CASTILLA S.A.,,,,CASTILLA,,,,,,,RIO PAILA CASTILLA S.A,GRUPO AGROINDUSTRIAL RIO PAILA CASTILLA"
PO1000010036,ARIYALUR,UNKNOWN,Godrej Agrovet,GODREJ AGROVET LTD,ARIYALUR,,Not RSPO Certified,,2019-10-31,11.08666000000,79.07155000000,IND,India,Tamil Nadu,Ariyalur,1-Fully Verified,,,SEETHANAGARAM
PO1000010037,AYENOUAN MILL,UNKNOWN,DekelOil,DEKELOIL PUBLIC LIMITED,,,Not RSPO Certified,,2019-10-31,5.38300000000,-3.32000000000,CIV,Côte d'Ivoire,Comoé,Sud Comoé,1-Fully Verified,,,DEKELOIL AYENOUAN
PO1000010038,PKS II,RAJAWALI NUSANTARA INDONESIA (RNI),RAJAWALI NUSANTARA INDONESIA (RNI),MITRA OGAN,,,Not RSPO Certified,,2019-10-31,-3.91239000000,104.32814000000,IDN,Indonesia,Sumatera Selatan,Ogan Komering Ulu,1-Fully Verified,,,PERKEBUNAN MITRA OGAN 2
PO1000010039,GIGA PUTRA PERKASA,UNKNOWN,GIGA PUTRA PERKASA,GIGA PUTRA PERKASA,GIGA PUTRA PERKASA,,Not RSPO Certified,,2019-10-31,0.42104000000,100.81437000000,IDN,Indonesia,Riau,Rokan Hulu,1-Fully Verified,,,"GIGA ROKAN RIAU,,,GIGA PUTRA PERKASA PT."
PO1000010040,LAMPUNG INTI PERTIWI,KARYA CANGGIH MANDIRI UTAMA (KCMU)/GAJAH TUNGGAL,KARYA CANGGIH MANDIRI UTAMA (KCMU)/GAJAH TUNGGAL,LAMPUNG INTER PERTIWI,,,Not RSPO Certified,,2019-10-31,-3.86473000000,105.28616000000,IDN,Indonesia,Lampung,Mesuji,1-Fully Verified,,,
PO1000010041,SUMBER WANGI ALAM,UNKNOWN,,SUMBER WANGI ALAM,,,Not RSPO Certified,,2019-10-31,-3.84564000000,105.18979000000,IDN,Indonesia,Sumatera Selatan,Ogan Komering Ilir,1-Fully Verified,,,
PO1000010042,SELATAN AGUNG SEJAHTERA,UNKNOWN,,SELATAN AGUNG SEJAHTERA,,,Not RSPO Certified,,2019-10-31,-3.16900000000,103.10575000000,IDN,Indonesia,Sumatera Selatan,Musi Rawas,1-Fully Verified,,,"PT. SELATAN AGUNG SEJAHTERA,KUALA MAS,KUALA MAS SAWIT ABADI GROUP,SELATAN AGUNG
SEJAHTERA,,,,,,"
PO1000010043,BANGUN JAYA ALAM PERMAI PKS 2,BEST INDUSTRY,Best,BANGUN JAYA ALAM PERMAI,,,Not RSPO Certified,,2019-10-31,-2.09189000000,112.04057000000,IDN,Indonesia,Kalimantan Tengah,Seruyan,1-Fully Verified,,,
PO1000010044,JAYA AGRO MANDIRI,UNKNOWN,,JAYA AGRO MANDIRI,,,Not RSPO Certified,,2019-10-31,-4.86068000000,104.94025000000,IDN,Indonesia,Lampung,Lampung Utara,1-Fully Verified,,,
PO1000010045,DELIMUDA PERKASA,DARMEX AGRO,DARMEX AGRO ,DELIMUDA PERKASA,,,Not RSPO Certified,,2019-10-31,-1.62820000000,102.94808000000,IDN,Indonesia,Jambi,Batang Hari,1-Fully Verified,,,
PO1000010046,SAWIT UNGGUL AGRO NIAGA,GAMA PLANTATIONS,KPN,SAWIT UNGGUL AGRO NIAGA,,,Not RSPO Certified,,2019-10-31,-0.35114000000,117.39362000000,IDN,Indonesia,Kalimantan Timur,Kutai Kartanegara,1-Fully Verified,,,P-SUAN
PO1000010047,AGRINDO SAWIT MANDIRI,UNKNOWN,ASM,AGRINDO SAWIT MANDIRI,,,Not RSPO Certified,,2019-10-31,-2.34548000000,112.30618000000,IDN,Indonesia,Kalimantan Tengah,Seruyan,1-Fully Verified,,,"PERKEBUNAN LEMBAH BHAKTI 1,,,PT AGRINDO SAWIT MANDIRI,,,,ABDI BUDI MULIA 26"
PO1000010048,RAMIN,GAMA PLANTATIONS,KPN,TH INDO PLANTATIONS,,,Not RSPO Certified,,2019-10-31,0.24545000000,102.97832000000,IDN,Indonesia,Riau,Indragiri Hilir,1-Fully Verified,,,"P-THIP1 RAMIN,TH INDO PLANTATION 1 (RAMIN),PKS RAMIN,PT TH INDO PLANTATIONS5 - RAMIN,PT TH INDO PLANTATIONS5 -
RAMIN,TH INDO PLANTATIONS - RAMIN"
PO1000010049,LELING,WIDYA,Widya,MANAKARRA UNGGUL LESTARI,,,Not RSPO Certified,,2019-10-31,-2.20043000000,119.43156000000,IDN,Indonesia,Sulawesi Barat,Mamuju,1-Fully Verified,,,
PO1000010050,RUAI,HPI-AGRO (DJARUM),HPI-AGRO (DJARUM),KAPUAS RIMBA SEJAHTERA,,,Not RSPO Certified,,2019-10-31,0.61336000000,109.93144000000,IDN,Indonesia,Kalimantan Barat,Landak,1-Fully Verified,,,"KAPUAS RIMBA SEJAHTERA,PT. KRS - RUAI MILL,,,,,,,KAPUAS RIMBA SEJAHTERA RUAI,RUAI MILL,KAPUAS RIMBA SEJAHTERA / RUAI,,,ABDI BUDI MULIA 879"
PO1000010051,LUBUK BENDAHARA PALMA INDUSTRI,UNKNOWN,,LUBUK BENDAHARA PALMA INDUSTRI,,,Not RSPO Certified,,2019-10-31,0.66717000000,100.50802000000,IDN,Indonesia,Riau,Rokan Hulu,1-Fully Verified,,,"TLRUIBUK BENDAHARA PALMA INDU,TLRUIBUK BENDAHARA PALMA INDU,LUBUK BENDAHARA PALMA INDUSTRI PT.,KARYA CIPTA NIRVANA,LUBUK BENDAHARA PALMAINDUSTRI,RLIUBUK BENDAHARA PALMA INDUSTRI"
PO1000010052,PRIMA MAS LESTARI,Prima Mas Lestari,PRIMA MAS LESTARI,PRIMA MAS LESTARI,,,Not RSPO Certified,,2019-10-31,-1.70714000000,102.16073000000,IDN,Indonesia,Jambi,Bungo,1-Fully Verified,,,"MUARA BUNGO,,PAGAR MERBAU POM"
PO1000010053,DARMEX AGRO,DARMEX AGRO,DARMEX AGRO ,DARMEX AGRO,,,Not RSPO Certified,,2019-10-31,0.93634000000,109.16870000000,IDN,Indonesia,Kalimantan Barat,Bengkayang,2-High Confidence,,,
PO1000010054,OLEORIOS,UNKNOWN,,AEXPALMA,,,Not RSPO Certified,,2019-10-31,-1.19657000000,-79.42457000000,ECU,Ecuador,Los Rios,Ventanas,1-Fully Verified,,,
PO1000010055,CP 2,DARMEX AGRO,DARMEX AGRO ,CERIA PRIMA,,,Not RSPO Certified,,2019-10-31,1.30077000000,109.66692000000,IDN,Indonesia,Kalimantan Barat,Bengkayang,1-Fully Verified,,,CERIA PRIMA
PO1000010056,ALAM PERMAI MAKMUR RAYA,UNKNOWN,Alam Permai Makmur Raya,ALAM PERMAI MAKMUR RAYA,,,Not RSPO Certified,,2019-10-31,-1.09890000000,116.61370000000,IDN,Indonesia,Kalimantan Timur,Penajam Paser Utara,1-Fully Verified,,,"ALAM PERMAI MAKMUR RAYA (PENAJAM),"
PO1000010057,TORGANDA,TORGANDA,Tor Ganda,TOR GANDA,,,Not RSPO Certified,,2019-10-31,1.44445000000,100.33651000000,IDN,Indonesia,Riau,Rokan Hilir,1-Fully Verified,,,
PO1000010058,EXTRACTORA SOPALIN,UNKNOWN,Palmac Oil Refineries,PALMAC,,,Not RSPO Certified,,2019-10-31,0.04326000000,-79.36905000000,ECU,Ecuador,Esmeraldas,Quinindé,2-High Confidence,,,SOPALIN
PO1000010059,SINGKIL SEJAHTERA MAKMUR,UNKNOWN,,SINGKIL SEJAHTERA MAKMUR,,,Not RSPO Certified,,2019-10-31,2.46228000000,98.02821000000,IDN,Indonesia,Aceh,Aceh Singkil,3-Low Confidence,,,
PO1000010060,OLEOCASTILLO,UNKNOWN,Palmac Oil Refineries,PALMAC,Oleocastillo,,Not RSPO Certified,,2019-10-31,0.38587000000,-79.20161000000,ECU,Ecuador,Esmeraldas,Quinindé,1-Fully Verified,,,
PO1000010061,KHARISMA ISKANDAR MUDA,UNKNOWN,KHARISMA ISKANDAR MUDA,KHARISMA ISKANDAR MUDA,,,Not RSPO Certified,,2019-10-31,4.09220000000,96.44067000000,IDN,Indonesia,Aceh,Nagan Raya,1-Fully Verified,,,"RIMBA GAHARU,KHARISMA ISKANCLAR MUDA,KHARISMA LSKANDAR MUDA,KENCANA PERMATA NUSANTARA,PT KHARISMA ISKANDAR MUDA"
PO1000010062,CAHAYA UNGGUL PRIMA,UNKNOWN,CAHAYA UNGGUL PRIMA,CAHAYA UNGGUL PRIMA,,,Not RSPO Certified,,2019-10-31,0.46372000000,111.34469000000,IDN,Indonesia,Kalimantan Barat,Sintang,3-Low Confidence,,,"SUNGAI KAPUAS,CAHAYA UNGGUL PRIMA - SUNGAI KAPUAS,ARYA RAMA PERSADA"
PO1000010063,BIMA DESA SAWITA,UNKNOWN,,BIMA DESA SAWITA,,,Not RSPO Certified,,2019-10-31,4.28783000000,97.99708000000,IDN,Indonesia,Aceh,Aceh Tamiang,2-High Confidence,,,
PO1000010064,PARASAWITA,PARASAWITA,PARASAWITA,PARASAWITA,,,Not RSPO Certified,,2019-10-31,4.35504000000,98.15238000000,IDN,Indonesia,Aceh,Aceh Tamiang,1-Fully Verified,,,"PARA SAWITA,MUSTIKA AGRO SARI,,,,,,PT PARASAWITA,PARASAWITA*"
PO1000010065,PAPASO,SUMBER TANI AGUNG (STA),STA,KARYA AGUNG SAWITA,,,Not RSPO Certified,,2019-10-31,0.89600000000,100.10822000000,IDN,Indonesia,Sumatera Utara,Padang Lawas,2-High Confidence,,,"KARYA AGUNG SAWITA (PAPASO),,SIBODAK PAPASO MILL,KARYA AGUNG SAWITA – PAPASO,KARYA AGUNG SAWITA(PAPASO),SAWITA PASAMAN JAYA,,KARYA AGUNG SAWITA - PAPASO,KARYA AGUNG SAWITA - PAPASO,KARYA AGUNG SAWITA  PT. (PAPASO),PAPASO - KARYA AGUNG SAWITA,,PKMS SIBODAK PAPASO,,SIBODAK PAPASO,KARYA AGUNG SAWITA - SIBODAKPAPASO"
PO1000010066,EXTRACTORA SAN PATRICIO,UNKNOWN,DANEC,ALESPALMA,,,Not RSPO Certified,,2019-10-31,1.19403000000,-78.76099000000,ECU,Ecuador,Esmeraldas,San Lorenzo,1-Fully Verified,,,
PO1000010067,ENSENGEI POM,ENSENGEI PALM OIL MILL SDN BHD,FELDA,ENSENGEI PALM OIL MILL SDN BHD,,,Not RSPO Certified,,2019-10-31,1.30916000000,110.62443000000,MYS,Malaysia,Sarawak,Simunjan,1-Fully Verified,,,"KILANG SAWIT ESENGEI,KPF PALM OIL MILL,ENSENGEI,KOPERASI PERMODALAN FELDA (KILANG SAWIT ENSENGEI),KPF PALM OIL MILL SDN. BHD.,EHNDSENGEI POM,ENSENGEI PALM OIL MILL,NE NBSHEDNGEI POM,NE NBSHEDNGEI POM,NE NBSHEDNGEI POM,KOPERASI PERMODALAN FELDA MALAYSIA BERHAD (KILANG SAWIT
ENSENGEI),KOPERASI PERMODALAN FELDA MALAYSIA BERHAD (KILANG
SAWIT ENSENGEI)"
PO1000010068,LAMBIR,SARAWAK OIL PALMS BERHAD,Sarawak Oil Palms,SARAWAK OIL PALMS BERHAD,,,Not RSPO Certified,,2019-10-31,4.12922000000,113.98507000000,MYS,Malaysia,Sarawak,Miri,2-High Confidence,,,"LAMBIR ESTATE,LKAEMLABPIAR SAWIT SINDORA"
PO1000010069,PERMATA NUSA SEJATI,UNKNOWN,PERMATA NUSA SEJATI,PERMATA NUSA SEJATI,,,Not RSPO Certified,,2019-10-31,4.17380000000,117.44434000000,IDN,Indonesia,Kalimantan Timur,Nunukan,1-Fully Verified,,,"PERMATA NUSA SEJATI NUNUKAN,PNS,PNS"
PO1000010070,PANDEWAN,UNKNOWN,Sabah Land Development Board,PANDEWAN PALM OIL MILL SDN BHD,,,Not RSPO Certified,,2019-10-31,4.90367000000,116.47561000000,MYS,Malaysia,Sabah,Nabawan,1-Fully Verified,,,"PANDEWAN PALM OIL MILL SDN BHD,,,PANDEWAN PALM OIL,,PANDEWAN POM,,,,,,"
PO1000010071,FPPI PALM OIL MILL,UNKNOWN,,"FILIPINAS PALMOIL INDUSTRIES, INC. (FPII)",,,Not RSPO Certified,,2019-10-31,8.41964000000,126.02114000000,PHL,Philippines,Agusan del Sur,San Francisco,1-Fully Verified,,,
PO1000010072,UMEKA SARI PRATAMA,FIRST RESOURCES,First Resources (FR),UMEKAH SARI PRATAMA,,,Not RSPO Certified,,2019-10-31,-2.12380000000,110.98090000000,IDN,Indonesia,Kalimantan Barat,Ketapang,1-Fully Verified,,,"UMEKAH SARIPRATAMA,UMEKAH SARIPRATAMA MILL,PT UMEKAH SARIPRATAMA,BANGUN BANDAR POM"
PO1000010073,SIMPANG HULU BARAT,INCASI RAYA (GUNAS),Incasi Raya Group (IRG),ADITYA AGROINDO,,,Not RSPO Certified,,2019-10-31,-0.43930000000,110.23474000000,IDN,Indonesia,Kalimantan Barat,Ketapang,1-Fully Verified,,,"PKS SIMPANG HULU BARAT,HULU BARAT,AGRINDO"
PO1000010074,SINAR UTAMA NABATI,UNKNOWN,Surya Utama Nabati (SUN),SINAR UTAMA NABATI,,,Not RSPO Certified,,2019-10-31,-0.39200000000,101.41701000000,IDN,Indonesia,Riau,Kuantan Singingi,1-Fully Verified,,,"SI NAR UTAMA NABATI,,,,PT. SINAR UTAMA NABATI,SINAR UTAMA NABATI PT.,,,"
PO1000010075,GLOBALINDO AGRO LESTARI,SIN TEK HUAT,STH,GLOBALINDO AGRO LESTARI,,,Not RSPO Certified,,2019-10-31,-6.62800000000,105.62525000000,IDN,Indonesia,Banten,Pandeglang,1-Fully Verified,,,"GLOBALINDO AGRO
LESTARI"
PO1000010076,AGRO INDRALAYA MANDIRI,UNKNOWN,,AGRO INDRALAYA MANDIRI,,,Not RSPO Certified,,2019-10-31,-3.18190000000,104.58712000000,IDN,Indonesia,Sumatera Selatan,Ogan Ilir,1-Fully Verified,,,
PO1000010077,PRATAMA UNGGUL SEJAHTERA,BW (BUDIONO WIDODO),BW (BUDIONO WIDODO),PRATAMA UNGGUL SEJAHTERA,,,Not RSPO Certified,,2019-10-31,-2.84887000000,107.61772000000,IDN,Indonesia,Bangka Belitung,Belitung,1-Fully Verified,,,"PT PRATAMA
UNGGUL SEJAHTERA,PT. PRAMATA UNGGUL SEJAHTERA,PT. PRAMATA
UNGGUL SEJAHTERA,PT PRATAMA UNGGUL SEJAHTERA,TANJUNG SEUMANTOH POM,,,PT. PRATAMA UNGGUL SEJAHTERA"
PO1000010078,GLOBALINDO AGUNG LESTARI,GENTING PLANTATIONS,Genting,GLOBALINDO AGUNG LESTARI,,,Not RSPO Certified,,2019-10-31,-2.58494000000,114.59442000000,IDN,Indonesia,Kalimantan Tengah,Kapuas,1-Fully Verified,,,"GLOBALINDO OIL MILL,GENTING BERHAD,,,,,GLOBALINDO,ABDI BUDI MULIA 323"
PO1000010168,EXTRACOSTA,UNKNOWN,OLEANA,EXTRACOSTA S.A.,,,Not RSPO Certified,,2020/09/01 00:00:00+00,-1.562087,-79.542175,ECU,Ecuador,Los Rios,Pueblo Viejo,3-Low Confidence, ,,
PO1000010169,POLIGROW COLOMBIA LTDA,UNKNOWN,Poligrow Colombia,POLIGROW COLOMBIA LTDA,,,RSPO Certified,"RSPO Certified, IP, MB",,3.01283600,-72.20305300,COL,Colombia,Meta,Mapiripán,3-Low Confidence,,,POLIGROW COLOMBIA SAS
PO1000010240,PKS 7,DHARMA SATYA NUSANTARA (DSN),Dharma Satya Nusantara (DSN),DHARMA SATYA NUSANTARA,,,RSPO Certified,"RSPO Certified, MB",2020/09/01 00:00:00+00,1.28225,116.91562,IDN,Indonesia,Kalimantan Timur,Kombeng,3-Low Confidence, ,,"PKS 7 (DSN),DHARMA SATYA NUSANTARA 7,DHARMA SATYA NUSANTARA 7,,KARYA PRIMA AGRO SEJAHTERA (DSN 7),KARYA PRIMA AGRO SEJAHTERA"
PO1000010249,GUNUNG KOMBENG,SINAR MAS,Sinar Mas,KRESNA DUTA AGROINDO,,,Not RSPO Certified,,2019-10-31,1.11206000000,117.02188000000,IDN,Indonesia,Kalimantan Timur,Kutai Timur,1-Fully Verified,,,"KRESNA DUTA AGROINDO (MUARA WAHAU),PT KRESNA DUTA AGROINDO - GUNUNG KOMBENG,GUNUNG KOMBENG (MUARA WAHAU)
PT KRESNA DUTA AGROINDO -"
PO1000010250,AGRA BUMI NIAGA,UNKNOWN,,AGRA BUMI NIAGA,,,Not RSPO Certified,,2019-10-31,4.57572000000,97.61907000000,IDN,Indonesia,Aceh,Aceh Timur,1-Fully Verified,,,
PO1000010251,MUKO PANEN RAYA ABADI,UNKNOWN,,MUKO PANEN RAYA ABADI,,,Not RSPO Certified,,2019-10-31,-2.75670000000,101.39195000000,IDN,Indonesia,Bengkulu,Mukomuko,1-Fully Verified,,,
PO1000010252,BAMBANGAN,UNKNOWN,SEMPURNA SEJAHTERA,SEMPURNA SEJAHTERA,,,Not RSPO Certified,,2019-10-31,4.16215000000,117.70136000000,IDN,Indonesia,Kalimantan Timur,Nunukan,1-Fully Verified,,,"BAMBANGAN SEBATIK RAYA,SEMPURNA SEJAHTERA,SEBATIK,SEBATIK"
PO1000010253,TEMBUSU,GAMA PLANTATIONS,KPN,TH INDO PLANTATIONS,,,Not RSPO Certified,,2019-10-31,0.19693000000,103.00981000000,IDN,Indonesia,Riau,Indragiri Hilir,1-Fully Verified,,,"P-THIP2 TEMBUSU,TH INDO PLANTATION 2 (TEMBUSU),PKS TEMBUSU,PT TH INDO PLANTATION - TEMBUSU,PT TH INDO PLANTATION -
TEMBUSU"
PO1000010254,JATI,GAMA PLANTATIONS,KPN,TH INDO PLANTATIONS,,,Not RSPO Certified,,2019-10-31,0.10602000000,103.17041000000,IDN,Indonesia,Riau,Indragiri Hilir,1-Fully Verified,,,"TH INDO PLANTATIONS (JATI),P-THIP5 JATI,TH INDO PLANTATION 5 (SUNTAI),PT TH INDO PLANTATIONS5 -
JATI,PT TH INDO PLANTATIONS5 - JATI,PKS JATI,TH INDO PLANTATIONS - JATI"
PO1000010255,AGATHIS,GAMA PLANTATIONS,KPN,TH INDO PLANTATIONS,,,Not RSPO Certified,,2019-10-31,0.10319000000,103.03445000000,IDN,Indonesia,Riau,Indragiri Hilir,1-Fully Verified,,,"AGATIS,P-THIP6 AGATHIS,TH INDO PLANTATION 6 (AGATHIS),P-THIP6,PKS AGATIS,TH INDO PLANTATIONS - AGATIS"
PO1000010256,GAJAH SAKTI SAWIT,SINAR JAYA AGRO INVESTAMA (SJAI),SINAR JAYA AGRO INVESTAMA (SJAI),GAJAH SAKTI SAWIT,,,Not RSPO Certified,,2019-10-31,-2.86782000000,101.43663000000,IDN,Indonesia,Bengkulu,Mukomuko,1-Fully Verified,,,"BLANG SIMPO,SINAR JAYA AGRO INVESTAMA,GAJAH SAKIT SAWIT"
PO1000010257,ADIMULIA PALMO LESTARI,ADIMULIA,ABM,ADIMULIA PALMO LESTARI,,,Not RSPO Certified,,2019-10-31,-1.70609000000,102.78240000000,IDN,Indonesia,Jambi,Batang Hari,1-Fully Verified,,,"ADIMULIA PALMO
LESTARI,,"
PO1000010258,SRI ANDAL LESTARI,BUANA SRIWIJAYA SEJAHTERA (BSS),BUANA SRIWIJAYA SEJAHTERA (BSS),SRI ANDAL LESTARI,,,Not RSPO Certified,,2019-10-31,-2.78573000000,104.36249000000,IDN,Indonesia,Sumatra Selatan,Banyuasin,1-Fully Verified,,,"SRI ANDALAN LESTARI,TAMACO GRAHA KRIDA-UNGKAYA,BUANA SRIWIJAYA SEJAHTERA GROUP,,,,,,"
PO1000010259,SAWIT SERIANG,Kencana,Kencana Agri,BUANA TUNAS SEJAHTERA,BUANA TUNAS SEJAHTERA,,Not RSPO Certified,,2019-10-31,0.95629000000,111.88282000000,IDN,Indonesia,Borneo barat,Kapuas Hulu,1-Fully Verified,,,SERIANG
PO1000010262,ENSEM LESTARI,TENERA LESTARI,Tenera Lestari (TL),ENSEM LESTARI,,,Not RSPO Certified,,2019-10-31,4.03408462000,96.47502250000,IDN,Indonesia,Aceh,Kabupaten Nagan Raya,1-Fully Verified,,,"ENSEM LESTARI (NAGAN RAYA),ENSEM LESTARI POM,,ENSEM LESTARI JAYA,PKS NAGAN RAYA,ENSEM NAGAN RAYA,TERANTAM,ENSEM LESTARI JAYA (NAGAN RAYA),,,,CITRAKOPRASINDO TANI,,NAGAN RAYA,,,,,ABDI BUDI MULIA 268"
PO1000010281,CP 1,DARMEX AGRO,DARMEX AGRO ,CERIA PRIMA,,,Not RSPO Certified,,2019-10-31,1.36890000000,109.68410000000,IDN,Indonesia,Kalimantan Barat,Bengkayang,1-Fully Verified,,,
PO1000010625,PALM D SRI NAKORN,UNKNOWN,,PALM D SRI NAKORN,,,RSPO Certified,"RSPO Certified, MB",,8.05202700,100.20947000,THA,Thailand,Nakhon Si Thammarat,Hua Sai,1-Fully verified,,,
PO1000010669,SOCFIN AGRICULTURAL COMPANY (SL) LTD,SOCFIN AGRICULTURAL COMPANY (SL) LTD,SOCFIN,SOCFIN AGRICULTURAL COMPANY (SL) LTD,,,RSPO Certified,"RSPO Certified, IP",2020/09/01 00:00:00+00,7.43796,-11.889493,SL,Sierra Leone,Southern,Pujehun,1-Fully Verified, ,,
PO1000010713,GLOBALINDO ALAM PERKASA PALM OIL MILL,UNKNOWN,Musim Mas,MUSIM MAS HOLDINGS PTE. LTD.,GLOBALINDO ALAM PERKASA,,RSPO Certified,"RSPO Certified, IP",2020/09/01 00:00:00+00,-2.667978475,112.7721584,IDN,Indonesia,Kalimantan Tengah,Kotawaringin Timur,2-High Confidence, ,,"GLOBALINDO ALAM PERKASA,PT GLOBALINDO ALAM PERKASA POM,GLOBALINDO ALAM
PERKASA,GLOBALINDO ALAM PERKASA PALMOIL MILL,PT GLOBALINDO ALAM
PERKASA,ABDI BUDI MULIA 830"
PO1000010727,ERAP / MARKHAM FAMRING,,Sime Darby Guthrie (SDGI),SIME DARBY BHD,,,RSPO Certified,"RSPO Certified, IP",,-6.58087000,146.64222000,PNG,Papua New Guinea,Morobe,Chivasing,2-High Confidence,,,"ERAP PALM OIL MILL,ERAP / MARKHAM FARMING,ERAP / MARKHAM FARMING"
PO1000010731,Bio Inti Agrindo Blok II,,Posco,Bio Inti Agrindo Blok II,,,Not RSPO Certified,,2021/09/29 00:00:00+00,-7.09661110,140.80911000,IDN,Indonesia,Papua,Merauke,2-High Confidence,,,
PO1000010735,PT. BIO INTI AGRINDO PKS 1,UNKNOWN,Posco,PT. BIO INTI AGRINDO,,,Not RSPO Certified,,,-6.95194400,140.51125000,IDN,Indonesia,Papua,Merauke,2-High Confidence,,,
PO1000010791,AWANA SAWIT LESTARI,BENGKULU SAWIT LESTARI,BENGKULU SAWIT LESTARI,BENGKULU SAWIT LESTARI,,,Not RSPO Certified,,2020/09/01 00:00:00+00,-1.704823,119.309324,IDN,Indonesia,Sulawesi Barat,Mamuju Utara,2-High Confidence, ,,
PO1000010793,IKA BINA AGRO WISESA,UNKNOWN,,UNKNOWN,,,Not RSPO Certified,,2020/09/01 00:00:00+00,5.132977778,97.09086389,IDN,Indonesia,Aceh,Aceh Utara,1-Fully Verified, ,,PT IKA BINA AGRO WISESA
PO1000010794,KHARISMA WIRAJAYA PALMA,UNKNOWN,,UNKNOWN,,,Not RSPO Certified,,2020/09/01 00:00:00+00,0.826015,100.916237,IDN,Indonesia,Riau,Kampar,2-High Confidence, ,,"INDAH GROUP,PT KHARISMA WIRAJAYA PALMA,KHARISMA WIRAJAYA
PALMA"
PO1000010795,MAHUNING,UNKNOWN,,UNKNOWN,,,Not RSPO Certified,,2020/09/01 00:00:00+00,-1.459278,113.397417,IDN,Indonesia,Kalimantan Tengah,Gunung Mas,2-High Confidence, ,,"MANUHING,BERKALA MAJU BERSAMA"
PO1000010796,PALMA AGROINDO MANDIRI,UNKNOWN,Sabeni Ltd,UNKNOWN,,,Not RSPO Certified,,2020/09/01 00:00:00+00,-2.38248,111.30788,IDN,Indonesia,Kalimantan Tengah,Kotawaringin Barat,2-High Confidence, ,,KOTAWARINGIN BARAT
PO1000010798,SUMBER TANI AGUNG,SIKAPAS,STA,SIKAPAS,,,Not RSPO Certified,,2020/09/01 00:00:00+00,1.221083333,98.882,IDN,Indonesia,Sumatera Utara,Mandailing Natal,1-Fully Verified, ,,MADINA AGRO LESTARI (SIKAPAS)
PO1000010800,AGROVICMART,AGROVICMART,AGROVICMART,AGROVICMART,,,Not RSPO Certified,,2020/09/01 00:00:00+00,4.978,-72.616,COL,Colombia,Casanare,Aguazul,1-Fully Verified, ,,
PO1000010802,DHARMA SATYA NUSANTARA MILL 8 (AGRO ANDALAN),DHARMA SATYA NUSANTARA (DSN),Dharma Satya Nusantara (DSN),DHARMA SATYA NUSANTARA,,,Not RSPO Certified,,2020/09/01 00:00:00+00,-0.102824,111.029149,IDN,Indonesia,Kalimantan Barat,Sekadau,1-Fully Verified, ,,"AGRO ANDALAN,PKS 8 (DSN),DHARMA SATYA NUSANTARA MILL 8 (AGRO
ANDALAN),(AGRO ANDALAN),DHARMA SATYA NUSANTARA MILL 8(AGRO ANDALAN),,,AGRO ANDALAN (DSN 8)"
PO1000010803,EXTRACEITE,EXTRACEITE,Extraceite,EXTRACEITE,,,Not RSPO Certified,,2020/09/01 00:00:00+00,12.203,-84.232,NIC,Nicaragua,Atlántico Sur,El Rama,1-Fully Verified, ,,"EXTRACEITE, S.A,EXTRACEITE, S.A,EXTRACEITE, S.A,EXTRACEITE S.A"
PO1000010804,GOLDEN AGRO PLANTATION (GAP),GOLDEN AGRO PLANTATION (GAP),GOLDEN,GOLDEN AGRO PLANTATION (GAP),,,Not RSPO Certified,,2020/09/01 00:00:00+00,2.6725,112.127111,MYS,Malaysia,Sarawak,Dalat,1-Fully Verified, ,,"GAP OIL MILL,GAP OIL MILL SDN BHD,GAP OIL,,"
PO1000010805,KARYA HEVEA INDONESIA,KARYA HEVEA INDONESIA,Karya Hevea Indonesia,KARYA HEVEA INDONESIA,,,Not RSPO Certified,,2020/09/01 00:00:00+00,3.374417,99.02,IDN,Indonesia,Sumatera Utara,Serdang Bedagai,2-High Confidence, ,,"KARYA HAVEA INDONESIA,KARYA HAVEA INDONESIA,KARYA HAVEA INDONESIA,KARYA HAVEA INDONESIA,KARYA HAVEA INDONESIA,KARYA HAVEA INDONESIA,KARYA HAVEA INDONESIA,KARYA HAVEA INDONESIA,KARYA HAVEA INDONESIA,KARYA HAVEA INDONESIA,KARYA HAVEA INDONESIA,KARYA HAVEA INDONESIA,KARYA HAVEA INDONESIA,KARYA HAVEA INDONESIA,KARYA HAVEA INDONESIA,KARYA HAVEA INDONESIA,,KARYA HEVEA INDONESIA*,ABDI BUDI MULIA 440"
PO1000010806,DELTA SUBUR PERMAI,KENCANA AGRI GROUP,Kencana Agri,KENCANA AGRI GROUP,,,Not RSPO Certified,,2020/09/01 00:00:00+00,-1.215564,122.518659,IDN,Indonesia,Sulawesi Tengah,Banggai,1-Fully Verified, ,,"AGRI,"
PO1000010807,GELATIK,KIARA SAWIT ABADI,HPI-AGRO (DJARUM),KIARA SAWIT ABADI,,,Not RSPO Certified,,2020/09/01 00:00:00+00,0.81729,111.01222,IDN,Indonesia,Kalimantan Barat,Sintang,1-Fully Verified, ,,GELATIK MILL
PO1000010808,MITRA ANDALAN SEJAHTERA,MITRA ANDALAN SEJAHTERA,Parna Raya (PRG),MITRA ANDALAN SEJAHTERA,,,Not RSPO Certified,,2020/09/01 00:00:00+00,0.07979,109.27726,IDN,Indonesia,Kalimantan Barat,Pontianak,2-High Confidence, ,,
PO1000010809,OLEOINVERSIONES ZOMAC,OLEOINVERSIONES ZOMAC,OLEO INVERSIONES ZOMAC,OLEOINVERSIONES ZOMAC,,,Not RSPO Certified,,2020/09/01 00:00:00+00,4.689,-72.081,COL,Colombia,Casanare,Maní,1-Fully Verified, ,,"AGROPECUARIA SANTAMARÍA S.A.,OLEO INVERSIONES ZOMAC SAS"
PO1000010810,PALMAS OLEAGINOSAS BUCARELIA SAS,PALMAS OLEAGINOSAS BUCARELIA SAS,PALMAS OLEAGINOSAS BUCARELIA S A S,PALMAS OLEAGINOSAS BUCARELIA SAS,,,Not RSPO Certified,,2020/09/01 00:00:00+00,7.22978,-73.85034,COL,Colombia,Santander,Puerto Wilches,1-Fully Verified, ,,"PALMAS OLEAGINOSAS BUCARELIA,EXTRACTORA MONTERREY S A"
PO1000010811,ANGGOLI,SAGO,Sago Nauli,SAGO,,,Not RSPO Certified,,2020/09/01 00:00:00+00,1.538639,98.984611,IDN,Indonesia,Sumatera Utara,Tapanuli Tengah,1-Fully Verified, ,,"TRI BAHTERA SRIKANDI-ANGGOLI,TRI BAHTERA SRIKANDI (ANGGOLI),ABDI BUDI MULIA 52"
PO1000010812,KARYA AGUNG SAWITA - UJUNG BATU,SUMBER TANI AGUNG,STA,SUMBER TANI AGUNG,,,Not RSPO Certified,,2020/09/01 00:00:00+00,1.312778,100.167778,IDN,Indonesia,Riau,Rokan Hulu,3-Low Confidence, ,,"KARYA AGUNG SAWIT (UJUNG BATU),ABDI BUDI MULIA 438"
PO1000010813,SUNGAI SUGUT,SUNGAI SUGUT,Sungai Sugut,SUNGAI SUGUT,,,Not RSPO Certified,,2020/09/01 00:00:00+00,5.85378,117.3223,MYS,Malaysia,Sabah,Beluran,1-Fully Verified, ,,"SG SUGUT PALM OIL SDN BHD,SUNGAI SUGUT PALM OIL MILL,,,SUNGAI SUGUT PALM OIL MILL SDN"
PO1000010814,UNIACEITES,UNIACEITES,Unipalma,UNIACEITES,,,Not RSPO Certified,,2020/09/01 00:00:00+00,16.536293,-89.86288,GTM,Guatemala,Petén,Dolores,1-Fully Verified, ,,"CORPORACIÓN UNIACEITES,CORPORACIÓN UNIACEITES S.A."
PO1000010815,AGRONUSA INVESTAMA 3,WILMAR GROUP,Wilmar,WILMAR GROUP,,,Not RSPO Certified,,2020/09/01 00:00:00+00,1.42149,109.53715,IDN,Indonesia,Kalimantan Barat,Sambas,1-Fully Verified, ,,
PO1000010817,SUAJAYA MAHIR CROP,WTK GROUP,WTK,WTK GROUP,,,Not RSPO Certified,,2020/09/01 00:00:00+00,2.848833,112.705861,MYS,Malaysia,Sarawak,Mukah,1-Fully Verified, ,,"SUAJAYA MAHIR CROP SDN BHD,SUAJAYA PALM OIL MILL,,"
PO1000010882,AGRO ARTHA SURYA,AGRO ARTHA SURYA,Bukit Berlian Plantation Group (BBPG),AGRO ARTHA SURYA,,,Not RSPO Certified,,2020/09/01 00:00:00+00,0.749611,122.430861,IDN,Indonesia,Gorontalo,Boalemo,1-Fully Verified, ,,BUKIT BERLIAN
PO1000010883,RANTAU GEDANG,SAWIT JAMBI LESTARI (PRG),SAWIT JAMBI LESTARI (PRG),RANTAU GEDANG,,,Not RSPO Certified,,2020/09/01 00:00:00+00,-1.532222,102.906111,IDN,Indonesia,Jambi,Batang Hari,1-Fully Verified, ,,"PT SAWIT JAMBI LESTARI,RANTAU GEDANG (PRG)"
PO1000010884,OTACO,OTACO CO,Otaco,OTACO,,,Not RSPO Certified,,2020/09/01 00:00:00+00,7.724815,99.324366,THA,Thailand,Trang,Sikao,1-Fully Verified, ,,OTACO CO. LTD.
PO1000010886,EXTRACTORA LOMA FRESCA,OIL SUM,Loma Fresca,EXTRACTORA LOMA FRESCA,,,Not RSPO Certified,,2020/09/01 00:00:00+00,7.528413,-73.936587,COL,Colombia,Bolívar,Simití,1-Fully Verified, ,,"EXTRACTORA LOMA FRESCA SUR DE BOLÍVAR,EXTRACTORA LOMA FRESCA SUR DE BOLIVAR S.A.,EXTRACTORA LOMA FRESCA SUR DEL BOLIVAR S.A.S.,EXTRACTORA LOMA FRESCA SUR DE BOLIVAR
S.A.,EXTRACTORA LOMA FRESCA SUR DE BOLIVAR"
PO1000010944,GRAHA AGRO NUSANTRA,KPN,KPN,KPN,,,Not RSPO Certified,,2020/09/01 00:00:00+00,-0.083509,109.702795,IDN,Indonesia,Kalimantan Barat,Kubu Raya,1-Fully Verified, ,,"GRAHA AGRO NUSANTARA,"
PO1000010945,PT PERMATA NUSA SEJATI,PERMATA NUSA SEJATI,PERMATA NUSA SEJATI,PERMATA NUSA SEJATI,,,Not RSPO Certified,,2020/09/01 00:00:00+00,-0.297753,111.639998,IDN,Indonesia,Kalimantan Barat,Melawi,1-Fully Verified, ,,"PERMATA NUSA SEJATI,SAMBOJA INTI PERKASA"
PO1000010946,TBS OIL MILL,TBS OIL MILL SDN BHD,Tri Bakti Sarimas (TBS),TBS OIL MILL SDN BHD,,,Not RSPO Certified,,2020/09/01 00:00:00+00,2.00721516,111.3521858,MYS,Malaysia,Sarawak,Saratok,1-Fully Verified, ,,"TBS OIL MILL SDN BHD,TBS OIL,,"
PO1000010947,TA ANN PELITA IGAN,IGAN OIL MILL SDN BHD,Ta Ann,IGAN OIL MILL SDN BHD,,,Not RSPO Certified,,2020/09/01 00:00:00+00,2.783242216,111.7377968,MYS,Malaysia,Sarawak,Matu,1-Fully Verified, ,,"TP PALM OIL MILL,IGAN OIL MILL SDN BHD,IGAN (TA ANN),,"
PO1000010948,PPKR TEBENAN,PTPN VII,PTP Nusantara VII,PTPN VII,,,Not RSPO Certified,,2020/09/01 00:00:00+00,-2.869715,104.191838,IDN,Indonesia,Sumatera Selatan,Banyu Asin,1-Fully Verified, ,,"PERKEBUNAN NUSANTARA VII (TEBENAN),UNIT TEBENAN"
PO1000010949,KHLONGTOM DIVISION,UNIVANICH PALM OIL CO. LTD,UNIVANICH PALM OIL,UNIVANICH PALM OIL CO. LTD,,,Not RSPO Certified,,2020/09/01 00:00:00+00,7.987779,99.209092,THA,Thailand,Krabi,Khlong Thom,1-Fully Verified, ,,
PO1000010950,PALMEIRAS COLOMBIA S.A.,CI TOP,THIN OIL,CI TOP,,,Not RSPO Certified,,2020/09/01 00:00:00+00,1.4589,-78.6869,COL,Colombia,Nariño,Tumaco,1-Fully Verified, ,,"PALMEIRAS COLOMBIA,PALMEIRAS,PALMEIRAS COLOMBIA SA"
PO1000010951,CVP,UNIVANICH PALM OIL PCL,UNIVANICH PALM OIL,UNIVANICH PALM OIL PCL,,,Not RSPO Certified,,2020/09/01 00:00:00+00,9.237,98.3964,THA,Thailand,Phangnga,Khura Buri,1-Fully Verified, ,,
PO1000010952,KENRAM PALM OIL INDUSTRIES,KENRAM PALM OIL INDUSTRIES,Kenram Industrial & Development,KENRAM PALM OIL INDUSTRIES,,,Not RSPO Certified,,2020/09/01 00:00:00+00,6.67798,124.60326,PHL,Philippines,Sultan Kudarat,Isulan,1-Fully Verified, ,,
PO1000011157,KRISHNA ENTERPRISES,UNKNOWN,,KRISHNA ENTERPRISES,,,Not RSPO Certified,,2020/09/01 00:00:00+00,8.95073,76.99746,IND,India,Kerala,Kollam,1-Fully verified, ,,
PO1000011158,ANAK ANGKAT,UNKNOWN,Incasi Raya Group (IRG),CITALARAS CIPTA INDONESIA,,,Not RSPO Certified,,2020/09/01 00:00:00+00,-2.063677,101.005994,IDN,Indonesia,Sumatera Barat,Pesisir Selatan,1-Fully verified, ,,
PO1000011159,Aceh Seujahtera,Agro Sinergi Nusantara ,PTPN III,AGRO SINERGI NUSANTARA,,,Not RSPO Certified,,2020/09/01 00:00:00+00,4.453558,95.927323,IDN,Indonesia,Aceh,Aceh Jaya,1-Fully verified, ,,"BATE PUTEH,AGRO SINERGI NUSANTARA (BATEE PUTEH),PKS BATEE PUTEH"
PO1000011160,ARSO,PTPN III,PTPN III,PERKEBUNAN NUSANTARA II,PTPN II,,Not RSPO Certified,,2020/09/01 00:00:00+00,-2.784752,140.722898,IDN,Indonesia,Papua,Keerom,1-Fully verified, ,,
PO1000011161,SUNGAI TAWANG,Kencana,Kencana Agri,BUANA TUNAS SEJAHTERA,,,Not RSPO Certified,,2020/09/01 00:00:00+00,0.78499,111.77888,IDN,Indonesia,Kalimantan Barat,Kapuas Hulu,1-Fully verified, ,,
PO1000011162,PALM D SRI NAKORN,UNKNOWN,,PALM D SRI NAKORN,,,Not RSPO Certified,,2020/09/01 00:00:00+00,8.0520269,100.2094702,THA,Thailand,Nakhon Si Thammarat,Hua Sai,1-Fully verified, ,,
PO1000011163,PALM THONG THAI CO,UNKNOWN,,PALM THONG THAI CO,,,Not RSPO Certified,,2020/09/01 00:00:00+00,12.2671104,99.8405216,THA,Thailand,Prachuap Khiri Khan,K. Sam Roi Yot,1-Fully verified, ,,
PO1000011164,PHATTRA PALM OIL,UNKNOWN,,PHATTRA PALM OIL,,,Not RSPO Certified,,2020/09/01 00:00:00+00,8.2183275,99.0529751,THA,Thailand,Krabi,Khao Phanom,1-Fully verified, ,,PHATTARA PALM OIL CO. LTD.
PO1000011165,BWENDERO PALM OIL MILL,UNKNOWN,BIDCO,BIDCO UGANDA,,,Not RSPO Certified,,2020/09/01 00:00:00+00,-0.446111,32.219722,UGA,Uganda,Kalangala,Bujumba,1-Fully verified, ,,BWENDERO PALM OILMILL
PO1000011166,WAHANA KARYA SEJAHTERA MANDIRI,UNKNOWN,KPN,WAHANA KARYA SEJAHTERA MANDIRI,,,Not RSPO Certified,,2020/09/01 00:00:00+00,-2.111927222,119.3393961,IDN,Indonesia,Sulawesi Barat,Mamuju,1-Fully verified, ,,P-WKSM
PO1000011167,ALAM JAYA PERSADA,UNKNOWN,KPN,ALAM JAYA PERSADA,,,Not RSPO Certified,,2020/09/01 00:00:00+00,-0.931346389,117.1502303,IDN,Indonesia,Kalimantan Timur,Kutai Kartanegara,1-Fully verified, ,,
PO1000011168,KARYA AGUNG SAWIT (UJUNG BATU),UNKNOWN,STA,SUMBER TANI AGUNG,,,Not RSPO Certified,,2020/09/01 00:00:00+00,1.318478,100.010726,IDN,Indonesia,Sumatera Utara,Padang Lawas,1-Fully verified, ,,
PO1000011169,LIGURIA OIL MILL,UNKNOWN,Tzen,TZEN PLANTATION,,,Not RSPO Certified,,2020/09/01 00:00:00+00,-4.956151,151.957441,PAN,Papua New Guinea,East New Britain,Pomio,1-Fully verified, ,,LIGURIA
PO1000011170,PALMAS DE CANDELARIA,UNKNOWN,THIN OIL,PALMAS DE CANDELARIA,,,Not RSPO Certified,,2020/09/01 00:00:00+00,18.32183333,-91.36483333,MEX,Mexico,Campeche,Carmen,1-Fully verified, ,,PALMAS DE CANDELARIA S.A. DE C.V.
PO1000011171,APPARAOPETA OIL PALM FACTORY,UNKNOWN,,TELANGANA STATE OIL FEDERATION,,,Not RSPO Certified,,2020/09/01 00:00:00+00,17.252656,81.096193,IND,India,Telangana,Khammam,1-Fully verified, ,,
PO1000011172,PALM BAY,UNKNOWN,,EQUATORIAL PALM OIL,,,Not RSPO Certified,,2020/09/01 00:00:00+00,5.83197,-9.7634,LBR,Liberia,GrandBassa,District # 4,2-High Confidence, ,,
PO1000011173,KILANG SAWIT BIJAT,UNKNOWN,TH Plantations Berhad (THP),SALCRA,,,Not RSPO Certified,,2020/09/01 00:00:00+00,1.330232,111.451023,MYS,Malaysia,Sarawak,Sri Aman,2-High Confidence, ,,"KILANG SAWIT BIJAT,LUBOK ANTU MILL 2,K.K.S. LUBUK ANTU 2,K.K.S. LUBUK ANTU 2,LUBUK ANTU 2"
PO1000011174,KENAYA,UNKNOWN,Dhanistha ,DHANISTA SURYA NUSANTARA,Dhanistha ,,Not RSPO Certified,,2020/09/01 00:00:00+00,-0.956973,110.4042,IDN,Indonesia,Kalimantan Barat,Ketapang,2-High Confidence, ,,"MULIA BHAKTI KAHURIPAN,MULIA BHAKTI KAHURIPAN (KENAYA MILL)"
PO1000011175,AEN PALM OIL PROCESSING,UNKNOWN,,AEN PALM OIL PROCESSING,,,Not RSPO Certified,,2020/09/01 00:00:00+00,6.545986,80.228546,LKA,Sri Lanka,Kalutara,Palindanuwara,2-High Confidence, ,,AEN
PO1000011179,MADINA AGRO LESTARI (SIKAPAS),UNKNOWN,STA,SUMBER TANI AGUNG,,,Not RSPO Certified,,2020/09/01 00:00:00+00,1.217194444,98.89572222,IDN,Indonesia,Sumatera Utara,Mandailing Natal,2-High Confidence, ,,"SIKAPAS,MADINA AGRO LESTARI,MADINA AGRO LESTARI- SIKAPAS,MADINA AGRO LESTARI - SIKAPAS,MADINA AGROLESTARI PT.,PKMS SIKAPAS,MADINA AGROLESTARI"
PO1000011180,BALAI JAYA,UNKNOWN,PTPN III,TIAN TUJUHPULUH UTAMA,,,Not RSPO Certified,,2020/09/01 00:00:00+00,1.684,100.53362,IDN,Indonesia,Riau,Rokan Hilir,2-High Confidence, ,,"TIAN TUJUHPULUH UTAMA - BALAI JAYA,TIAN TUJUHPULUH UTAMA PT.,ABDI BUDI MULIA 83"
PO1000011181,TALIWAS,UNKNOWN,TECK GUAN GROUP,TECK GUAN GROUP,,,Not RSPO Certified,,2020/09/01 00:00:00+00,5.070072,118.256194,MYS,Malaysia,Sabah,Lahad Datu,2-High Confidence, ,,"TALIWAS PALM OIL MILL SDN BHD,TALIWAS PALM OIL MILL SDN BHD,TALIWAS PALM OIL MILL,TALIWAS _ TECK GUAN,TECK GUAN,TALIWAS PALM OIL,TALIWAS POM,,ABDI BUDI MULIA 1156"
PO1000011182,MUSTIKA AGUNG SAWIT GEMILANG,UNKNOWN,Mustika,MUSTIKA AGUNG SAWIT GEMILANG,,,Not RSPO Certified,,2020/09/01 00:00:00+00,-0.525277778,101.9933889,IDN,Indonesia,Riau,Indragiri Hulu,2-High Confidence, ,,"MUSTIKA AGUNG SAWIT GEMILANG PT.,PT MUSTIKA AGUNG SAWIT GEMILANG,PT. MUSTIKA AGUNG SAWIT GEMILANG,PT. MUSTIKA AGUNG SAWIT GEMILANG"
PO1000011183,MERCHONG PALM OIL MILL,UNKNOWN,Prosper Group,PROSPER GROUP,,,Not RSPO Certified,,2020/09/01 00:00:00+00,2.80355,103.306237,MYS,Malaysia,Pahang,Rompin,2-High Confidence, ,,"MERCHONG,,,MERCHONG PALM OIL MILL SDN BHD,MERCHONG PALM OIL MILL SDN
BHD,MERCHONG PALM OIL SDN BHD - MILL,MERCHONG PALM OIL SDN BHD,MERCHONG P0M,MEHCHONG PALM OIL MILL SDN BHD,MERCHONG PALM OIL SDN BHD - MI,MERCHONG POM"
PO1000011184,PELITA AGUNG AGRINDUSTRI,UNKNOWN,Permata Hijau Group (PHG),PERMATA HIJAU GROUP,,,Not RSPO Certified,,2020/09/01 00:00:00+00,1.427505556,101.18765,IDN,Indonesia,Riau,Bengkalis,2-High Confidence, ,,"PELITA AGUNG AGRINDUSTRI (PABRIK),PELITA AGUNG AGRINDUSTRI (PABRIK),PT. PELITA AGUNG AGRINDUSTRI"
PO1000011185,SYARIKAT PERPADUAN,UNKNOWN,Syarikat Perpaduan Kilang Minyak,SYARIKAT PERPADUAN KILANG MINYAK,,,Not RSPO Certified,,2020/09/01 00:00:00+00,3.151674,101.336935,MYS,Malaysia,Selangor,Klang,3-Low Confidence, ,Crusher,SYARIKAT PERPADUAN KLANG MINYAK SDN BHD
PO1000011186,PROSYMPAC AGRO LESTARI,UNKNOWN,,PROSYMPAC AGRO LESTARI,,,Not RSPO Certified,,2020/09/01 00:00:00+00,-1.98912,104.02697,IDN,Indonesia,Sumatera Selatan,Musi Banyuasin,3-Low Confidence, ,,
PO1000011188,PERDANA,UNKNOWN,Dhanistha ,DHANISTA SURYA NUSANTARA,Dhanistha ,,Not RSPO Certified,,2020/09/01 00:00:00+00,-2.200481,110.814133,IDN,Indonesia,Kalimantan Barat,Ketapang,3-Low Confidence, ,,"PERTIWI LENGGARA AGROMAS,PERDANA (DSN),"
PO1000011190,BETA PALM OIL MILL,UNKNOWN,BIDCO,BIDCO UGANDA,,,Not RSPO Certified,,2020/09/01 00:00:00+00,-0.31683,32.151898,UGA,Uganda,Kalangala,Bujumba,3-Low Confidence, ,,
PO1000011191,MANOBANDACORP,UNKNOWN,,MANOBANDACORP,,,Not RSPO Certified,,2020/09/01 00:00:00+00,-1.07268655,-79.6077342,ECU,Ecuador,Los Rios,Quevedo,3-Low Confidence, ,,"MANOBANDACORP -CORPALMA,MANOBANDACORP-CORPALMA,MANOBANDA"
PO1000011192,EXTRACTORA TAILÂNDIA,UNKNOWN,Belem Bioenergia Brasil (BBB),BELEM BIOENERGIA,,,Not RSPO Certified,,2020/09/01 00:00:00+00,-2.798097,-48.936475,BRA,Brazil,Pará,Tailândia,3-Low Confidence, ,,"EXTRACTORA TAILANDIA,EXTRACTORA TAILANDIA,TAILÂNDIA"
PO1000011193,GADING SAWIT KENCANA,UNKNOWN,Wilmar,GADING SAWIT KENCANA,,,Not RSPO Certified,,2020/09/01 00:00:00+00,-2.510682,112.55489,IDN,Indonesia,Kalimantan Tengah,Kotawaringin Timur,3-Low Confidence, ,,"PT GADING SAWIT KENCANA,,,ABDI BUDI MULIA 299"
PO1000011194,KENCANA AGRO PERSADA,UNKNOWN,,GENG GROUP,,,Not RSPO Certified,,2020/09/01 00:00:00+00,0.605639,101.241306,IDN,Indonesia,Riau,Kampar,3-Low Confidence, ,,"PANGKALAN BARU INDAH,KENCANA AGRO PERSADA PT.,PT KENCANA AGRO PERSADA,PT. KENCANA AGRO PERSADA,ABDI BUDI MULIA 469"
PO1000011195,LIFERE AGRO KAPUAS,UNKNOWN,UNITED MALACCA BHD (UMB),UNITED MALACCA,,,Not RSPO Certified,,2020/09/01 00:00:00+00,-2.740389,114.456711,IDN,Indonesia,Kalimantan Tengah,Kapuas,3-Low Confidence, ,,"ARWANA PALM OIL MILL,PT LIFERE AGRO KAPUAS,ARWANA"
PO1000011196,SUKSES KARYA MANDIRI,UNKNOWN,TAP,TRIPUTRA AGRO PERSADA,,,Not RSPO Certified,,2020/09/01 00:00:00+00,-2.189397,111.342031,IDN,Indonesia,Kalimantan Tengah,Sukamara,3-Low Confidence, ,,ABDI BUDI MULIA 1079
PO1000011197,AGRIPRIMA CIPTA PERSADA,KPN,KPN,AGRIPRIMA CIPTA PERSADA,,,Not RSPO Certified,,2020/09/01 00:00:00+00,-7.450096,140.500032,IDN,Indonesia,Papua,Merauke,3-Low Confidence, ,,
PO1000011198,BUMI KHATULISTIWA MANDIRI,BUMI KHATULISTIWA MANDIRI ,BUMI KHATULISTIWA MANDIRI,BUMI KHATULISTIWA MANDIRI,,,Not RSPO Certified,,2020/09/01 00:00:00+00,-3.274438,105.813696,IDN,Indonesia,Sumatera Selatan,Ogan Komering Ilir,3-Low Confidence, ,,
PO1000011199,BOUBO,SIFCA,SIFCA,PALMCI,PALMCI,,Not RSPO Certified,,2020/09/01 00:00:00+00,5.644,-5.32,CIV,Côte d'Ivoire,Gôh-Djiboua,Lôh-Djiboua,2-High Confidence, ,,PALMCI BOUBO
PO1000011200,COMPAÑIA PALMICULTORA DEL LLANO S.A. - PALMALLANO S.A.,UNKNOWN,INPARME,UNKOWN,,,Not RSPO Certified,,2020/09/01 00:00:00+00,4.346079,-73.004524,COL,Colombia,Meta,Cabuyaro,1-Fully verified, ,,"PALMALLANO,PALMERAS DEL LLANO S.A"
PO1000011201,PALMERAS LA MARGARITA DIAZ MARTINEZ & CIA LTDA.,UNKNOWN,Palmeras La Margarita Diaz Martinez Y Compania Ltda,UNKOWN,,,Not RSPO Certified,,2020/09/01 00:00:00+00,3.904905,-73.538584,COL,Colombia,Meta,Acacías,2-High Confidence, ,,
PO1000011214,SARAWAK OIL PALMS BERHAD - BALINGIAN,UNKNOWN,Sarawak Oil Palms,UNKOWN,,,Not RSPO Certified,,2020/09/01 00:00:00+00,2.98105,112.4788,MYS,Malaysia,Sarawak,Mukah,1-Fully verified, ,,BALINGIAN PALM OIL MILL
PO1000011215,SAWITA LEIDONG JAYA,UNKNOWN,,SAWITA LEIDONG JAYA,,,Not RSPO Certified,,2020/09/01 00:00:00+00,0.541227,101.394954,IDN,Indonesia,Riau,Pekanbaru,3-Low Confidence, ,,
PO1000011263,BERSAMA OESAHA SARAGIH SEJAHTERA,UNKNOWN,,BERSAMA OESAHA SARAGIH SEJAHTERA,,,Not RSPO Certified,,2020/09/01 00:00:00+00,3.209654,98.884564,IDN,Indonesia,Sumatera Utara,Serdang Bedagai,2-High Confidence, ,,"BERSAMA OESAHA SARAGIHSEJAHTERA,PT. BERSAMA OESAHA SARAGIH SEJAHTERA,PT. BERSAMA OESAHA SARAGIH SEJAHTERA"
PO1000011300,PT BULUNGAN HIJAU PERKASA,FANGIONO AGRO PLANTATION,FAP,PT BULUNGAN HIJAU PERKASA,,,Not RSPO Certified,,2020/09/01 00:00:00+00,3.928996,116.816399,IDN,Indonesia,Kalimantan Timur,Nunukan,2-High Confidence, ,,BULUNGAN HIJAU PERKASA
PO1000011301,PT INTI SELARAS PERKASA,WINGS CORP,WINGS AGRO,PT INTI SELARAS PERKASA,,,Not RSPO Certified,,2020/09/01 00:00:00+00,2.738595,117.208687,IDN,Indonesia,Kalimantan Timur,Bulungan,2-High Confidence, ,,INTI SELARAS PERKASA - BULUNGAN
PO1000011303,MBAMBOU POM,SOCFIN S.A.,SOCFIN,SOCAPALM (SOCIÉTÉ CAMEROUNAISE DE PALMERAIES),,,RSPO Certified,"RSPO Certified, MB",2020/09/01 00:00:00+00,3.732936,9.862567,CMR,Cameroon,Littoral,Sanaga Maritime,2-High Confidence, ,,
PO1000011304,EDEA POM,SOCFIN S.A.,SOCFIN,SOCAPALM (SOCIÉTÉ CAMEROUNAISE DE PALMERAIES),,,RSPO Certified,"RSPO Certified, MB",2020/09/01 00:00:00+00,3.5698028,10.110225,CMR,Cameroon,Littoral,Sanaga Maritime,2-High Confidence, ,,SOCAPALM EDEA
PO1000011305,NATURA PASIFIC NUSANTARA,TRIPUTRA,TAP,PT NATURA PASIFIC NUSANTARA,,,Not RSPO Certified,,2020/09/01 00:00:00+00,2.24749,116.985,IDN,Indonesia,Kalimantan Timur,Berau,2-High Confidence, ,,
PO1000011306,PT HANUSENTRA AGRO LESTARI,DHARMA AGUNG WIJAYA,DHARMA AGUNG WIJAYA (DAW),PT HANUSENTRA AGRO LESTARI,,,Not RSPO Certified,,2020/09/01 00:00:00+00,1.177671,117.902178,IDN,Indonesia,Kalimantan Timur,Kutai Timur,2-High Confidence, ,,"HANUSENTRA AGRO LESTARI,HANUSENTRA AGRO
LESTARI"
PO1000011307,PT BORNEO BHAKTI SEJAHTERA,FANGIONO AGRO PLANTATION,FAP,PT BORNEO BHAKTI SEJAHTERA,,,Not RSPO Certified,,2020/09/01 00:00:00+00,0.495463,115.366593,IDN,Indonesia,Kalimantan Timur,Kutai Barat,2-High Confidence, ,,"BORNEO BHAKTI SEJAHTERA,BORNEO BHAKTI SEJAHTERA MILL,"
PO1000011308,TANDAN SAWIT PAPUA POM,UNKNOWN,Eagle High Plantations (EHPT),PT TANDAN SAWITA PAPUA,,,Not RSPO Certified,,2020/09/01 00:00:00+00,-2.8671,140.8809,IDN,Indonesia,Papua,Keerom,2-High Confidence, ,,"TANDAN SAWIT PAPUA,TANDAN SAWITA PAPUA"
PO1000011309,PT RAFI KAMAJAYA ABADI,TDM BERHAD,TDM,PT RAFI KAMAJAYA ABADI,,,Not RSPO Certified,,2020/09/01 00:00:00+00,-0.241377,111.620783,IDN,Indonesia,Kalimantan Barat,Melawi,2-High Confidence, ,,
PO1000011310,TAMIANG POM,SIME DARBY,Sime Darby Guthrie (SDGI),PT PADANG PALMA PERMAI,,,Not RSPO Certified,,2020/09/01 00:00:00+00,4.30555,98.0267,IDN,Indonesia,Aceh,Aceh Tamiang,2-High Confidence, ,,
PO1000011311,SAWIT JAYA ABADI,ASTRA AGRO LESTARI,Astra Agro Lestari (AAL),PT SAWIT JAYA ABADI,,,Not RSPO Certified,,2020/09/01 00:00:00+00,-1.9595,120.83,IDN,Indonesia,Sulawesi Tengah,Poso,1-Fully Verified, ,,
PO1000011312,TRIBUANA MAS,ASTRA AGRO LESTARI,Astra Agro Lestari (AAL),PT TRIBUANA MAS,,,Not RSPO Certified,,2020/09/01 00:00:00+00,-2.728,114.843,IDN,Indonesia,Kalimantan Selatan,Tapin,2-High Confidence, ,,
PO1000011313,BRABANTA POM,SOCFIN S.A.,SOCFIN,BRABANTA S.A.,,,RSPO Certified,"RSPO Certified, MB",2020/09/01 00:00:00+00,-4.376641,20.289561,COD,Democratic Republic of the Congo,Maï-Ndombe,Oshwe,2-High Confidence, ,,
PO1000011314,DIBOMBARI POM,SOCFIN S.A.,SOCFIN,SOCAPALM (SOCIÉTÉ CAMEROUNAISE DE PALMERAIES),,,RSPO Certified,"RSPO Certified, MB",2020/09/01 00:00:00+00,4.221521,9.607448,CMR,Cameroon,Littoral,Moungo,2-High Confidence, ,,
PO1000011315,ESEKA POM,SOCFIN S.A.,SOCFIN,SOCAPALM (SOCIÉTÉ CAMEROUNAISE DE PALMERAIES),,,RSPO Certified,"RSPO Certified, MB",2020/09/01 00:00:00+00,3.640702,10.711426,CMR,Cameroon,Centre,Nyong et Kéllé,2-High Confidence, ,,
PO1000011316,MBONGO POM,SOCFIN S.A.,SOCFIN,SOCAPALM (SOCIÉTÉ CAMEROUNAISE DE PALMERAIES),,,RSPO Certified,"RSPO Certified, MB",2020/09/01 00:00:00+00,3.865892,9.856122,CMR,Cameroon,Littoral,Sanaga Maritime,2-High Confidence, ,,
PO1000011317,KIENKE POM,SOCFIN S.A.,SOCFIN,SOCAPALM (SOCIÉTÉ CAMEROUNAISE DE PALMERAIES),,,Not RSPO Certified,,2020/09/01 00:00:00+00,2.856912,9.97636,CMR,Cameroon,Sud,Océan,2-High Confidence, ,,
PO1000011318,PKS 10,TUNAS BARU LAMPUNG,Tunas Baru Lampung,PT BUMI PERKASA GEMILANG,,,Not RSPO Certified,,2020/09/01 00:00:00+00,-0.3452,109.693,IDN,Indonesia,Kalimantan Barat,Kubu Raya,2-High Confidence, ,,
PO1000011319,SINERGI PERKEBUNAN NUSANTARA,PTPN IV,PTP Nusantara IV,PT SINERGI PERKEBUNAN NUSANTARA,,,Not RSPO Certified,,2020/09/01 00:00:00+00,-1.988699,121.012261,IDN,Indonesia,Sulawesi Tengah,Morowali,2-High Confidence, ,,
PO1000011381,GHANA POM,SOCFIN S.A.,SOCFIN,PLANTATION SOCFINAF GHANA (PSG),,,Not RSPO Certified,,2020/09/01 00:00:00+00,5.156406,-1.712786,GHA,Ghana,Western,Mpohor Wassa East,2-High Confidence, ,,"PLANTATION SOCFINAF GHANA,PLANTATION SOCFINAFGHANA"
PO1000011396,SOCFIN S.A.,SOCFIN S.A.,SOCFIN,SOCFIN S.A.,,,RSPO Certified,"RSPO Certified, MB",,0.10750000,6.60305600,STP,Sao Tome and Principe,Sao Tome,Caué,2-High Confidence,,,
PO1000011406,NABIRE MATOA,UNKNOWN,Goodhope,GOODHOPE ASIA HOLDINGS LTD.,Goodhope,,Not RSPO Certified,,2020/09/01 00:00:00+00,-3.461533,135.256064,IDN,Indonesia,Papua,Nabire,1-Fully verified, ,,"NABIRE BARU,PT NABIRE BARU - NABIRE MATOA MILL"
PO1000011477,TULIP,UNKNOWN,Eagle High Plantations (EHPT),TANDAN SAWITA PAPUA,,,Not RSPO Certified,,2020/09/01 00:00:00+00,-2.86758,140.88036,IDN,Indonesia,Papua,Desa Arso Kota,2-High Confidence, ,,
PO1000011478,SINDORA SERAYA,UNKNOWN,Sindora,SINDORA SERAYA,,,Not RSPO Certified,,2020/09/01 00:00:00+00,1.89136,100.95264,IDN,Indonesia,Riau,Rokan Hilir,2-High Confidence, ,,SINDORA SERAYA PT.
PO1000011503,GOLDTREE (S.L.) LTD,UNKNOWN,Goldtree (S.L.) Ltd,GOLDTREE (S.L.) LTD,,,Not RSPO Certified,,,7.97317600,-10.86090900,SL,Sierra Leone,Kailahun,Daru,1-Fully Verified,,,
PO1000011551,TOMÉ AÇU MILL,UNKNOWN,Belem Bioenergia Brasil (BBB),TAU BRASIL PALMA SA,,,Not RSPO Certified,,2020/09/01 00:00:00+00,-2.892,-48.274,BRA,Brazil,Pará,Tomé-Açu,2-High Confidence, ,,"TOMÉ AÇU,EXTRACTORA TOMÉ AÇU"
PO1000011552,LANGKAT MAKMUR JAYA SAWITA,UNKNOWN,,PARENTNAME IS MILLNAME,,,Not RSPO Certified,,2020/09/01 00:00:00+00,3.8779,98.340547,IDN,Indonesia,Sumatera Utara,Langkat,1-Fully verified, ,,"PT LANGKAT MAKMUR JAYA SAWITA,LANGKAT MAKMUR JAYA
SAWITA"
PO1000011553,GASING SAWIT ABADI,UNKNOWN,DUPONT & LEOSK ENTERPRISES,DUPONT & LEOSK ENTERPRISES SDN BHD,DUPONT & LEOSK ENTERPRISES,,Not RSPO Certified,,2020/09/01 00:00:00+00,-2.555194,104.767111,IDN,Indonesia,Sumatera Selatan,Banyu Asin,1-Fully verified, ,,
PO1000011554,CITRA MAHKOTA,KPN,KPN,GAMA PLANTATION / KPN CORPORATION,,,Not RSPO Certified,,2020/09/01 00:00:00+00,-0.35815,112.129314,IDN,Indonesia,Kalimantan Barat,Melawi,1-Fully verified, ,,PT.CITRA MAHKOTA
PO1000011556,MERLUNG INTI LESTARI,UNKNOWN,,MERLUNG INTI LESTARI,,,Not RSPO Certified,,2020/09/01 00:00:00+00,-1.328637,103.273717,IDN,Indonesia,Jambi,Muaro Jambi,1-Fully verified, ,,SINAR HALOMOAN
PO1000011557,SURYA SAWIT SEJAHTERA,UNKNOWN,,SURYA SAWIT SEJAHTERA,,,Not RSPO Certified,,2020/09/01 00:00:00+00,-2.59769,120.56726,IDN,Indonesia,Sulawesi Selatan,Luwu Utara,1-Fully verified, ,,
PO1000011558,KASMAR MATANO PERSADA,UNKNOWN,,KASMAR MATANO PERSADA,,,Not RSPO Certified,,2020/09/01 00:00:00+00,-2.541361,120.303444,IDN,Indonesia,Sulawesi Selatan,Luwu Utara,1-Fully verified, ,,
PO1000011591,KALINUSA RANTAU PULUNG,UNKNOWN,,KALIMANTAN AGRO NUSANTARA,,,Not RSPO Certified,,2020/09/01 00:00:00+00,0.676288,117.227312,IDN,Indonesia,Kalimatan Timur,Kabupaten Kutai Timur,1-Fully verified, ,,KALIMANTAN AGRO NUSANTARA
PO1000011790,MILL 1,KUALA LUMPUR KEPONG (KLK),KUALA LUMPUR KEPONG (KLK),KL-KEPONG (SABAH) SDN BHD,,,Not RSPO Certified,,,4.45589400,118.22230600,MYS,Malaysia,Sabah,Tawau,1-Fully Verified,,,
PO1000011910,MAHATO INTI SAWIT,UNKNOWN,Mahato Inti Sawit,MAHATO INTI SAWIT,Mahato Inti Sawit,,Not RSPO Certified,,2021/09/29 00:00:00+00,1.37365100,100.29913100,IDN,Indonesia,Riau,Rokan Hulu,1-Fully verified,,,
PO1000011911,Sawit Jaya Mandiri Lestari,UNKNOWN,Sawit Jaya Mandiri Lestari,Sawit Jaya Mandiri Lestari,,,Not RSPO Certified,,,-0.44281400,102.25637100,IDN,Indonesia,Riau,Indragiri Hulu,1-Fully verified,,,
PO1000011912,SAWIT RUPAT SEJAHTERA,UNKNOWN,,RIAU SAWIT,,,Not RSPO Certified,,,1.93470100,101.73331900,IDN,Indonesia,Riau,Bengkalis,1-Fully verified,,,
PO1000011913,PT Gunung Rijuan Sejahtera,UNKNOWN,,Multi Perkasa Sejahtera,,,Not RSPO Certified,,2021/09/29 00:00:00+00,0.36027800,109.36560600,IDN,Indonesia,Kalimantan barat,Landak,1-Fully verified,,,GUNUNG RIJUAN SEJAHTERA
PO1000011914,MAMUSI,UNKNOWN,Agumil Philippines,AGUMIL PHILIPPINES (Rimbunan Hijau Group?),Agumil Philippines,,Not RSPO Certified,,2021/09/29 00:00:00+00,-5.73055900,151.37848500,PNG,Papua New Guinea,East new britain,Bairiman,1-Fully verified,,,MAMUSI PALM OIL MILL
PO1000011915,MANAT,UNKNOWN,Agumil Philippines,AGUMIL PHILIPPINES,Agumil Philippines,,Not RSPO Certified,,2021/09/29 00:00:00+00,8.09223700,126.08462100,PHL,Philippines,Agusan del Sur,Basa,1-Fully verified,,,MANAT PALM OIL MILL
PO1000011916,Narangit,East New Britain ,East New Britain,East New Britain Palm Oil Limited (ENBPO),,,Not RSPO Certified,,2021/09/29 00:00:00+00,-4.36250000,151.95194400,PNG,Papua New Guinea,East new britain,Vunapaladig,1-Fully verified,,,
PO1000011917,Mitra Karya Sentosa Mill,,First Resources (FR),First Resources Limited,,,Not RSPO Certified,,,0.76462200,110.66843100,IDN,Indonesia,Kalimantan barat,Sanggau,1-Fully verified,,,MITRA KARYA SENTOSA
PO1000011918,ASTANA ENDAH,UNKNOWN,KILANG KELAPA SAWIT SELUMPUR,Kilang Kelapa Sawit Lekir Sdn Bhd,,,Not RSPO Certified,,2021/09/29 00:00:00+00,4.19004300,100.81370000,MYS,Malaysia,Perak,Sitiawan,1-Fully verified,,,ASTANA ENDAH PALM OIL MILL
PO1000011991,AGRO SEJAHTERA,,Asian Agri,ASIAN AGRI GROUP,,,Not RSPO Certified,,2021/09/29 00:00:00+00,-0.51619000,102.01667000,IDN,Indonesia,Riau,Indragiri Hulu,2-High Confidence,,,
PO1000011992,GIRI PURNO,UNKNOWN,Sabeni Ltd,SELARAS MITRA SARIMBA (Argyle Street),,,Not RSPO Certified,,2021/09/29 00:00:00+00,-1.40647000,102.26553000,IDN,Indonesia,Jambi,Tebo,2-High Confidence,,,"SELARAS MITRA SARIMBA,GIRI PURNO MILL"
PO1000011993,KELANTAN SAKTI,UNKNOWN,Kelantan Sakti,SSS Capital Limited,,,Not RSPO Certified,,2021/09/29 00:00:00+00,-3.50618300,104.94045600,IDN,Indonesia,Sumatera Selatan,Pedamaran,2-High Confidence,,,
PO1000011994,COOPERATIVA DE UNION DE PALMICULTORES DE LA COSTA DE CHIAPAS,UNKNOWN,,COOPERATIVA DE UNION DE PALMICULTORES DE LA COSTA DE CHIAPAS,,,Not RSPO Certified,,,15.31529000,-92.82019600,MEX,Mexico,Chiapas,Acapetahua,2-High Confidence,,,"COOPERATIVA DE UNION DE PALMICULTORES DE LA
COSTA DE CHIAPAS"
PO1000012067,UNIVANICH PALM OIL PUBLIC COMPANY LIMITED,UNKNOWN,UNIVANICH PALM OIL,UNIVANICH PALM OIL PUBLIC COMPANY LTD,,,Not RSPO Certified,,,7.32431200,100.14977400,THA,Thailand,Phattalung,Pa Bon,2-High Confidence,,,PABON
PO1000012105,SAMO,UNKNOWN,,MANUTI PALM SAMO,,,RSPO Certified,"RSPO Certified, MB",,5.22833000,-3.47944000,CIV,Côte d'Ivoire,Bonoua,Aboisso,2-High Confidence,,,
PO1000012291,THAI TALLOW AND OIL,UNKNOWN,THAI TALLOW AND OIL COMPANY LIMITED,"THAI TALLOW AND OIL CO, LTD.",,,Not RSPO Certified,,,8.08560600,100.14152500,THA,Thailand,Nakhon Si Thammarat,Chian Yai,1-Fully verified,,,THAI TALLOW SITE 3
PO1000012424,BATANG KULUR,UNKNOWN,,WIJAYA BORNEO TIGANNA,,,Not RSPO Certified,,2021/09/29 00:00:00+00,-2.84276100,116.05136000,IDN,Indonesia,Kalimantan Selatan,Kota Baru,2-High Confidence,,,WIJAYA BORNEO TIGANNA BATANG KULUR
PO1000012448,PT. LESTARI ABADI PERKASA,UNKNOWN,Musim Mas,MUSIM MAS HOLDINGS PTE. LTD.,,,RSPO Certified,"RSPO Certified, MB",,-1.72410000,110.67340000,IDN,Indonesia,Kalimantan Barat,Ketapang,2-High Confidence,,,LESTARI ABADI PERKASA
PO1000012465,BUMI MAJU SAWIT,UNKNOWN,Palm Mas Asri (PMA),PALM MAS ASRI,,,Not RSPO Certified,,2021/09/29 00:00:00+00,-2.45647800,120.94755700,IDN,Indonesia,Sulawesi Selatan,Luwu Timur,2-High Confidence,,,PT BUMI MAJU SAWIT
PO1000012525,"CHUMPHON S.P. PALM OIL CO., LTD. MILL",UNKNOWN,Chumporn Palm Oil Industry (CPI),"CHUMPHON S.P. PALM OIL CO., LTD.",,,Not RSPO Certified,,,9.74333400,99.08110900,THA,Thailand,Chumphon,Lamae,2-High Confidence,,,CHUMPHON S.P. PALM OIL CO LTD
PO1000012526,PALM THAI PATTANA MILL,UNKNOWN,,PALM THAI PATTANA COMPANY L,,,Not RSPO Certified,,,6.92746100,99.93709700,THA,Thailand,Satun,Khuan Kalong,2-High Confidence,,,THAI PALMDEVELOPMENT CO.LTD.
PO1000012582,CALARO PALM OIL MILL,UNKNOWN,Wilmar,Biase Plantations Limited,,,RSPO Certified,"RSPO Certified, MB",2021/09/29 00:00:00+00,5.290837,8.298390,NGA,Nigeria,,,2-High Confidence,,,BIASE PLANTATIONSLIMITED
PO1000012622,Palmaris Raya,Palmaris Raya,Palmaris Raya,Palmaris Raya,,,Not RSPO Certified,,2021/09/29 00:00:00+00,0.44475000,99.26050000,IDN,Indonesia,Sumatera Utara,Sinunukan,2-High Confidence,,,AIR APA
PO1000012623,Pratama Palm Abadi,UNKNOWN,ORIENTAL HOLDINGS,OBS Singapore Pte Ltd,,,Not RSPO Certified,,2021/09/29 00:00:00+00,-2.76413000,103.25555000,IDN,Indonesia,Sumatera Selatan,Musi Rawas,2-High Confidence,,,PATRAMA PALM ABADI
PO1000012638,KWAEBIBIREM,UNKNOWN,,PSI PALM OIL,,,Not RSPO Certified,,,6.21980600,-0.84353400,GHA,Ghana,Eastern,Kwaebibirem,2-High Confidence,,,
PO1000012639,KAB K VENTURES,UNKNOWN,,GHANAIAN,,,Not RSPO Certified,,,7.71777800,0.53500000,GHA,Ghana,Kadjebi District,Ahamasu,2-High Confidence,,,VOLTA RED LTD
PO1000012640,ASSIN OIL MILLS,UNKNOWN,,GHANAIAN,,,Not RSPO Certified,,,5.84704400,-1.32944800,GHA,Ghana,Assin North,Obuahun,2-High Confidence,,,
PO1000012842,PRIMA,,IJM,IJM,,,Not RSPO Certified,,2021/09/29 00:00:00+00,2.67217000,117.74580000,IDN,Indonesia,Kalimantan Timur,Bulungan,2-High Confidence,,,PRIMA MILL
PO1000012843,SETIA AGRINDO MANDIRI MILL,First Resources,First Resources (FR),PT SETIA AGRINDO MANDIRI,,,Not RSPO Certified,,,-0.43360200,102.96604000,IDN,Indonesia,Riau,Indragiri Hilir,2-High Confidence,,,
PO1000012844,SAWIT INTI RAYA,,Sawit Inti Raya,SAWIT INTI RAYA,,,Not RSPO Certified,,2021/09/29 00:00:00+00,-0.45576000,102.16895000,IDN,Indonesia,Riau,Indragiri Hulu,2-High Confidence,,,
PO1000012845,SANLING SAWIT SEJAHTERA,UNKNOWN,PTPN III,PT SANLING SAWIT SEJAHTERA,,,Not RSPO Certified,,,-0.37911000,102.16367000,IDN,Indonesia,Riau,Indragiri Hulu,2-High Confidence,,,SANLING SAWIT SEJATERA
PO1000012846,Citra Agro Kencana,,First Resources (FR),First Resources,,,Not RSPO Certified,,,-0.47224900,115.59339000,IDN,Indonesia,Kalimantan Timur,Kutai Barat,2-High Confidence,,,CITRA AGRO KENCANA MILL
PO1000012847,RAHAYU,UNKNOWN,MP EVANS,MP EVANS,,,Not RSPO Certified,,,-0.20197000,116.77240000,IDN,Indonesia,Kalimantan Timur,Kutai Kartanegara,2-High Confidence,,,
PO1000012848,Arsi Griya Plantations,UNKNOWN,,ARSI Group,,,Not RSPO Certified,,2021/09/29 00:00:00+00,-2.85770000,104.94060000,IDN,Indonesia,Sumatera Selatan,Banyu Asin,2-High Confidence,,,
PO1000012849,PALMA BUMI LESTARI,UNKNOWN,DHARMA AGUNG WIJAYA (DAW),PALMA BUMI LESTARI ,,,Not RSPO Certified,,,0.47690000,110.06280000,IDN,Indonesia,Kalimantan Barat,Landak,2-High Confidence,,,
PO1000012850,Giga Rokan Riau,UNKNOWN,GIGA PUTRA PERKASA,Giga Putra Perkasa,GIGA PUTRA PERKASA,,Not RSPO Certified,,2021/09/29 00:00:00+00,0.39670000,100.84100000,IDN,Indonesia,Riau,Rokan Hulu,2-High Confidence,,,
PO1000012851,BUKIT JEJER SUKSES,,Sabeni Ltd,BUKIT JEJER SUKSES,Bukit Jejer Sukses,,Not RSPO Certified,,2021/09/29 00:00:00+00,-2.29230000,121.79167000,IDN,Indonesia,Sulawesi Tengah,Morowali,2-High Confidence,,,
PO1000012852,YUNI BERSAUDARA SEJAHTERA,UNKNOWN,,YUNI BERSAUDARA SEJAHTERA,,,Not RSPO Certified,,,-0.02652000,101.18978000,IDN,Indonesia,Riau,Kampar,2-High Confidence,,,
PO1000013228,DOLA CPO,UNKNOWN,,OLAM PALM GABON SA,,,RSPO Certified,"RSPO Certified, IP",,-2.1664440,11.1778000,GAB,Gabon,Nanga,Dola,2-High Confidence,,,
PO1000013408,Kenari,UNKNOWN,GAR,Bangun Nusa Mandiri,,,Not RSPO Certified,,2021/09/29 00:00:00+00,-2.16516000,110.92084000,IDN,Indonesia,Kalimantan Barat,Ketapang,2-High Confidence,,,BANGUNG NUSA MANDIRI KENARI
PO1000013486,KASIH AGRO MANDIRI,UNKNOWN,,UNKNOWN,,,Not RSPO Certified,,,-2.84378000,104.33381000,IDN,Indonesia,Sumatera Salatan,Banyu Asin,1-Fully Verified,,,
PO1000013495,MUARA SAWIT LESTARI,UNKNOWN,DHARMA AGUNG WIJAYA (DAW),MUARA SAWIT LESTARI,,,Not RSPO Certified,,,-2.27866000,101.16360000,IDN,Indonesia,Sumatera Barat,Pesisir selatan,1-Fully Verified,,,
PO1000013497,AGRO ABADI CEMERLANG,UNKNOWN,Genting,GENTING PLANTATIONS BERHAD,,,Not RSPO Certified,,,-0.33938000,110.18980000,IDN,Indonesia,Kalimantan Barat,Sanggau,2-High Confidence,,,
PO1000013498,Batu Mas Sejahtera,Goodhope,Goodhope,Goodhope,,,Not RSPO Certified,,,-1.01377000,110.52990000,IDN,Indonesia,Kalimantan Barat,Ketapang,1-Fully Verified,,,
PO1000013499,KAYAN PLANTATION,UNKNOWN,Kayan Plantation,UNKNOWN,,,Not RSPO Certified,,,2.68407700,117.60660000,IDN,Indonesia,Kalimantan Timur,Bulungan,2-High Confidence,,,
PO1000013512,MENTHOBI MAKMUR LESTARI,UNKNOWN,,UNKNOWN,,,Not RSPO Certified,,,-2.24908100,111.43056300,IDN,Indonesia,Kalimantan Tengah,Lamandau,1-Fully Verified,,,
PO1000013517,BIYU IYAS MALELA,UNKNOWN,,BIYU IYAS MALELA,,,Not RSPO Certified,,,3.28111100,99.28938800,IDN,Indonesia,Sumatera Utara,Batu Bara,3-Low Confidence,,,
PO1000013712,OKOMU POM 2,SOCFIN S.A.,SOCFIN,OKOMU OIL PALM COMPANY PLC,,,Not RSPO Certified,,2020/09/01 00:00:00+00,6.673656,5.809642,NGA,Nigeria,Edo,Uhunmwonde,3-Low Confidence, ,,"THE OKOMU OILPALM COMPANYPLC,THE OKOMU OIL PALM
COMPANY PLC"
PO1000013772,ACEITES CA,UNKNOWN,,ACEITES CA,,,Not RSPO Certified,,,9.00176200,-71.98279600,VEN,Venezuela,Zulia,La Cordillera,2-High Confidence,,,
PO1000013774,Palmar El Quitebe,UNKNOWN,,Palmar El Quitebe S.A.S.,,,Not RSPO Certified,,2021/09/29 00:00:00+00,5.54379300,-71.98016400,COL,Colombia,Casanare,Nunchía,2-High Confidence,,,
PO1000013776,INVERSIONES EL PALMERAL,UNKNOWN,,INVERSIONES EL PALMERAL,,,Not RSPO Certified,,,9.01013300,-71.89043400,VEN,Venezuela,Zulia,Santa Bárbara de Zulia,2-High Confidence,,,
PO1000013777,Perkebunan Sumatera Utara (Simpang Gambir),UNKNOWN,,Perkebunan Sumatera Utara,,,Not RSPO Certified,,2021/09/29 00:00:00+00,0.59583000,99.30000300,IDN,Indonesia,Sumatera Utara,Mandailing Natal,1-Fully Verified,,,
PO1000013778,Balam Berlian Sawit,UNKNOWN,,Balam Berlian Sawit,,,Not RSPO Certified,,2021/09/29 00:00:00+00,1.67759000,100.80812000,IDN,Indonesia,Riau,Rokan Hilir,2-High Confidence,,,
PO1000013779,Perawang Agro Sejahtera,UNKNOWN,,Perawang Agro Sejahtera,,,Not RSPO Certified,,2021/09/29 00:00:00+00,0.59747200,101.62136100,IDN,Indonesia,Riau,Siak,2-High Confidence,,,PERAWAN AGRO SEJAHTERA
PO1000013780,SUKSES MAJU ABADI,UNKNOWN,Incasi Raya Group (IRG),SUKSES MAJU ABADI,,,Not RSPO Certified,,,-1.63327700,101.69477800,IDN,Indonesia,Jambi,Bungo,3-Low Confidence,,,
PO1000013829,SUNGAI KEDANG,UNKNOWN,THA,HARAPAN RIMBA RAYA,,,Not RSPO Certified,,,-0.65852400,115.49652800,IDN,Indonesia,Kalimantan Barat,Kutai Barat,1-Fully Verified,,,
PO1000013836,FAJAR AGRO SAWIT,UNKNOWN,,FAJAR AGRO SAWIT,,,Not RSPO Certified,,,3.49985700,98.30626400,IDN,Indonesia,Sumatera Utara,Langkat,1-Fully Verified,,,
PO1000013837,Karya Makmur Abadi,UNKNOWN,KUALA LUMPUR KEPONG (KLK),Kuala Lumpur Kepong,KUALA LUMPUR KEPONG (KLK),,Not RSPO Certified,,2021/09/29 00:00:00+00,-1.95718000,111.49822000,IDN,Indonesia,Kalimantan Tengah,Lamandau,2-High Confidence,,,
PO1000013838,Mutiara Hijau Lestari,UNKNOWN,Mutiara Hijau Lestari,Mutiara Hijau Lestari,Mutiara Hijau Lestari,,Not RSPO Certified,,2021/09/29 00:00:00+00,-2.58202400,106.24468500,IDN,Indonesia,Bangka Tengah,Guntung,2-High Confidence,,,
PO1000013868,PUTRA BONGAN JAYA,UNKNOWN,KUALA LUMPUR KEPONG (KLK),KUALA LUMPUR KEPONG BHD,,,Not RSPO Certified,,,-0.66961000,116.33178600,IDN,Indonesia,Kalimantan Timur,Kutai Barat,1-Fully Verified,,,
PO1000013886,DUA SAMARU PUTRA MANDIRI,UNKNOWN,,DUA SEMERU PUTRA MANDIRI,,,Not RSPO Certified,,,-2.28748400,102.67625400,IDN,Indonesia,Jambi,Bernai,2-High Confidence,,,
PO1000013887,PUTERA BANGKA TANI,UNKNOWN,,PUTERA BANGKA TANI,,,Not RSPO Certified,,,-2.35527700,106.20916000,IDN,Indonesia,Bangka Tengah,Belilik,2-High Confidence,,,
PO1000013888,KURNIA PALMA AGUNG LESTARI,UNKNOWN,,KURNIA PALMA AGUNG LESTARI,,,Not RSPO Certified,,,-1.79040500,102.25933100,IDN,Indonesia,Jambi,Koto Rayo,2-High Confidence,,,
PO1000013889,PANCA MITRA KATINGAN,UNKNOWN,DHARMA AGUNG WIJAYA (DAW),PANCA MITRA KATINGAN,,,Not RSPO Certified,,,-1.69831600,113.13913100,IDN,Indonesia,Kalimantan Tengah,Kabupaten Katingan,2-High Confidence,,,
PO1000013890,DINAMIKA PRIMA ARTHA,UNKNOWN,Palm Mas Asri (PMA),PALM MAS ASRI,,,Not RSPO Certified,,,0.66561100,117.39177800,IDN,Indonesia,Kalimantan Timur,Kutai Timur,2-High Confidence,,,
PO1000013891,WAHANA PLANTATION & PRODUCTS,UNKNOWN,TANJUNG RHU PLANTATION,TIANJIN JULONG,,,Not RSPO Certified,,,0.01184000,111.55973000,IDN,Indonesia,Kalimantan Barat,Sintang,2-High Confidence,,,PT WAHANA PLANTATION AND PRODUCT
PO1000013892,Oleaginosas Del Norte De Santander,UNKNOWN,C.I BIOCOSTA,Oleonorte S.A.S.,,,Not RSPO Certified,,2021/09/29 00:00:00+00,8.20142600,-72.55128300,COL,Colombia,Norte de Santander,El Zulia,2-High Confidence,,,
PO1000014117,PALMERAS DEL LLANO,UNKNOWN,Palmeras del Llano,PALMERAS DEL LLANO S.A.,,,Not RSPO Certified,,,3.96098300,-73.62776400,COL,Colombia,Meta,Acacías,2-High Confidence,,,
PO1000014159,Mitra Saudara Lestari,UNKNOWN,KSK,Kalimantan Sawit Kusuma,KSK,,Not RSPO Certified,,2021/09/29 00:00:00+00,-2.58027000,111.02250000,IDN,Indonesia,Kalimantan Barat,Ketapang,2-High Confidence,,,
PO1000014162,Parma Darma Global Sawit,UNKNOWN,,Parma Darma Global Sawit,,,Not RSPO Certified,,2021/09/29 00:00:00+00,-2.54139000,120.41190000,IDN,Indonesia,Sulawesi Selatan,Luwu Utara,2-High Confidence,,,
PO1000014163,Berkat Cipta Abadi,UNKNOWN,Korindo,Berkat Cipta Abadi,,,Not RSPO Certified,,2021/09/29 00:00:00+00,-6.85650500,140.51354200,IDN,Indonesia,Papua,Boven Digoel,2-High Confidence,,,
PO1000014164,GAWI BAHANDEP SAWIT MEKAR 2,UNKNOWN,TAP,GAWI BAHANDEP SAWIT MEKAR 2,,,Not RSPO Certified,,2021/09/29 00:00:00+00,-2.88504600,112.40760400,IDN,Indonesia,Kalimantan Tengah,Seruyan,2-High Confidence,,,
PO1000014165,PKS PUMAKAN,UNKNOWN,PTPN III,PT Perkebunan Nusantara XIII (Pamukan),,,Not RSPO Certified,,2021/09/29 00:00:00+00,-2.686770,116.203424,IDN,Indonesia,Kalimantan Selatan,Kota Baru,2-High Confidence,,,
PO1000014166,Vanimo Green Mill,,BOPPL,BEWANI OIL PALM PLANTATIONS LTD,,,Not RSPO Certified,,,-2.91907400,141.43305800,PNG,Papua New Guinea,Sanduan,Imbio,2-High Confidence,,,
PO1000014167,OCHO SUR,,Ocho Sur,Northern Ocho Sur (formerly Melka) plantation,,,Not RSPO Certified,,,-8.18389500,-74.92550200,PER,Peru,Uyacali,Nueva Requena,2-High Confidence,,,
PO1000014168,PT Gelora Mandiri Membangun,UNKNOWN,Korindo,PT Gelora Mandiri Membangun,,,Not RSPO Certified,,,-0.78673200,128.27790000,IDN,Indonesia,Maluku Utara,Halmahera Selatan,2-High Confidence,,,
PO1000014169,Ichiko Agro Lestari,UNKNOWN,Mandosawu Putratama Sakti,Ichiko Agro Lestari,,,Not RSPO Certified,,,-0.50309800,109.48576700,IDN,Indonesia,Kalimantan Barat,Kubu Raya,2-High Confidence,,,
PO1000014170,PT Bumi Mas Agro ,UNKNOWN,MP EVANS,PT Bumi Mas Agro ,,,Not RSPO Certified,,,0.88446800,118.40262100,IDN,Indonesia,Kalimantan Timur,Kutai Timur,2-High Confidence,,,
PO1000014171,Mulia Inti Perkasa,UNKNOWN,Mulia Inti Perkasa,Mulia Inti Perkasa ,Mulia Inti Perkasa,,Not RSPO Certified,,,2.29318900,116.90868600,IDN,Indonesia,Kalimantan Timur,Berau,2-High Confidence,,,
PO1000014172,EXTRACTORA EL ESTERO,UNKNOWN,Extractora El Estereo,EXTRACTORA EL ESTERO,Extractora El Estereo,,Not RSPO Certified,,,4.60858400,-72.27212200,COL,Colombia,Casanare,Maní,2-High Confidence,,,
PO1000014173,PKS PT. SATYA AGUNG,UNKNOWN,PKS Satya Agung,PT. SATYA AGUNG,,,Not RSPO Certified,,2021/09/29 00:00:00+00,5.012490,97.105192,IDN,Indonesia,Aceh,Kabupaten Aceh Utara,2-High Confidence,,,
PO1000014174,PKS TAPIN BINI MILL,Sawit Mandiri Lestari,Metro Jaya Lestari,PT Sawit Mandiri Lestari,,,Not RSPO Certified,,2021/09/29 00:00:00+00,-1.912948,111.211934,IDN,Indonesia,,,2-High Confidence,,,
PO1000014175,YUZANA,UNKNOWN,,YUZANA COMPANY LTD ,,,Not RSPO Certified,,2021/09/29 00:00:00+00,10.410228,98.618752,MMR,Myanmar,Khamaukgyi,Aw Gyi,2-High Confidence,,,
PO1000014176,MEJANG INDAR MILL,UNKNOWN,Palma Serasih Group (PSG),Nusantara Agro Sentosa,,,Not RSPO Certified,,2021/09/29 00:00:00+00,1.30559200,116.90712700,IDN,Indonesia,Kalimantan Timur,Kutai Timur,2-High Confidence,,,
PO1000014222,AIR KAMPAR,UNKNOWN,,AIR KAMPAR,,,Not RSPO Certified,,,0.42413900,101.18386100,IDN,Indonesia,Riau,Kampar,2-High Confidence,,,
PO1000014223,TEGUH WIRA PRATAMA,UNKNOWN,PT Indograha Mandiri,UNKNOWN,,,Not RSPO Certified,,,-2.58723500,120.93180800,IDN,Indonesia,Sulawesi Selatan,Luwu Timur,2-High Confidence,,,
PO1000014224,BUMI ANUGERAH SAWIT,UNKNOWN,DHARMA AGUNG WIJAYA (DAW),UNKNOWN,,,Not RSPO Certified,,,-3.36815900,101.90017600,IDN,Indonesia,Bengkulu,Bengkulu Utara,2-High Confidence,,,
PO1000014225,HANAU PANEN RAYA SEJAHTERA,UNKNOWN,DHARMA AGUNG WIJAYA (DAW),UNKNOWN,,,Not RSPO Certified,,,-2.36391000,112.14484300,IDN,Indonesia,Kalimantan Tengah,Seruyan,2-High Confidence,,,
PO1000014226,MITRA AGRO SEMBADA,MITRA AGRO SEMBADA,MITRA AGRO SEMBADA,UNKNOWN,,,Not RSPO Certified,,,-2.03808900,105.89736500,IDN,Indonesia,Bangka Belitung,Bangka,2-High Confidence,,,
PO1000014227,PAYUNG MITRAJAYA MANDIRI,UNKNOWN,Mitrajaya,UNKNOWN,,,Not RSPO Certified,,,-1.91937000,105.70951000,IDN,Indonesia,Bangka Belitung,Bangka,2-High Confidence,,,
PO1000014228,INDEPAL,Industria De Aceite De Palma Y Derivados ,Ucayali S.A.,UNKNOWN,,,Not RSPO Certified,,,-8.67610700,-74.98481100,PER,Peru,Uyacali,Neshuya,2-High Confidence,,,
PO1000014229,ANUGERAH AGUNG PRIMA ABADI,UNKNOWN,Triputra,TRIPUTRA AGRO,,,Not RSPO Certified,,,1.53974000,117.18926000,IDN,Indonesia,Kalimantan Timur,Berau,2-High Confidence,,,
PO1000014230,MON JAMBEE,UNKNOWN,,UNKNOWN,,,Not RSPO Certified,,,3.93105000,96.66125000,IDN,Indonesia,Aceh,Nagan Raya,2-High Confidence,,,
PO1000014231,Sumber Hasil Prima,UNKNOWN,Goodhope,UNKNOWN,,,Not RSPO Certified,,,-0.29776700,112.43727500,IDN,Indonesia,Kalimantan Barat,Sintang,2-High Confidence,,,SINTANG MILL
PO1000014232,SALAPIAN INDO SAWIT,UNKNOWN,,UNKNOWN,,,Not RSPO Certified,,,3.45949000,98.31296000,IDN,Indonesia,Sumatera Utara,Langkat,2-High Confidence,,,
PO1000014233,BANGKA AGRO MANDIRI,UNKNOWN,,UNKNOWN,,,Not RSPO Certified,,,-2.34639900,106.10557400,IDN,Indonesia,Bangka Tengah,Puput,2-High Confidence,,,
PO1000014234,BUMI TATA LESTARI,UNKNOWN,Agrina Sawit Perdana (ASP),UNKNOWN,,,Not RSPO Certified,,,0.79233300,110.70869400,IDN,Indonesia,Kalimantan Barat,Sanggau,2-High Confidence,,,
PO1000014235,KARYASUKSES UTAMAPRIMA (SERET AYON),STA Group,STA,UNKNOWN,,,Not RSPO Certified,,,1.03805500,109.30805000,IDN,Indonesia,Kalimantan Barat,Bengkayang,2-High Confidence,,,
PO1000014236,NUNUKAN BARA SUKSES,Pipit,Pipit Group,UNKNOWN,,,Not RSPO Certified,,,3.99934100,116.81878600,IDN,Indonesia,Kalimantan Timur,Nunukan,2-High Confidence,,,
PO1000014237,FENYEN AGRO LESTARI,UNKNOWN,,UNKNOWN,,,Not RSPO Certified,,,-1.80854900,105.97655700,IDN,Indonesia,Bangka Belitung,Bangka,2-High Confidence,,,
PO1000014289,BUGAK PALMA SEJAHTERA,UNKNOWN,,UNKNOWN,,,Not RSPO Certified,,,4.89375800,97.56570600,IDN,Indonesia,Aceh,Aceh Timur,1-Fully verified,,,
PO1000014290,SEURAMOE AGRO PERSADA,UNKNOWN,,UNKNOWN,,,Not RSPO Certified,,,4.94060000,97.40880000,IDN,Indonesia,Aceh,Kabupaten Aceh Utara,1-Fully verified,,,
PO1000014292,MUSTIKA AGUNG SENTOSA,UNKNOWN,Mukti Group,UNKNOWN,,,Not RSPO Certified,,,-0.50002000,110.35810000,IDN,Indonesia,Kalimantan Barat,Ketapang,1-Fully verified,,,
PO1000014293,PT. INTI INDOSAWIT SUBUR,UNKNOWN,,UNKNOWN,,,Not RSPO Certified,,,0.02615900,102.12075700,IDN,Indonesia,Riau,Pelalawan,2-High Confidence,,,PANGKALAN LESUNG
PO1000014294,INTI MITRA SAWIT LESTARI,UNKNOWN,,UNKNOWN,,,Not RSPO Certified,,,4.05600000,98.12820000,IDN,Indonesia,Sumatera Utara,Langkat,2-High Confidence,,,
PO1000014589,CAHAYA AGRO SAWITA SEJAHTERA,UNKNOWN,,UNKNOWN,,,Not RSPO Certified,,,4.05198000,98.13399800,IDN,Indonesia,Sumatera Utara,Langkat,2-High Confidence,,,
PO1000014590,ANDERSON UNEDO,UNKNOWN,PTPN III,UNKNOWN,,,Not RSPO Certified,,,0.66459100,101.08230500,IDN,Indonesia,Riau,Kampar,1-Fully verified,,,
PO1000014591,GELUMBANG AGRO SENTOSA,UNKNOWN,,UNKNOWN,,,Not RSPO Certified,,,-3.22848000,104.46715800,IDN,Indonesia,Sumatera Selatan,Muara Enim,1-Fully verified,,,
PO1000014618,PT DHARMA INTISAWTI NUGRAHA (PKS11),UNKNOWN,,PT. DHARMA SATYA NUSANTARA,,,RSPO Certified,"RSPO Certified, IP",,1.25572400,116.88222400,IND,Indonesia,Kalimatan Timur,Kutai Timur,2-High Confidence,,,
PO1000014620,MITRA UTAMA BINTANG,UNKNOWN,PT Indograha Mandiri,UNKNOWN,,,Not RSPO Certified,,,1.29026500,109.38601200,IDN,Indonesia,Kalimantan Barat,Sambas,1-Fully verified,,,
PO1000014622,PERSADA KARYA SAWIT,UNKNOWN,PT Indograha Mandiri,UNKNOWN,,,Not RSPO Certified,,,-0.32012200,116.68320100,IDN,Indonesia, Kalimantan Timur ,Kutai Kartanegara,1-Fully verified,,,
PO1000014623,KARYA SAMO MAS,UNKNOWN,,UNKNOWN,,,Not RSPO Certified,,,0.79277000,100.47295000,IDN,Indonesia,Riau,Kabupaten Rokan Hulu,2-High Confidence,,,
PO1000014624,SIANIPAR INTEGRITAS AGRINDO,SIANIPAR INTEGRITAS AGRINDO,SIANIPAR INTEGRITAS AGRINDO,UNKNOWN,,,Not RSPO Certified,,,1.53850000,100.43408000,IDN,Indonesia,Riau,Kabupaten Rokan Hilir,2-High Confidence,,,
PO1000014625,RIAU ANUGERAH SENTOSA,UNKNOWN,,UNKNOWN,,,Not RSPO Certified,,,1.08289200,100.81761400,IDN,Indonesia,Riau,Rokan Hulu,2-High Confidence,,,
PO1000014634,MANO PALM OIL MILL ,UNKNOWN,Mano Palm Oil Industries,MANO PALM OIL INDUSTRIES,,,Not RSPO Certified,,,6.73957000,-10.99222300,,Liberia,Grand Cape Mount,Garwula,1-Fully Verified,,,
PO1000014635,BANYAN TUMBUH LESTARI,UNKNOWN,Provident Agro,PROVIDENT AGRO,,,Not RSPO Certified,,,0.70035800,121.47929800,IND,Indonesia,Gorontalo,Pohuwato,1-Fully Verified,,,
PO1000014636,PT ANUGERAH LANGKAT MAKMUR 2,UNKNOWN,Alam Group,ALAM GROUP,,,Not RSPO Certified,,,1.00701500,99.01830400,IND,Indonesia,Sumatera Utara,Mandailing Natal,1-Fully Verified,,,
PO1000014637,SUMBER SAWIT MITRAJAYA,UNKNOWN,Mitra Jaya Group,MITRA JAYA GROUP,,,Not RSPO Certified,,,-0.20674500,115.98517800,IND,Indonesia,Kalimatan Timur,Sebelang,1-Fully Verified,,,
PO1000014638,Tarjuowon ,GVL,Golden Veroleum (Liberia) (GVL),GVL,,,Not RSPO Certified,,,5.43470600,-9.00596700,,Liberia,Bosma Town,Kulu Shaw Boe,1-Fully Verified,,CPO,
PO1000014639,Harapan Hibrida Kalbar (Sungai Jelai Estate),,Union Sampoerna Triputra Persada (USTP),UNION SAMPOERNA TRIPUTRA PERSADA (USTP),,,Not RSPO Certified,,,-2.52748100,111.11243200,IND,Indonesia,Kalimatan Barat,Sukamara,1-Fully Verified,,,
PO1000014640,PILAR WANAPERSADA,UNKNOWN,Dharma Satya Nusantara (DSN),DHARMA SATYA NUSANTARA (DSN),,,Not RSPO Certified,,,-2.01289400,111.37454700,IND,Indonesia,Kalimantan Tengah,Lamandau,1-Fully Verified,,,
PO1000014641,DONGIN PRABHAWA,UNKNOWN,Korindo,KORINDO,,,Not RSPO Certified,,,-7.38702500,139.73248800,IND,Indonesia,Papua,Mappi,1-Fully Verified,,,
PO1000014950,BETAMI,UNKNOWN,,BETAMI,,,Not RSPO Certified,,,4.28544400,98.09850000,IND,Indonesia,Aceh,Kabupaten Aceh Tamiang,2-High Confidence,,,
PO1000014951,HATONDUHAN DEARMA SAWITA,UNKNOWN,,HATONDUHAN DEARMA SAWITA,,,Not RSPO Certified,,,2.80650000,99.19394400,IND,Indonesia,Sumatera Utara,Simalungun,3-Low Confidence,,,
PO1000014952,SIRATA RATA ALAS TONGA,UNKNOWN,,SINTONG ABADI,,,Not RSPO Certified,,,2.26666000,99.62423300,IND,Indonesia,Sumatera Utara,Labuhanbatu Utara,2-High Confidence,,,
PO1000014953,KARYA PANEN TERUS,UNKNOWN,KARYA PANEN TERUS,KARYA PANEN TERUS,,,Not RSPO Certified,,,-0.01252000,102.36114000,IND,Indonesia,Riau,Pelalawan,2-High Confidence,,,
PO1000014954,ASIA ARTHA PERKASA,UNKNOWN,,MITRA PATI MAS,,,Not RSPO Certified,,,-4.85765000,105.42181000,IND,Indonesia,Lampung,Lampung Tengah,1-Fully Verified,,,
PO1000014955,ACEH TRUMON ANUGERAH KITA,PT Aceh Trumon Anugerah Kita (PT ATAK),PT Aceh Trumon Anugerah Kita (PT ATAK),ACEH TRUMON ANUGERAH KITA,,,Not RSPO Certified,,,2.85944400,97.78916700,IND,Indonesia,Aceh,Kabupaten Aceh,2-High Confidence,,,
PO1000014956,PALMA SUMBER LESTARI,UNKNOWN,PT Indograha Mandiri,PALMA SUMBER LESTARI,,,Not RSPO Certified,,,-1.58426300,119.35971000,IND,Indonesia,Sulawesi Barat,Pasangkayu,1-Fully Verified,,,
PO1000014957,BRAU AGRO ASIA,UNKNOWN,PT Indograha Mandiri,BRAU AGRO ASIA,,,Not RSPO Certified,,,2.12018000,117.09121000,IND,Indonesia,Kalimantan Oriental,Berau Regency,2-High Confidence,,,
PO1000014958,SAWIT NUSANTARA INDONESIA,UNKNOWN,PT Indograha Mandiri,SAWIT NUSANTARA INDONESIA,,,Not RSPO Certified,,,-3.46348100,103.05186400,IND,Indonesia,Sumatera selatan,Empat Lawang,2-High Confidence,,,
PO1000014959,SUKSES INTI PALMA,UNKNOWN,PT Indograha Mandiri,SUKSES INTI PALMA,,,Not RSPO Certified,,,-1.88903400,103.51399500,IND,Indonesia,Jambi,Muaro Jambi,2-High Confidence,,,
PO1000015133,PROLADE COMERCIALIZADORA S.A. DE CV,UNKNOWN,,PROLADE,,,Not RSPO Certified,,,17.75989700,-93.65153300,MEX,Mexico,Tabasco,Huimanguillo,2-High Confidence,,,
PO1000015291,KENCANA AGRO SEJAHTERA,UNKNOWN,,GENK AGRO MAS,,,Not RSPO Certified,,,1.37624000,100.32692000,IND,Indonesia,Riau,Rokan Hulu,2-High Confidence,,,
PO1000015292,BARU (PRB),UNKNOWN,,PUSAKAMEGAH BUMINUSANTARA (PRB)PUSAKAMEGAH,,,Not RSPO Certified,,,0.40851000,101.76700700,IND,Indonesia,Riau,Pelalawan,2-High Confidence,,,
PO1000015293,UTAMA AGRINDO MAS,UNKNOWN,SINAR JAYA AGRO INVESTAMA (SJAI),SINAR JAYA AGRO INVESTAMA,,,Not RSPO Certified,,,-3.97269400,122.27558300,IND,Indonesia,Konawe Selatan,Pondidaha,2-High Confidence,,,
PO1000015294,TANI PRIMA MAKMUR,UNKNOWN,,TANI PRIMA MAKMUR,,,Not RSPO Certified,,,-3.76479400,122.07031400,IND,Indonesia,Konawe Selatan,Anggaberi,2-High Confidence,,,
PO1000015295,AGRINDO SAWIT PERKASA,UNKNOWN,,AGRINDO SAWIT PERKASA,,,Not RSPO Certified,,,1.81029000,100.15117400,IND,Indonesia,Sumatera Utara,Labuhanbatu Selatan,2-High Confidence,,,
PO1000015296,PT. MENARA SENTRA REJEKI (MSR),UNKNOWN,,PT. MENARA SENTRA REJEKI (MSR),,,Not RSPO Certified,,,-2.00197600,103.68346400,IND,Indonesia,Sumatera Selatan,Musi Banyuasin,2-High Confidence,,,
PO1000015297,BANYUASIN SAWIT LESTARI,UNKNOWN,,PT BANYUASIN SAWIT LESTARI,,,Not RSPO Certified,,,-2.59694400,104.36661100,IND,Indonesia,Sumatera Selatan,Banyuasin,2-High Confidence,,,
PO1000015298,BUMI TAMIANG SENTOSA,UNKNOWN,,BUMI TAMIANG SENTOSA,,,Not RSPO Certified,,,4.15290000,97.97290000,IND,Indonesia,Aceh,Kabupaten Aceh,2-High Confidence,,,
PO1000015299,MENTARI SAWIT MAKMUR,UNKNOWN,,MENTARI SAWIT MAKMUR,,,Not RSPO Certified,,,-2.61430000,106.33520000,IND,Indonesia,Bangka Belitung,Ranggas,2-High Confidence,,,
PO1000015300,BATU GUNUNG MULIA PUTRA AGRO,UNKNOWN,,BATU GUNUNG MULIA PUTRA AGRO,,,Not RSPO Certified,,,-3.90280000,114.84190000,IND,Indonesia,Kalimantan Selatan,Tanah Laut,2-High Confidence,,,
PO1000015586,MERBAU JAYA INDAH RAYA,UNKNOWN,,PALM MAS ASRI             ,,,Not RSPO Certified,,,-4.33620000,122.44004000,IND,Indonesia,Sulawesi Tenggara,Konawe Selatan,2-High Confidence,,,
PO1000015587,KAMPAR ALAM MAS INTI,UNKNOWN,,KAMPAR ALAM MAS INTI,,,Not RSPO Certified,,,0.56617500,101.16960000,IND,Indonesia,Riau,Kampar,2-High Confidence,,,
PO1000015735,"Suksomboon Palm Oil Phang-nga.,Co.Ltd.",,SUKSOMBOON GROUP,,,,Not RSPO Certified,,,9.09039200,98.44654500,THA,Thailand,Phangnga,Khura Buri,2-High Confidence,,,
PO1000015778,"SRIJAROEN PALM OIL CO.,LTD. 2",UNKNOWN,,"SRIJAROEN PALM OIL CO.,LTD",,,Not RSPO Certified,,,10.19119000,99.09765000,THA,Thailand,Chumphon,Sawi,1-Fully Verified,,,
PO1000015788,"SRIJAROEN PALM OIL CO.,LTD. 2",UNKNOWN,,"SRIJAROEN PALM OIL CO.,LTD",,,RSPO Certified,"RSPO Certified, MB",,10.19119000,99.09765000,THA,Thailand,Chumphon,Sawi,1-Fully Verified,,,
PO1000015839,KANAMIT,PT. SAWIT SUMBERMAS SARANA,Sawit Sumbermas Sarana (SSMS),PT. MENTENG KENCANA MAS,,,Not RSPO Certified,,,-2.94944400,114.18201100,IDN,Indonesia,Kalimantan Tengah,Kabupaten Pulang Pisau,2-High Confidence,,,
PO1000015868,GUNUNG ANDALAN SUKSES,UNKNOWN,PT Indograha Mandiri,GUNUNG ANDALAN SUKSES,,,Not RSPO Certified,,,-4.59107200,121.50317100,IDN,Indonesia,Bombana,Poleang Barat,2-High Confidence,,,
PO1000015869,INDAH SUBUR SAWIT,UNKNOWN,PT Indograha Mandiri,INDAH SUBUR SAWIT,,,Not RSPO Certified,,,0.52833300,109.36842200,IDN,Indonesia,Kalimatan Barat,Landak,2-High Confidence,,,
PO1000015870,PULO PADANG SAWIT PERMAI,UNKNOWN,,PULO PADANG SAWIT PERMAI,,,Not RSPO Certified,,,2.13426100,99.85717800,IDN,Indonesia,Sumatera Utara,Labuhanbatu,2-High Confidence,,,
PO1000015871,SAWIT MAKMUR PERKASA,UNKNOWN,,SAWIT MAKMUR PERKASA,,,Not RSPO Certified,,,-0.71180600,101.32511100,IDN,Indonesia,Sumatera Barat,Sijunjung,2-High Confidence,,,
PO1000015872,TARI AGRO NABATI,UNKNOWN,,TARI AGRO NABATI,,,Not RSPO Certified,,,2.39694400,99.69528000,IDN,Indonesia,Sumatera Utara,Labuhanbatu Utara,2-High Confidence,,,
PO1000015873,INDUCARIBE S.A.,UNKNOWN,,INDUCARIBE,,,Not RSPO Certified,,,12.37393900,-84.17008700,NIC,Nicaragua,Atlántico Sur,Fruta de Pan,2-High Confidence,,,
PO1000015874,SRI ULINA ERSADA KARINA,UNKNOWN,,SRI ULINA ERSADA KARINA,,,Not RSPO Certified,,,1.32290000,101.06911100,IDN,Indonesia,Riau,Bengkalis,3-Low Confidence,,,
PO1000015875,ERASAKTI WIRAFORESTAMA 4,UNKNOWN,Erasakti Wira Forestama,ERASAKTI WIRAFORESTAMA,,,Not RSPO Certified,,,-1.52919200,103.63935700,IDN,Indonesia,Jambi,Muaro Jambi,2-High Confidence,,,
PO1000015876,SAWIT SUMATERA PERKASA CV,UNKNOWN,,SAWIT SUMATERA PERKASA CV,,,Not RSPO Certified,,,2.59098060,99.67852200,IDN,Indonesia,Sumatera Utara,Asahan,2-High Confidence,,,
PO1000015878,SURYA INTI PALMOIL,UNKNOWN,,SURYA INTI PALMOIL,,,Not RSPO Certified,,,-2.46555560,112.03611100,IDN,Indonesia,Kalimantan Tengah,Kotawaringin Barat,2-High Confidence,,,
PO1000016183,KELANTAN SAKTI 2,UNKNOWN,,KELANTAN SAKTI 2,,,Not RSPO Certified,,,-4.01738400,105.07649000,IDN,Indonesia,Sumatera Selatan,Ogan Komering Ilir,2-High Confidence,,,
PO1000016184,SUMATERA PALMA ANDALAN,UNKNOWN,,SUMATERA PALMA ANDALAN,,,Not RSPO Certified,,,-2.90018100,103.30596200,IDN,Indonesia,Sumatera Selatan,Musi Rawas,2-High Confidence,,,
PO1000016373,Agri Sinar Kencana,AGRI SINAR KENCANA,,PT Agri Sinar Kencana,,,,,,3.66013700,98.5780130,,,,,,,,
PO1000016374,PMKS Agribaras,Widya Corporation (Widya Group),Widya,PT Unggul Widya Teknologi Lestari,,,,,,-1.52153000,119.434200,,Indonesia,,,,,,
PO1000016375,Agro Manunggal Selaras,UNKNOWN,Borneo Agri / Sulaidy,Borneo Citra Persada Jaya ,,,Not RSPO Certified,,2021/09/29 00:00:00+00,-0.890612,115.796434,IDN,Indonesia,Kalimantan Timur,Bentian Besar,2-High Confidence,,,
PO1000016376,Citra Sawit Indah Lestari,Jampalan Baru,,PT Citra Sawit Indah Lestari,,,,,,2.85572600,99.9085560,,,,,,,,
PO1000016377,Kenanga,M.P. Evans Group PLC,MP EVANS,PT. EVANS LESTARI,,,,,,-3.21655800,103.054934,,Indonesia,,,,,,
PO1000016378,Makin Maju,Unknown,Makin,PT. Tuahta Maju Ersada,,,,,,3.80636400,98.3694150,,Indonesia,,,,,,
PO1000016379,Palma Lestari Jaya,PALMA LESTARI JAYA,PT Indograha Mandiri,PT Palma Lestari Jaya,,,,,,1.08764000,121.350080,,Indonesia,,,,,,
PO1000016380,Pelantaran Sawit Perkasa,Bumitama,Bumitama,PT Pelantaran Sawit Perkasa,,,,,,-2.01682200,113.030514,,Indonesia,,,,,,
PO1000016381,Makmur Palma Lestari,PT. MAKMUR PALMA LESTARI,,PT MAKMUR PALMA LESTARI (MPL),,,,,,0.670425000,100.856505,,,,,,,,
PO1000016382,Sentosa Agri Prima,Tjuanta Family,,PT Sentosa Agri Prima,,,,,,-3.55874400,105.265573,,,,,,,,
PO1000016383,Sri Aman,Mr Chong Kiew Fong,,Sri Aman Resources Sdn Bhd,,,,,,1.16084600,111.603100,,,,,,,,
PO1000016384,NSUKWA,NSUKWA OIL PALM ESTATE LIMITED,,IMC PLANTATIONS LIMITED,,,Not RSPO Certified,,,6.0159170,6.4118910,NGA,Nigeria,Delta,Nsukwa,2-High Confidence,,,
PO1000016385,EXTRACTORA TULUMAYO,Industrias del Tulumayo S.A.,,PALMAS DEL ESPINO,,,,,,-8.55961400,-74.8882430,,,,,,,,
PO1000016386,A.C. GARCIA PALM OIL MILL CORP.,A.C. GARCIA PALM OIL MILL CORP.,,A.C. GARCIA PALM OIL MILL CORP.,,,Not RSPO Certified,,,6.6632700,124.6430000,PHL,Philippines,Sultan Kudarat,Baras,2-High Confidence,,,
PO1000016387,PPP GREEN COMPLEX MILL,"PPP GREEN COMPLEX CO.,LTD.",,"PPP GREEN COMPLEX CO.,LTD.",,,Not RSPO Certified,,,11.0495950,99.3759060,THA,Thailand,Prachuap Khiri Khan,Chang Raek,2-High Confidence,,,
PO1000016533,BINA AGRO TANI,Unknown,PT Indograha Mandiri,BINA AGRO TANI,,,,,,-2.80677488,107.805153,,,,,,,,
PO1000016534,Jalin Vaneo,Pasifik Agro Sentosa (PAS),PASIFIK AGRO SENTOSA (PAS),PT Jalin Vaneo,,,,,,-0.992840000,110.181400,,Indonesia,,,,,,
PO1000016535,KEDAP SAYAAQ DUA,UNKNOWN,,UNKNOWN,,,Not RSPO Certified,,,-0.2532500,115.9768800,IDN,Indonesia,Kalimantan Timur,Sebelang,2-High Confidence,,,
PO1000016536,LOKA INDAH LESTARI,UNKNOWN,,UNKNOWN,,,Not RSPO Certified,,,0.7425990,121.2861000,IDN,Indonesia,Gorontalo,Popayato Barat,2-High Confidence,,,
PO1000016537,MANDIRI PALMERA AGRINDO,UNKNOWN,,UNKNOWN,,,Not RSPO Certified,,,-2.5188330,120.7611100,IDN,Indonesia,Sulawesi Selatan,Luwu Timur,2-High Confidence,,,
PO1000016538,PERMATA TIMUR LESTARI,UNKNOWN,PT Indograha Mandiri,UNKNOWN,,,Not RSPO Certified,,,-1.9576790,113.1013600,IDN,Indonesia,Kalimantan Tengah,Kotawaringin Timur,2-High Confidence,,,
PO1000016539,SAMIRA MAKMUR SEJAHTERA,UNKNOWN,,UNKNOWN,,,Not RSPO Certified,,,3.7681719,96.7321780,IDN,Indonesia,Aceh,Aceh Barat Daya,2-High Confidence,,,
PO1000016540,UNITED TEAMTRADE SDN BHD,UNKNOWN,,UNKNOWN,,,Not RSPO Certified,,,0.9380099,110.7940780,MYS,Malaysia,Sarawak,Serian,2-High Confidence,,,
PO1000016675,BENEFICIO ALTAGRACIA,UNKNOWN,,"SOLATAM, S.A.",,,Not RSPO Certified,,,15.7102780,-89.0683890,GTM,Guatemala,Livingston,La Libertad,2-High Confidence,,,
PO1000016676,PT. SAMUKTI KARYA LESTARI,PT CISADANE SAWIT RAYA (CSR),PT Cisadane Sawit Raya Tbk (CSRA) ,PT. SAMUKTI KARYA LESTARI,,,Not RSPO Certified,,,1.3720910,98.9281420,IDN,Indonesia,Sumatera Utara,Tapanuli Selatan,1-Fully Verified,,,
PO1000016677,KAMPARINDO AGRO INDUSTRI II,UNKNOWN,,ANUGERAH TANJUNG MEDAN,,,Not RSPO Certified,,,-0.7518930,101.7291670,IDN,Indonesia,Riau,Kuantan Singingi,2-High Confidence,,,
PO1000016678,Sawitta Jaya Sejahtera,UNKNOWN,,Sawitta Jaya Lau Pakam,,,,,2021/09/29 00:00:00+00,2.794611,99.217111,IDN,Indonesia,,,,,,
PO1000016822,MARTINS BORGES AGROINDŚSTRIA,UNKNOWN,,MARBORGES AGROINDUSTRIA SA,,,Not RSPO Certified,,,-1.9602000,-47.0227890,BRA,Brazil,Parį,Garrafćo do Norte,2-High Confidence,,,
PO1000016958,ENSEM SAWITA (MUSI RAWAS),UNKNOWN,Musirawas,ENSEM SAWITA,,,Not RSPO Certified,,,-2.8727700,103.2966800,IDN,Indonesia,Sumatera Selatan,Musi Rawas,2-High Confidence,,,
PO1000016959,BINTARA TANI NUSANTARA (SINTANG),UNKNOWN,,GUNAS,,,Not RSPO Certified,,,-0.1355200,111.9466800,IDN,Indonesia,Kalimantan Barat,Sintang,2-High Confidence,,,
PO1000016960,Sumatera Jaya Agro Lestari 1,Incasi Raya Group,Incasi Raya Group (IRG),PT Sumatera Jaya Agro Lestari 1,,,,,,-0.0867900000,109.966300,,Indonesia,,,,,,
PO1000016961,KARYA AGUNG MEGAH UTAMA,UNKNOWN,,KURNIA PRIMA NASTARI,,,Not RSPO Certified,,,-0.2570730,99.9762880,IDN,Indonesia,Sumatera Barat,Agam,2-High Confidence,,,
PO1000016962,MUTIARA AGRO SEJAHTERA,UNKNOWN,,MUTIARA AGRO SEJAHTERA,,,Not RSPO Certified,,,-1.9257830,105.7465700,IDN,Indonesia,Bangka Belitung,Bangka,2-High Confidence,,,
PO1000016963,RIZTIA KARYA MANDIRI,UNKNOWN,,RIZTIA KARYA MANDIRI,,,Not RSPO Certified,,,2.4450770,98.0596890,IDN,Indonesia,Aceh,Aceh Singkil,2-High Confidence,,,
PO1000016964,SAHABAT SAWIT ROKAN SEJAHTERA,UNKNOWN,,SAHABAT SAWIT ROKAN SEJAHTERA,,,Not RSPO Certified,,,1.3680610,100.5200440,IDN,Indonesia,Riau,Rokar Hilir,2-High Confidence,,,
PO1000016965,Cipta Sawita Jaya Cemerlang,Mr Haryanto Tukimin,,PT Cipta Sawitta Jaya Cemerlang,,,,,,3.20174600,99.0613300,,,,,,,,
PO1000016966,AGRINDO PANCA TUNGGAL PERKASA,UNKNOWN,STH,SIN TEK HUAT,,,Not RSPO Certified,,,-2.3675720,102.7913190,IDN,Indonesia,Jambi,Sarolangun,2-High Confidence,,,
PO1000016967,BUANA SRIWIJAYA SEJAHTERA,UNKNOWN,,SRIWIJAYA HIJAU LESTARI,,,Not RSPO Certified,,,-2.5373810,103.0329850,IDN,Indonesia,Sumatera Selatan,Musi Rawas,2-High Confidence,,,
PO1000016968,BINTANG PERMATA KHATULISTIWA,UNKNOWN,,LAMBANG AGRO PLANTATION,,,Not RSPO Certified,,,-0.3887500,112.1546670,IDN,Indonesia,Kalimantan Barat,Melawi,2-High Confidence,,,
PO1000016969,KURNIA MERANGIN BERJAYA,UNKNOWN,,KURNIA MERANGIN BERJAYA,,,Not RSPO Certified,,,-2.1825310,102.4721120,IDN,Indonesia,Jambi,Merangin,2-High Confidence,,,
PO1000016970,DALANTA MARSADA SUKSES,UNKNOWN,,DALANTA MARSADA SUKSES,,,Not RSPO Certified,,,2.1242780,98.2922400,IDN,Indonesia,Sumatera Utara,Tapanuli Tengah,2-High Confidence,,,
PO1000016971,REJEKI ABADI SAMBOSAR,UNKNOWN,,REJEKI ABADI SAMBOSAR,,,Not RSPO Certified,,,3.1336990,98.9710270,IDN,Indonesia,Sumatera Utara,Simalungun,2-High Confidence,,,
PO1000016972,Semunai Sawit Perkasa 2 (Pangkalan Libut),Multi Perkasa Sejahtera (Wilian Perkasa Group),Wilian Perkasa,PT Semunai Sawit Perkasa,,,,,,1.05880800,101.270322,,Indonesia,,,,,,
PO1000017030,PT. BIO INTI AGRINDO PKS 3,UNKNOWN,Posco,PT. BIO INTI AGRINDO,,,Not RSPO Certified,,,-7.0472960,140.8836270,IDN,Indonesia,Papua,Merauke,2-High Confidence,,,
PO1000017058,KUALA TANJUNG,UNKNOWN,,PT. MULTIMAS NABATI ASAHAN,,,Not RSPO Certified,,,3.3695700,99.4414200,IDN,Indonesia,Sumatera Utara,Batu Bara,,,,
PO1000017059,VILA NOVA AGROINDUSTRIAL,UNKNOWN,,UNKOWN,,,Not RSPO Certified,,,-2.8537210,-48.2347040,BRA,Brazil,Parį,Tomé-Aēu,,,,
PO1000017060,JULIPRIMA KENTJANA,UNKNOWN,,JULIPRIMA KENTJANA,,,Not RSPO Certified,,,4.4326000,95.9168000,IDN,Indonesia,Aceh,Aceh Jaya,,,,
PO1000017061,PT PRIMA JAYA LESTARI UTAMA,UNKNOWN,,PT PRIMA JAYA LESTARI UTAMA,,,Not RSPO Certified,,,2.3120780,99.7420710,IDN,Indonesia,Sumatera Utara,Labuhanbatu Utara,,,,
PO1000017062,AGRO BORNEO MAS,UNKNOWN,,AGRO BORNEO MAS,,,Not RSPO Certified,,,-2.3711000,112.4354000,IDN,Indonesia,Kalimantan Tengah,Kotawaringin Timur,,,,
PO1000017063,MITRA MURATARA SEJAHTERA,UNKNOWN,,MITRA MURATARA SEJAHTERA,,,Not RSPO Certified,,,-2.9213889,102.7702778,IDN,Indonesia,Sumatera Selatan,Musi Rawas,,,,
PO1000017064,KASPARI AGRO SENTOSA,UNKNOWN,,KASPARI AGRO SENTOSA,,,Not RSPO Certified,,,-1.7849000,103.4891000,IDN,Indonesia,Jambi,Muaro Jambi,,,,
PO1000017065,SURYA LESTARI USAHA MANDIRI,UNKNOWN,,SURYA LESTARI USAHA MANDIRI,,,Not RSPO Certified,,,-2.1795000,102.8216000,IDN,Indonesia,Jambi,Sarolangun,,,,
PO1000017066,AGRISENTRA LESTARI,UNKNOWN,,AGRISENTRA LESTARI,,,Not RSPO Certified,,,0.0234000,110.1051000,IDN,Indonesia,Kalimantan Barat,Sanggau,,,,
PO1000017067,BUMI AGRO PRIMA,UNKNOWN,,BUMI AGRO PRIMA,,,Not RSPO Certified,,,-1.4769000,113.9418000,IDN,Indonesia,Kalimantan Tengah,Gunung,,,,
PO1000017156,Sawit Mas Makmur,Unknown,,Sawit Mas Makmur,,,,,,3.35250000,99.2378000,,,,,,,,
PO1000017395,BANGKAL,UNKNOWN,,PERMATA TIMUR LESTARI,,,Not RSPO Certified,,,-2.534361,112.481083,IDN,Indonesia,Kalimantan Tengah,Kabupaten Kotawaringin Timur,2-High Confidence,,,
PO1000017396,KARYA ALAM PERDANA,UNKNOWN,,KARYA ALAM PERDANA,,,Not RSPO Certified,,,-4.299598,122.1164,IDN,Indonesia,Sulawesi Tenggara,Benua,2-High Confidence,,,
PO1000017397,KUTAI SAWIT MANDIRI,UNKNOWN,PT Indograha Mandiri,KUTAI SAWIT MANDIRI,,,Not RSPO Certified,,,1.30093,117.067495,IDN,Indonesia,Kalimatan Timur,Kabupaten Kutai,2-High Confidence,,,
PO1000017398,MADINRA INTI SAWIT,UNKNOWN,,MADINRA INTI SAWIT,,,Not RSPO Certified,,,-4.284861,121.616639,IDN,Indonesia,Sulawesi Tenggara,Kabupaten Kolaka,2-High Confidence,,,
PO1000017399,MARSAM CITRA ADIPERKASA,UNKNOWN,FAP,FAP AGR,,,Not RSPO Certified,,,0.270902,115.345284,IDN,Indonesia,Kalimatan Timur,Mahakam Ulu,2-High Confidence,,,
PO1000017400,SURYA DUMAI AGRINDO MILL,UNKNOWN,First Resources (FR),FIRST RESOURCES,,,Not RSPO Certified,,11/12/2024,1.351417,102.067389,IDN,Indonesia,Riau,Kabupaten Bengkalis,2-High Confidence,,,
PO1000017401,SEJAHTERA MANDIRI SAWITA,SEJAHTERA MANDIRI SAWITA,SEJAHTERA MANDIRI SAWITA,,,,,,,3.79456000,98.4871100,,Indonesia,,,,,,
PO1000017402,SUMATERA KARYA AGRO,UNKNOWN,PT Indograha Mandiri,UNKNOWN,,,Not RSPO Certified,,11/12/2024,0.765396,100.498624,IDN,Indonesia,Riau,Kabupaten Rokan Hulu,2-High Confidence,,,
PO1000017403,SUNGAI PAKU,UNKNOWN,,UNKNOWN,,,Not RSPO Certified,,11/12/2024,-0.165415,101.289184,IDN,Indonesia,Riau,Kabupaten Kuantan Singingi,2-High Confidence,,,
PO1000017404,SURYA SAWIT MANDIRI,UNKNOWN,,UNKNOWN,,,Not RSPO Certified,,11/12/2024,0.634,100.601,IDN,Indonesia,Riau,Rokan Hulu,2-High Confidence,,,
PO1000017405,UCPOC MILLS,UNKNOWN,,UNKNOWN,,,Not RSPO Certified,,11/12/2024,7.217956,124.79272,PHL,Philippines,Cotabato,Carmen,2-High Confidence,,,
PO1000017406,HAMPARAN KEMILAU INDAH,UNKNOWN,PT Indograha Mandiri,UNKNOWN,,,Not RSPO Certified,,11/12/2024,0.596075,99.200657,IDN,Indonesia,Sumatera Utara,Kabupaten Mandailing Natal,2-High Confidence,,,
PO1000017407,PT PELITA AGUNG AGRINDUSTRI - PELINTUNG,UNKNOWN,,PERMATA GROUP,,,Not RSPO Certified,,11/12/2024,0.632750431,100.5997718,IDN,Indonesia,Riau,Rokan Hulu,2-High Confidence,,,
PO1000017408,AGRO PALINDO SAKTI,MUSIM MAS,Musim Mas,PT INTIBENUA PERKASATAMA - LUBUK GAUNG,,,Not RSPO Certified,,11/12/2024,-2.711058889,104.3430056,IDN,Indonesia,Sumatera Selatan,Banyu Asin,2-High Confidence,,,
PO1000017409,PT SURYA DUMAI AGRINDO,UNKNOWN,Surya Dumai Agrindo (SDA),PT SURYA DUMAI AGRINDO,,,Not RSPO Certified,,11/12/2024,1.175031,102.059922,IDN,Indonesia,Riau,Bengkalis,2-High Confidence,,,
PO1000017674,"Suksomboon Palm Oil Sakon.,Co.Ltd.",,SUKSOMBOON GROUP,,,,,,,17.9490700,103.659450,,Thailand,,,,,,
PO1000017676,LUBOK ANTU 2,UNKNOWN,Lubok Antu Palm Oil Mill,LUBOK ANTU PALM OIL MILL SDN BHD,,,Not RSPO Certified,,11/12/2024,1.166396,111.762743,MYS,Malaysia,Sarawak,Sri Aman,2-High Confidence,,,
PO1000017677,JAMERAS,UNKNOWN,,JAMERAS,,,Not RSPO Certified,,11/12/2024,-2.21175,113.010389,IDN,Indonesia,Kalimantan Tengah,Kotawaringin Timur,2-High Confidence,,,
PO1000017678,HILTON DUTA LESTARI      ,UNKNOWN,Hilton Duta Lestari,HILTON DUTA LESTARI      ,,,Not RSPO Certified,,11/12/2024,0.575884,109.332467,IDN,Indonesia,Kalimatan Barat,Landak,2-High Confidence,,,
PO1000017679,KOPERASI PEMBANGUNAN PEKEBUN KECIL HILIR PERAK BHD,UNKNOWN,,KOPERASI PEMBANGUNAN PEKEBUN KECIL HILIR PERAK BHD             ,,,Not RSPO Certified,,11/12/2024,3.921833,100.910778,MYS,Malaysia,Perak,Hilir Perak,2-High Confidence,,,
PO1000017680,HIJAU PRYAN PERDANA,UNKNOWN,Anglo Eastern Plantations (AEP),ANGLO-EASTERN PLANTATIONS PLC,,,Not RSPO Certified,,11/12/2024,2.462286,100.271139,IDN,Indonesia,Sumatera Utara,Labuhanbatu,2-High Confidence,,,
PO1000017681,PALMPANLAN CO. LTD.,UNKNOWN,,PALMPANLAN CO. LTD.,,,Not RSPO Certified,,11/12/2024,8.035046,99.114882,THA,Thailand,Krabi,Khlong Thom,2-High Confidence,,,
PO1000017731,PERMATA LESTARI JAYA,UNKNOWN,DTK Opportunity,PERMATA LESTARI JAYA,,,Not RSPO Certified,,11/12/2024,0.944194,111.216611,IDN,Indonesia,Kalimantan Barat,Sintang,2-High Confidence,,,
PO1000017750,SARABURI BRANCH,SMOTHONG GROUP,SMOTHONG GROUP,SMOTHONG PALMOIL CO.,,,Not RSPO Certified,,11/12/2024,14.294067,100.871622,THA,Thailand,Changwat Saraburi,Nong Khae,1-Fully Verified,,,
PO1000017764,ACEITES Y GRASAS LA CRISTALINA ZOMAC S.A.S.,UNKNOWN,,ACEITES Y GRASAS LA CRISTALINA ZOMAC S.A.S.,,,Not RSPO Certified,,11/12/2024,4.2495944,-71.6336955,COL,Colombia,Meta,El Porvenir,2-High Confidence,,,
PO1000017925,ANUGERAH JAYAINDO SENTOSA,UNKNOWN,,ANUGERAH JAYAINDO SENTOSA,,,Not RSPO Certified,,11/12/2024,3.662026,98.499862,IDN,Indonesia,Sumatera Utara,Jati Utomo,1-Fully Verified,,,
PO1000017926,MEMBULUH SEJAHTERA,UNKNOWN,,GUNAJAYA KETAPANG SENTOSA,,,Not RSPO Certified,,11/12/2024,-2.484264,110.351955,IDN,Indonesia,Kalimantan Barat,Ketapang,2-High Confidence,,,
PO1000017927,BERAU KARETINDO LESTARI,UNKNOWN,,BERAU KARETINDO LESTARI,,,Not RSPO Certified,,11/12/2024,2.309012,117.017617,IDN,Indonesia,Kalimantan Timur,Berau,2-High Confidence,,,
PO1000017929,BERAU SAWIT SEJAHTERA,UNKNOWN,,BERAU SAWIT SEJAHTERA,,,Not RSPO Certified,,11/12/2024,1.362167,117.07875,IDN,Indonesia,Kalimantan Timur,Berau,2-High Confidence,,,
PO1000017930,SAWIT PERMAI PRATAMA,UNKNOWN,PT Indograha Mandiri,SAWIT PERMAI PRATAMA,,,Not RSPO Certified,,11/12/2024,-1.676028,121.9116,IDN,Indonesia,Sulawesi Tengah,Momo,2-High Confidence,,,
PO1000017931,MITRA ANDALAN SAWIT,UNKNOWN,PT Indograha Mandiri,MITRA ANDALAN SAWIT,,,Not RSPO Certified,,11/12/2024,-2.202972,119.215194,IDN,Indonesia,Sulawesi Barat,Babana,2-High Confidence,,,
PO1000017932,ERAKARYA MUKTI JAYA,UNKNOWN,,ERAKARYA MUKTI JAYA,,,Not RSPO Certified,,11/12/2024,1.847465,100.963538,IDN,Indonesia,Riau,Rokan Hilir,2-High Confidence,,,
PO1000017934,AGRO MUARA RUPIT,UNKNOWN,SIPEF,AGRO MUARA RUPIT,,,Not RSPO Certified,,11/12/2024,-2.605417,102.863556,IDN,Indonesia,Sumatera Selatan,Musi Rawas,2-High Confidence,,,
PO1000017935,NAGA BULAN,UNKNOWN,,NAGA BULAN,,,Not RSPO Certified,,11/12/2024,3.272823,99.101673,IDN,Indonesia,Sumatera Utara,Serdang Bedagai,2-High Confidence,,,
PO1000017938,BENGKIRAI JAYA,UNKNOWN,Bumitama,LESTARI GEMILANG INTISAWIT,,,Not RSPO Certified,,11/12/2024,-1.553352,110.604342,IDN,Indonesia,Kalimantan Barat,Ketapang,2-High Confidence,,,
PO1000017964,Anugerah Putra Langkat,UNKNOWN,Tanimas,PT Huta Bayu Marsada,,,Not RSPO Certified,,2019-10-31,3.72105000000,98.19896000000,IDN,Indonesia,Sumatera Utara,Langkat,1-Fully Verified,,,"YAPUTRA ALFA PALMA/DO,YA•ULNA ALFA PALMIN DO,,,UJONG NEUBOK DALAM,"
PO1000017984,OLEAGINOSAS AMAZONICAS S.A (OLAMSA) MILL 1,OLEAGINOSAS AMAZONICAS S.A (OLAMSA),OLEAGINOSAS AMAZONICAS S.A (OLAMSA),OLEAGINOSAS AMAZONICAS S.A (OLAMSA),,,Not RSPO Certified,,11/12/2024,-8.480256,-74.84354,PER,Peru,Pucallpa,Campoverde,2-High Confidence,,,
PO1000017985,CDC - MONDONI,CDC,Cameroon Development Corporation (CDC),CDC,,,Not RSPO Certified,,11/12/2024,4.1869556,9.420125,CMR,Cameroon,Littoral,Bwapaki,2-High Confidence,,,
PO1000017986,BERKAT,SUPERVENTURE,SUPERVENTURE,BERKAT SAWIT SEJAHTERA,,,Not RSPO Certified,,11/12/2024,-2.829976,104.737064,IDN,Indonesia,Sumatera Selatan,Banyuasin,2-High Confidence,,,
PO1000017988,Rantau Agronusa Sejahtera,Rantau Agronusa Sejahtera,Rantau Agronusa Sejahtera,Rantau Agronusa Sejahtera,,,Not RSPO Certified,,11/12/2024,0.45488007,101.1784041,IDN,Indonesia,Riau,Kampar,2-High Confidence,,,
PO1000017989,SRI SRINIVASA OIL MILL,SRI SRINIVASA,Sri Srinivasa,SRI SRINIVASA,,,Not RSPO Certified,,11/12/2024,16.740114,80.897288,IND,India,Andhra Pradesh,Morsapudi,2-High Confidence,,,
PO1000017990,"THAWEESIN PALM OIL INDUSTRY CO., LTD","THAWEESIN PALM OIL INDUSTRY CO., LTD","""THAWEESIN PALM OIL INDUSTRY CO., LTD""","THAWEESIN PALM OIL INDUSTRY CO., LTD",,,Not RSPO Certified,,11/12/2024,9.838267,99.055368,THA,Thailand,Chumphon,Lang Suan,2-High Confidence,,,
PO1000017991,WM AGROINDUSTRIA LTDA,SIOL,SIOL,WM AGROINDUSTRIA LTDA,,,Not RSPO Certified,,11/12/2024,-2.447656,-48.919357,BRA,Brazil,Parį,Moju,2-High Confidence,,,
PO1000017992,EYOP INDUSTRIES LTD,PZ WILMAR,Wilmar,EYOP INDUSTRIES LTD,,,Not RSPO Certified,,11/12/2024,5.11551667,8.569869,NGA,Nigeria,Akamkpa,Mbarakom,3-Low Confidence,,,
PO1000017993,KAMPAR TUNGGAL AGRINDO,KAMPAR TUNGGAL AGRINDO,,KAMPAR TUNGGAL AGRINDO,,,Not RSPO Certified,,11/12/2024,0.751669,101.189394,IDN,Indonesia,Kampar,Riau,2-High Confidence,,,
PO1000017994,JAROEN PALM OIL COMPANY LTD,JAROEN PALM OIL COMPANY LTD,JAROEN PALM OIL COMPANY LTD,JAROEN PALM OIL COMPANY LTD,,,Not RSPO Certified,,11/12/2024,10.506099,98.977787,THA,Thailand,Chumphon,Muang Chumphon,2-High Confidence,,,
PO1000017995,Internusa Jaya Sajahtera,Internusa Jaya Sajahtera,,Internusa Jaya Sajahtera,,,Not RSPO Certified,,11/12/2024,-7.28015,140.77717,IDN,Indonesia,Papua,Merauke,2-High Confidence,,,
PO1000017996,SUNGAI KUNING,CITRA BORNEO UTAMA,CITRA BORNEO INDAH (CBI),CITRA BORNEO INDAH,,,Not RSPO Certified,,11/12/2024,-2.3084936,111.499368,IDN,Indonesia,Kalimantan Tengah,Kotawaringin Barat,2-High Confidence,,,
PO1000017998,Kilang Isi Sawit Sin Huat Hin,,SIN HUAT HIN,,,,,,,3.16305200,101.324214,,Malaysia,,,,,,
PO1000017999,SUKSES INTI PALMA 2,SUKSES INTI PALMA,PT Indograha Mandiri,SUKSES INTI PALMA 2,,,Not RSPO Certified,,11/12/2024,-1.714321,103.71259,IDN,Indonesia,Jambi,Muaro Jambi,2-High Confidence,,,
PO1000018000,UJUNG TANJUNG SEJAHTERA,UNKNOWN,,UJUNG TANJUNG SEJAHTERA,,,Not RSPO Certified,,11/12/2024,1.624,101.05,IDN,Indonesia,Riau,Rokan Hilir,2-High Confidence,,,
PO1000018001,TAMA BUANA JAYA,UNKNOWN,,TAMA BUANA JAYA,,,Not RSPO Certified,,11/12/2024,-2.839995,106.466355,IDN,Indonesia,Bangka Belitung,Jeriji,2-High Confidence,,,
PO1000018001,TAMA BUANA JAYA,UNKNOWN,,TAMA BUANA JAYA,,,Not RSPO Certified,,30/10/2025,-2.839995,106.466355,IDN,Indonesia,Bangka Belitung,Jeriji,2-High Confidence,,,
PO1000018002,MON JAMBEE 2,UNKNOWN,,MON JAMBEE,,,Not RSPO Certified,,11/12/2024,4.313171,96.178305,IDN,Indonesia,Aceh,Aceh Barat,2-High Confidence,,,
PO1000018002,MON JAMBEE 2,UNKNOWN,,MON JAMBEE,,,Not RSPO Certified,,30/10/2025,4.313171,96.178305,IDN,Indonesia,Aceh,Aceh Barat,2-High Confidence,,,
PO1000018003,TARO RAKAYA TASYRA,UNKNOWN,,TARO RAKAYA TASYRA,,,Not RSPO Certified,,11/12/2024,0.4208,101.6848,IDN,Indonesia,Riau,Pelalawan,2-High Confidence,,,
PO1000018003,TARO RAKAYA TASYRA,UNKNOWN,,TARO RAKAYA TASYRA,,,Not RSPO Certified,,30/10/2025,0.420800,101.684800,IDN,Indonesia,Riau,Pelalawan,2-High Confidence,,,
PO1000018004,BERLIAN NUSANTARA PERKASA,UNKNOWN,,BERLIAN NUSANTARA PERKASA,,,Not RSPO Certified,,11/12/2024,-0.6910674,116.213101,IDN,Indonesia,Kalimantan Timur,Kutai Barat,2-High Confidence,,,
PO1000018004,BERLIAN NUSANTARA PERKASA,UNKNOWN,,BERLIAN NUSANTARA PERKASA,,,Not RSPO Certified,,30/10/2025,-0.691067,116.213101,IDN,Indonesia,Kalimantan Timur,Kutai Barat,2-High Confidence,,,
PO1000018005,SRIGUNUNG INTI AGRO PERSADA,UNKNOWN,,SRIGUNUNG INTI AGRO PERSADA,,,Not RSPO Certified,,11/12/2024,-2.469831,103.9895798,IDN,Indonesia,Sumatera Selatan,Musi Banyuasin,2-High Confidence,,,
PO1000018005,SRIGUNUNG INTI AGRO PERSADA,UNKNOWN,,SRIGUNUNG INTI AGRO PERSADA,,,Not RSPO Certified,,30/10/2025,-2.469831,103.989580,IDN,Indonesia,Sumatera Selatan,Musi Banyuasin,2-High Confidence,,,
PO1000018006,TENERA SERGAI PERKASA,UNKNOWN,,TENERA SERGAI PERKASA,,,Not RSPO Certified,,11/12/2024,3.17158,99.01612,IDN,Indonesia,Sumatera Utara,Serdang Bedagai,2-High Confidence,,,
PO1000018006,TENERA SERGAI PERKASA,UNKNOWN,,TENERA SERGAI PERKASA,,,Not RSPO Certified,,30/10/2025,3.171580,99.016120,IDN,Indonesia,Sumatera Utara,Serdang Bedagai,2-High Confidence,,,
PO1000018007,BANKA AGRO PLANTARI,UNKNOWN,,BANKA AGRO PLANTARI,,,Not RSPO Certified,,11/12/2024,-2.723663,106.209233,IDN,Indonesia,Bangka Belitung,Nyelanding,2-High Confidence,,,
PO1000018007,BANKA AGRO PLANTARI,UNKNOWN,,BANKA AGRO PLANTARI,,,Not RSPO Certified,,30/10/2025,-2.723663,106.209233,IDN,Indonesia,Bangka Belitung,Nyelanding,2-High Confidence,,,
PO1000018008,PORMAN ANUGERAH SEJATI,UNKNOWN,,PORMAN ANUGERAH SEJATI,,,Not RSPO Certified,,11/12/2024,-1.42,102.72,IDN,Indonesia,Jambi,Tebo,2-High Confidence,,,
PO1000018008,PORMAN ANUGERAH SEJATI,UNKNOWN,,PORMAN ANUGERAH SEJATI,,,Not RSPO Certified,,30/10/2025,-1.420000,102.720000,IDN,Indonesia,Jambi,Tebo,2-High Confidence,,,
PO1000018009,PESONA SAWIT ABADI,UNKNOWN,,PESONA SAWIT ABADI,,,Not RSPO Certified,,11/12/2024,1.763286,117.966825,IDN,Indonesia,Kalimantan Timur,Berau,2-High Confidence,,,
PO1000018009,PESONA SAWIT ABADI,UNKNOWN,,PESONA SAWIT ABADI,,,Not RSPO Certified,,30/10/2025,1.763286,117.966825,IDN,Indonesia,Kalimantan Timur,Berau,2-High Confidence,,,
PO1000018141,JAS MULIA,UNKNOWN,,JAS MULIA,,,Not RSPO Certified,,30/10/2025,-2.571746,120.431947,IDN,Indonesia,Sulawesi Selatan,Luwu Utara,2-High Confidence,,,
PO1000018142,LAUKE,UNKNOWN,,RAJA MARGA,,,Not RSPO Certified,,30/10/2025,2.587611,96.081668,IDN,Indonesia,Aceh,Lauke,2-High Confidence,,,
PO1000018143,BETAMI BERKAH PRATAMA,UNKNOWN,,BETAMI BERKAH PRATAMA,,,Not RSPO Certified,,30/10/2025,4.387410,96.192811,IDN,Indonesia,Aceh,Aceh Barat,2-High Confidence,,,
PO1000018144,AGRO PLANKAN LESTARI,UNKNOWN,,AGRO PLANKAN LESTARI,,,Not RSPO Certified,,30/10/2025,0.052418,110.862992,IDN,Indonesia,Kalimantan Barat,Sanggau,2-High Confidence,,,
PO1000018145,PALMAKA AGRO SEJAHTERA,UNKNOWN,,PALMAKA AGRO SEJAHTERA,,,Not RSPO Certified,,30/10/2025,1.246363,118.051570,IDN,Indonesia,Kalimantan Timur,Berau,2-High Confidence,,,
PO1000018147,Lupak Dalam Factory,Salim/IndoAgri,IAG,Hijau Pertiwi Indah Plantations,,,Not RSPO Certified,,2025-10-30,-3.290668,114.267049,IDN,Indonesia,Kalimantan Tengah,Kabupaten Pulang Pisau,2-High Confidence,,,
PO1000018148,PT Sebaung Sawit Plantation,Shanghai Xinjiu Chemical Co Ltd,DKI,PT Sebaung Sawit Plantation,,,Not RSPO Certified,,2025-10-30,3.835461,117.340454,IDN,Indonesia,Kalimantan Timur,Nunukan,2-High Confidence,,,
PO1000018149,PROTEINAS DEL ORIENTE S.A.,UNKNOWN,,PROTEINAS DEL ORIENTE S.A.,,,,,2021/09/29 00:00:00+00,4.101196,-73.630242,COL,Colombia,,,,,,"Proto S.A.,Proteinad Del Oriente S.A.S."
PO1000018149,PROTEINAS DEL ORIENTE S.A.,UNKNOWN,,UNKNOWN,,,Not RSPO Certified,,30/10/2025,4.101196,-73.630242,COL,Colombia,Meta,Villavicencio,2-High Confidence,,,
PO1000018150,YUZANA COMPANY LTD,UNKNOWN,,YUZANA COMPANY LTD,,,Not RSPO Certified,,30/10/2025,11.410712,98.870459,MMR,Myanmar,Khamaukgyi,Aw Gyi,2-High Confidence,,,
PO1000018151,KCP TALUK KUANTAN PERKASA,UNKNOWN,,TALUK KUANTAN PERKASA,,,Not RSPO Certified,,30/10/2025,1.518610,101.353220,IDN,Indonesia,Riau,Bengkalis,2-High Confidence,,,
PO1000018152,Eleis Oil,Unknown,,Unknown,,,Not RSPO Certified,,30/10/2025,4.999998,-6.126855,CIV,Côte d'Ivoire,Bas-Sassandra,Misseh,2-High Confidence,,,
PO1000018153,"A.S.T. Palm Oil Co., Ltd.",Unknown,,"A.S.T. Palm Oil Co., Ltd.",,,Not RSPO Certified,,30/10/2025,11.012220,99.393990,THA,Thailand,Prachuap Khiri Khan,Chang Raek,2-High Confidence,,,
PO1000018154,Hutroci - Divo / Sassandra,Unknown,,Hutroci,,,Not RSPO Certified,,30/10/2025,5.829466,-5.391048,CIV,Côte d'Ivoire,Gôh-Djiboua,Lôh-Djiboua,2-High Confidence,,,
PO1000018155,PT Palmdale Agroasia Makmur,Gozco Plantations,Gozco Plantations,Gozco Plantations,,,Not RSPO Certified,,30/10/2025,-0.026338,109.768698,IDN,Indonesia,Kalimantan Barat,Kubu Raya,2-High Confidence,,,
PO1000018156,Palcasa Mill,PO1000018156,Centralamerican Palm (PALCASA),UNKNOWN,,,Not RSPO Certified,,30/10/2025,11.067491,-84.407165,NIC,Nicaragua,Río San Juan,El Castillo,2-High Confidence,,,
PO1000018157,Yaligimba Mill,PLANTATIONS ET HUILERIES DU CONGO (PHC) (FORMERLY FERONIA),Plantations et Huileries du Congo (PHC) (Formerly Feronia),UNKNOWN,,,Not RSPO Certified,,30/10/2025,1.147352,23.613329,COD,Democratic Republic of the Congo,Lokutu,Yaya,2-High Confidence,,,
PO1000018158,Lokutu mill,PLANTATIONS ET HUILERIES DU CONGO (PHC) (FORMERLY FERONIA),Plantations et Huileries du Congo (PHC) (Formerly Feronia),UNKNOWN,,,Not RSPO Certified,,30/10/2025,2.280601,22.901162,COD,Democratic Republic of the Congo,Mongala,Yaligimba,2-High Confidence,,,
PO1000018159,PLANT de Bimbi,BLATTNER,Blattner,Compagnie de Commerce et Plantation (CCP),Compagnie de Commerce et Plantation (CCP),,Not RSPO Certified,,30/10/2025,1.856473,21.770216,COD,Democratic Republic of the Congo,Bimbi,Kahemba,2-High Confidence,,,
PO1000018160,Boteka,PLANTATIONS ET HUILERIES DU CONGO (PHC) (FORMERLY FERONIA),Plantations et Huileries du Congo (PHC) (Formerly Feronia),UNKNOWN,,,Not RSPO Certified,,30/10/2025,-0.393985,19.093487,COD,Democratic Republic of the Congo,Flandria,Kinshasa,2-High Confidence,,,
PO1000018162,Turubu mill,LIMAWO HOLDINGS COMPANY,Limawo Holdings Company,UNKNOWN,,,Not RSPO Certified,,2025-10-30,0.699180880,121.480013,IDN,Indonesia,Gorontalo,Kelapa Lima,2-High Confidence,,,
PO1000018163,Borneo Citra Persada Abadi,BORNEO AGRI / SULAIDY,Borneo Agri / Sulaidy,UNKNOWN,,,Not RSPO Certified,,2025-10-30,-0.880660500,115.994665,IDN,Indonesia,Kalimantan Timur,Kutai Barat,2-High Confidence,,,
PO1000018164,PT Kumai Sentosa (Plasma),GAGAH PUTERA SATRIA (GPS),Gagah Putera Satria (GPS),UNKNOWN,,,Not RSPO Certified,,2025-10-30,-3.270554,111.822260,IDN,Indonesia,Kalimantan Tengah,Kotawaringin Barat,2-High Confidence,,,
PO1000018165,Sunrise Clarity Sdn Bhd,UNKNOWN,,SUNRISE CLARITY SDN BHD,,,Not RSPO Certified,,2025-10-30,5.89277800,117.959272,MYS,Malaysia, Sabah, Sandakan,2-High Confidence,,,
PO1000018166,INDUSTRIAS OLEAGINOSAS MONTE ALEGRE,INDOLMASA,Indolmasa,UNKNOWN,,,Not RSPO Certified,,30/10/2025,-8.64900000,-74.9760000,PER,Peru,Campamento Neshuya,El Triunfo,2-High Confidence,,,
PO1000018167,MERBAU SAKTI TANI,UNKNOWN,,PT Merbau Sakti Tani,,,Not RSPO Certified,,2025-10-30,-0.826292,111.450175,IDN,Indonesia,Kalimantan Barat,Melawi,2-High Confidence,,,
PO1000018168,FGV TELANG 01,FGV,FGV,UNKNOWN,,,Not RSPO Certified,,30/10/2025,4.296225,101.960355,MYS,Malaysia,Pahang,Lipis,2-High Confidence,,,
PO1000018169,Kapuas Maju Jaya/Gemilang Oil Mill,Genting,Genting,GENTING,,,Not RSPO Certified,,30/10/2025,-1.010477,114.271419,IDN,Indonesia,Kalimantan Tengah,Kapuas,2-High Confidence,,,
PO1000018170,PT BCPM (BORNEO CITRA PERSADA MANDIRI),CITRA BORNEO INDAH (CBI),,UNKNOWN,,,Not RSPO Certified,,30/10/2025,-0.684057,115.788367,IDN,Indonesia,Kalimantan Timur,Kutai Barat,2-High Confidence,,,
PO1000020000,MAJUMAS PALM OIL MILL,UNKNOWN,,PLUS SUNBEST PALM OIL MILL SDN BHD,,,Not RSPO Certified,,30/10/2025,4.136630,114.036480,MYS,Malaysia,Sarawak,Kuala Nyabor,1-Fully Verified,,,
PO1000020001,BENSULI ASAM SAWIT,UNKNOWN,,BENSULI ASAM SAWIT,,,Not RSPO Certified,,30/10/2025,1.784331,100.180578,IDN,Indonesia,Sumatera utara,Labuhanbatu Selatan,1-Fully Verified,,,
PO1000020002,TRI CAHAYA SAWIT,UNKNOWN,,TRI CAHAYA SAWIT,,,Not RSPO Certified,,30/10/2025,3.094710,99.306452,IDN,Indonesia,Sumatera utara,Simalungun Regency,1-Fully Verified,,,
PO1000020003,SURYA GEMILANG AGRO MANDIRI,UNKNOWN,,SURYA GEMILANG AGRO MANDIRI,,,Not RSPO Certified,,30/10/2025,-1.261853,103.781534,IDN,Indonesia,Jambi,Tanjung Jabung T,2-High Confidence,,,
PO1000020004,ALAM SAWIT INDO,UNKNOWN,,ALAM SAWIT INDO,,,Not RSPO Certified,,30/10/2025,4.784308,97.804727,IDN,Indonesia,Aceh,Gampong Tampak,3-Low Confidence,,,
PO1000020005,GEMILANG BERSAMA UTAMA,UNKNOWN,,GEMILANG BERSAMA UTAMA,,,Not RSPO Certified,,30/10/2025,-1.749333,103.883678,IDN,Indonesia,Muaro,Muaro Jambi,2-High Confidence,,,
PO1000020006,BANYUASIN INDUSTRI LESTARI,UNKNOWN,,BANYUASIN INDUSTRI LESTARI,,,Not RSPO Certified,,30/10/2025,-2.756251,104.773156,IDN,Indonesia,Sumatera Selatan,Banyu Asin,2-High Confidence,,,
PO1000020007,KARYA INTI TANI,UNKNOWN,,KARYA INTI TANI,,,Not RSPO Certified,,30/10/2025,-4.043260,104.149821,IDN,Indonesia,Sumatera Selatan,Ogan Komering Ulu,2-High Confidence,,,
PO1000020008,MANDIRI SAWIT BERSAMA 2,UNKNOWN,,MANDIRI SAWIT BERSAMA,,,Not RSPO Certified,,30/10/2025,2.719840,97.976213,IDN,Indonesia,Aceh,Namo Buaya,2-High Confidence,,,
PO1000020009,PESONA SAWIT MAKMUR,UNKNOWN,,PESONA SAWIT MAKMUR,,,Not RSPO Certified,,30/10/2025,-4.530511,104.474816,IDN,Indonesia,Lampung,Karang Umpu,2-High Confidence,,,
PO1000020010,TENERA INTI SAWIT,UNKNOWN,,TENERA INTI SAWIT,,,Not RSPO Certified,,30/10/2025,0.952692,100.998521,IDN,Indonesia,Riau,Sekijang,2-High Confidence,,,
PO1000020011,TUJUH SERANGKAI SAWIT PERDANA,UNKNOWN,,TUJUH SERANGKAI SAWIT PERDANA,,,Not RSPO Certified,,30/10/2025,1.849500,100.155806,IDN,Indonesia,Sumatera Utara,Asam Jawa,3-Low Confidence,,,
PO1000020012,JAYA BERSINAR SEJAHTERA,UNKNOWN,,JAYA BERSINAR SEJAHTERA,,,Not RSPO Certified,,30/10/2025,0.116361,102.290611,IDN,Indonesia,Riau,Tanjung Air Hitam,2-High Confidence,,,
PO1000020013,BUNGO MAKMUR ABADI,UNKNOWN,,BUNGO MAKMUR ABADI,,,Not RSPO Certified,,30/10/2025,-1.662361,102.132360,IDN,Indonesia,Bungo,Pelepat,2-High Confidence,,,
PO1000020014,TUMPUAN,UNKNOWN,,TUMPUAN,,,Not RSPO Certified,,30/10/2025,1.289740,101.055270,IDN,Indonesia,Riau,Petani,2-High Confidence,,,
PO1000020015,BINTANG SAWIT CEMERLANG,UNKNOWN,,BINTANG SAWIT CEMERLANG,,,Not RSPO Certified,,30/10/2025,3.461607,98.850510,IDN,Indonesia,Sumatera Utara,Batu Lokog,1-Fully Verified,,,
PO1000020016,PABRIK KAMPAR,UNKNOWN,,TUNGGAL YUNUS ESTATE,,,Not RSPO Certified,,30/10/2025,0.408190,101.227105,IDN,Indonesia,Riau,Tambang,2-High Confidence,,,
PO1000020017,SEBRANG CENGAR,UNKNOWN,,BUKIT KUANSING PERMAI,,,Not RSPO Certified,,30/10/2025,-0.725821,101.510853,IDN,Indonesia,Riau,Seberang Cengar,3-Low Confidence,,,
PO1000020018,ANUGERAH SAWIT LANGGENG,UNKNOWN,,ANUGERAH SAWIT LANGGENG,,,Not RSPO Certified,,30/10/2025,-3.696961,104.280571,IDN,Indonesia,Sumatera Selatan,Lubai,2-High Confidence,,,
PO1000020019,MUTIARA SAWIT SELUMA,UNKNOWN,,MUTIARA SAWIT SELUMA,,,Not RSPO Certified,,30/10/2025,-4.245441,102.764472,IDN,Indonesia,Bengkulu,Seluma,2-High Confidence,,,
PO1000020020,SARANA SUBUR AGRINDOTAMA,UNKNOWN,,SARANA SUBUR AGRINDOTAMA,,,Not RSPO Certified,,30/10/2025,-3.954045,115.003553,IDN,Indonesia,Kalimantan Selatan,Tenah Laut,2-High Confidence,,,
PO1000020021,SURYA OGAN NABATI,UNKNOWN,,SURYA OGAN NABATI,,,Not RSPO Certified,,30/10/2025,-3.679822,104.828585,IDN,Indonesia,Sumatera Selatan,Ogan Komering Ilir,2-High Confidence,,,
PO1000020022,TRIOMAS FORESTRY DEVELOPMENT INDONESIA,UNKNOWN,,TRIOMAS FORESTRY DEVELOPMENT INDONESIA,,,Not RSPO Certified,,30/10/2025,0.756450,102.413100,IDN,Indonesia,Riau,Siak,2-High Confidence,,,
PO1000020023,PERKASA SAWIT PERMAI ,UNKNOWN,,PERKASA SAWIT PERMAI ,,,Not RSPO Certified,,30/10/2025,-1.066031,115.044910,IDN,Indonesia,Kalimantan Tengah,Hajak,2-High Confidence,,,
PO1000020024,BUMI SAWIT SEJAHTERA,UNKNOWN,,BUMI SAWIT SEJAHTERA,,,Not RSPO Certified,,30/10/2025,-2.805000,110.910000,IDN,Indonesia,Kalimantan Barat,Danau Buntar,2-High Confidence,,,
PO1000020025,SUKSES SAWIT GASING,UNKNOWN,,SUKSES SAWIT GASING,,,Not RSPO Certified,,30/10/2025,-2.839225,104.774827,IDN,Indonesia,Sumatera Selatan,Banyuasin,2-High Confidence,,,
PO1000020026,AGRO GADING SEJAHTERA,UNKNOWN,,AGRO GADING SEJAHTERA,,,Not RSPO Certified,,30/10/2025,-4.547801,104.146516,IDN,Indonesia,Sumatera Selatan,Ogan Komering Ulu Timur,2-High Confidence,,,
PO1000020027,BENGKULU SAWIT LESTARI 2,UNKNOWN,BENGKULU SAWIT LESTARI,BENGKULU SAWIT LESTARI,,,Not RSPO Certified,,30/10/2025,-4.129533,102.641887,IDN,Indonesia,Bengkulu,Seluma,2-High Confidence,,,
PO1000020028,MITRA SAWIT PERKASA,UNKNOWN,,MITRA SAWIT PERKASA,,,Not RSPO Certified,,30/10/2025,1.880778,100.130750,IDN,Indonesia,Sumatera Utara,Labuhanbatu Selatan,2-High Confidence,,,
PO1000020029,KURNIA PALMA BERJAYA,UNKNOWN,,KURNIA PALMA BERJAYA,,,Not RSPO Certified,,30/10/2025,-1.519000,102.650570,IDN,Indonesia,Jambi,Tebo,2-High Confidence,,,
PO1000020030,ARTHA NIAGA SIMPANG PETE,UNKNOWN,,ARTHA NIAGA SIMPANG PETE,,,Not RSPO Certified,,30/10/2025,2.965278,99.409167,IDN,Indonesia,Sumatera Utara,Simalungun,2-High Confidence,,,
PO1000020031,EXTRACTORA EL PAJUIL CENTRAL DEL CASANARE SAS ZOMAC,UNKNOWN,,EXTRACTORA EL PAJUIL CENTRAL DEL CASANARE SAS ZOMAC,,,Not RSPO Certified,,30/10/2025,4.639840,-72.013990,COL,Colombia,Casanare,Man�,2-High Confidence,,,
PO1000020032,PLANTA ACAPETAHUA,UNKNOWN,,"ACEITES DE PALMA, S.A. DE C.V.",,,Not RSPO Certified,,30/10/2025,15.209500,-92.681000,MEX,Mexico,Chiapas,R�o Arriba,1-Fully verified,,,
PO1000020033,PAMOL,UNKNOWN,,PAMOL,,,Not RSPO Certified,,30/10/2025,4.710890,8.992420,CMR,Cameroon,Ndian,Ekundo-Titi,3-Low Confidence,,,
PO1000020034,CDC PALM OIL,,Cameroon Development Corporation (CDC),CDC,,,Not RSPO Certified,,30/10/2025,4.208536,8.993585,CMR,Cameroon,Fako,Idenau,2-High Confidence,,,
PO1000020035,Usine d'Ekondo Titi (Lobe estate),UNKNOWN,Pamol Plantations,PAMOL,,,Not RSPO Certified,,30/10/2025,4.601771,9.076882,CMR,Cameroon,Ndian,Ekundo-Titi,2-High Confidence,,,
PO1000020036,Usine de Mundemba (Ndian estate) / Bulu Oil Mill,UNKNOWN,Pamol Plantations,PAMOL,,,Not RSPO Certified,,30/10/2025,4.931667,8.859079,CMR,Cameroon,Ndian,Ikasa,2-High Confidence,,,
PO1000020037,LNPI,KONNEX INVESTMENTS LIMITED ,,LIBERIA NATURAL PRODUCE INCORPORATED,Liberia Natural Produce Incorporated (LNPI),,Not RSPO Certified,,30/10/2025,5.253297,-9.168017,LBR,Liberia,Butau,Tabogowia,2-High Confidence,,,
PO1000020038,AWAN ALAM ANUGRA,UNKNOWN,,AWAN ALAM ANUGRA,,,Not RSPO Certified,,30/10/2025,4.033700,98.235800,IDN,Indonesia,Sumatera Utara,Langkat,2-High Confidence,,,
PO1000020039,SEJAHTERA TANI DAMAI,UNKNOWN,,SEJAHTERA TANI DAMAI,,,Not RSPO Certified,,30/10/2025,-3.550560,114.815710,IDN,Indonesia,Kalimantan Selatan,Tanah Laut,2-High Confidence,,,
PO1000020040,BAKTI EMAS SURYA TERANG,UNKNOWN,,BAKTI EMAS SURYA TERANG,,,Not RSPO Certified,,30/10/2025,-2.251740,112.825700,IDN,Indonesia,Kotawaringin Timur,Kotawaringin Timur,2-High Confidence,,,
PO1000020041,BERKAH ALAM FAJAR MAS,UNKNOWN,,BERKAH ALAM FAJAR MAS,,,Not RSPO Certified,,30/10/2025,-3.151000,113.645000,IDN,Indonesia,Kalimantan Tengah,Pulang Pisau,2-High Confidence,,,
PO1000020042,CITRA AGRO ABADI,UNKNOWN,,CITRA AGRO ABADI,,,Not RSPO Certified,,30/10/2025,-1.773000,113.856000,IDN,Indonesia,Kalimantan Tengah,Pulang Pisau,2-High Confidence,,,
PO1000020043,WANA HIJAU SEMESTA,UNKNOWN,,WANA HIJAU SEMESTA,,,Not RSPO Certified,,30/10/2025,1.515000,109.598000,IDN,Indonesia,Kalimantan Barat,Sambas,2-High Confidence,,,
PO1000020044,ISUY MAKMUR,UNKNOWN,,PP LONDON SUMATERA INDONESIA,,,Not RSPO Certified,,30/10/2025,-0.543132,116.044963,IDN,Indonesia,Kalimantan Timur,Kutai Barat,2-High Confidence,,,
PO1000020045,MADINA DUA,UNKNOWN,,SUKSES SAWIT SEJATI,,,Not RSPO Certified,,30/10/2025,0.930798,99.023199,IDN,Indonesia,Sumatera Utara,Mandailing Natal,2-High Confidence,,,
PO1000020046,JHONLIN AGRO RAYA,UNKNOWN,,JHONLIN AGRO RAYA,,,Not RSPO Certified,,30/10/2025,-3.083000,115.781000,IDN,Indonesia,Kalimantan Selatan,Kota Baru,2-High Confidence,,,
PO1000020047,PERSADA SEJAHTERA AGRO MAKMUR,UNKNOWN,,PERSADA SEJAHTERA AGRO MAKMUR,,,Not RSPO Certified,,30/10/2025,-1.381000,113.060000,IDN,Indonesia,Kalimantan Tengah,Katingan,2-High Confidence,,,
PO1000020048,ABDI BORNEO PLANTATIONS,UNKNOWN,,ABDI BORNEO PLANTATIONS,,,Not RSPO Certified,,30/10/2025,2.776000,117.555000,IDN,Indonesia,Kalimantan Timur,Bulungan,2-High Confidence,,,
PO1000020049,PALEM SEGAR LESTARI,UNKNOWN,,PALEM SEGAR LESTARI,,,Not RSPO Certified,,30/10/2025,3.822000,117.613000,IDN,Indonesia,Kalimantan Timur,Nunukan,2-High Confidence,,,
PO1000020050,SUKADANA 6,UNKNOWN,,TUNAS BARU LAMPUNG,,,Not RSPO Certified,,30/10/2025,-5.104000,105.558000,IDN,Indonesia,Lampung,�Lehan,2-High Confidence,,,
PO1000020051,CAHAYA GEMILANG SAWIT,UNKNOWN,,CAHAYA GEMILANG SAWIT,,,Not RSPO Certified,,30/10/2025,0.015835,117.369270,IDN,Indonesia,Kalimantan Timur,Santan Ulu,2-High Confidence,,,
PO1000020052,DOTON PUTRA KANDIS,UNKNOWN,,DOTON PUTRA KANDIS,,,Not RSPO Certified,,30/10/2025,1.011720,101.274820,IDN,Indonesia,Riau,Siak,2-High Confidence,,,
PO1000020053,RAJA PALMA,UNKNOWN,,RAJA PALMA,,,Not RSPO Certified,,30/10/2025,-2.221361,104.526667,IDN,Indonesia,Sumatera Selatan,Banyuasin,1-Fully verified,,,
PO1000020054,RAMBAH SAWIT MANDIRI,UNKNOWN,,RAMBAH SAWIT MANDIRI,,,Not RSPO Certified,,30/10/2025,0.817121,100.436587,IDN,Indonesia,Riau,Rokan Hulu,1-Fully verified,,,
PO1000020055,ANUGERAH MAKMUR JAYA,UNKNOWN,,ANUGERAH MAKMUR JAYA,,,Not RSPO Certified,,30/10/2025,3.321149,99.127838,IDN,Indonesia,Sumatera Utara,Tebing Tinggi,1-Fully verified,,,
PO1000020056,BAGAN MULTI SAWIT,UNKNOWN,,BAGAN MULTI SAWIT,,,Not RSPO Certified,,30/10/2025,1.691920,100.534900,IDN,Indonesia,Riau,Rokan Hilir,1-Fully verified,,,
PO1000020057,MEKAR JAYA SAWIT,UNKNOWN,,MEKAR JAYA SAWIT,,,Not RSPO Certified,,30/10/2025,3.222536,99.272496,IDN,Indonesia,Sumatera Utara,Simalungun,1-Fully verified,,,
PO1000020058,PETAPAHAN MAKMUR JAYA,UNKNOWN,,PETAPAHAN MAKMUR JAYA,,,Not RSPO Certified,,30/10/2025,0.674242,101.050229,IDN,Indonesia,Riau,Kampar,2-High Confidence,,,
PO1000020059,KHURNIA SAWIT JAYA,UNKNOWN,,KHURNIA SAWIT JAYA,,,Not RSPO Certified,,30/10/2025,1.717900,100.218790,IDN,Indonesia,Sumatera Utara,Labuhanbatu Selatan,2-High Confidence,,,
PO1000020060,FLORA NUSA PERDANA,UNKNOWN,,FLORA NUSA PERDANA,,,Not RSPO Certified,,30/10/2025,-1.496089,113.664464,IDN,Indonesia,Kalimantan Tengah,Gunung Mas,1-Fully verified,,,
PO1000020061,SINERGI INTI MAKMUR,UNKNOWN,,SINERGI INTI MAKMUR,,,Not RSPO Certified,,30/10/2025,-0.436194,101.387167,IDN,Indonesia,Riau,Kuantan Singingi,2-High Confidence,,,
PO1000020062,SUBUR BERKAH LESTARI,UNKNOWN,,SUBUR BERKAH LESTARI,,,Not RSPO Certified,,30/10/2025,-0.438660,101.611923,IDN,Indonesia,Riau,Kuantan Singingi,2-High Confidence,,,
PO1000020063,ANUGERAH MAKMUR SEJATI,UNKNOWN,,ANUGERAH MAKMUR SEJATI,,,Not RSPO Certified,,30/10/2025,0.411137,111.902600,IDN,Indonesia,Kalimantan Barat,Kapuas Hulu,3-Low Confidence,,,
PO1000020064,NUSAINA AGRO HUAULU MANISE,UNKNOWN,,NUSAINA AGRO HUAULU MANISE,,,Not RSPO Certified,,30/10/2025,-2.903290,129.799200,IDN,Indonesia,Maluku,Kobi,1-Fully verified,,,
PO1000020065,HENRISON INTI PERSADA 2,UNKNOWN,,HENRISON INTI PERSADA 2,,,Not RSPO Certified,,30/10/2025,-1.971347,116.228798,IDN,Indonesia,Kalimantan Timur,Paser,3-Low Confidence,,,
PO1000020066,PARSUB - BUKIT HARAPAN 1,UNKNOWN,,TORUS GANDA,,,Not RSPO Certified,,30/10/2025,1.472795,100.127200,IDN,Indonesia,Sumatera Utara,Padang Lawas Utara,1-Fully verified,,,
PO1000020067,BERKAT BUMI SAWIT,UNKNOWN,,BERKAT BUMI SAWIT,,,Not RSPO Certified,,30/10/2025,-3.344009,102.114802,IDN,Indonesia,Bengkulu,Bengkulu Utara,2-High Confidence,,,
PO1000020068,MAKMUR PRIMA LESTARI,UNKNOWN,PT Indograha Mandiri,MAKMUR PRIMA LESTARI,,,Not RSPO Certified,,30/10/2025,0.022760,111.016690,IDN,Indonesia,Kalimantan Barat,Sekadau,2-High Confidence,,,
PO1000020069,PALMA LESTARI PUTRA BORNEO,UNKNOWN,,PALMA LESTARI PUTRA BORNEO,,,Not RSPO Certified,,30/10/2025,-1.868278,110.650972,IDN,Indonesia,Kalimantan Barat,Ketapang,2-High Confidence,,,
PO1000020070,PERMAI ALAM RAYA,UNKNOWN,,PERMAI ALAM RAYA,,,Not RSPO Certified,,30/10/2025,0.828556,110.512639,IDN,Indonesia,Kalimantan Barat,Sanggau,2-High Confidence,,,
PO1000020071,SUMATERA PALMA ANDALAN 2,UNKNOWN,,SUMATERA PALMA ANDALAN 2,,,Not RSPO Certified,,30/10/2025,-3.293934,103.281390,IDN,Indonesia,Sumatera Selatan,Musi Rawas,3-Low Confidence,,,
PO1000020078,SINERGI INTEGRITAS AGROINDUSTRI,,,SINERGI INTEGRITAS AGROINDUSTRI,,,Not RSPO Certified,,,1.678564,100.44260,IDN,Indonesia,Riau,Rokan Hilir,,,,
PO1000020081,SAHABAT SEJATI SETIA SELALU,SAHABAT SEJATI SETIA SELALU,,SAHABAT SEJATI SETIA SELALU,,,Not RSPO Certified,,,2.830463,99.466724,IDN,Indonesia,Sumatera Utara,Asahan,,,,
PO1000020083,YPPH PALM OIL MILL SDN BHD,YP PLANTATION HOLDINGS SDN BHD,Yayasan Pahang Plantations Sdn Bhd (YPPH),YP PLANTATION HOLDINGS SDN BHD,,,Not RSPO Certified,,,3.28271,103.37042,MYS,Malaysia,Pahang,Pekan,,,,